#
# There is insufficient memory for the Java Runtime Environment to continue.
# Native memory allocation (malloc) failed to allocate 1527456 bytes. Error detail: Chunk::new
# Possible reasons:
#   The system is out of physical RAM or swap space
#   This process is running with CompressedOops enabled, and the Java Heap may be blocking the growth of the native heap
# Possible solutions:
#   Reduce memory load on the system
#   Increase physical memory or swap space
#   Check if swap backing store is full
#   Decrease Java heap size (-Xmx/-Xms)
#   Decrease number of Java threads
#   Decrease Java thread stack sizes (-Xss)
#   Set larger code cache with -XX:ReservedCodeCacheSize=
#   JVM is running with Zero Based Compressed Oops mode in which the Java heap is
#     placed in the first 32GB address space. The Java Heap base address is the
#     maximum limit for the native heap growth. Please use -XX:HeapBaseMinAddress
#     to set the Java Heap base and to place the Java Heap above 32GB virtual address.
# This output file may be truncated or incomplete.
#
#  Out of Memory Error (arena.cpp:168), pid=18340, tid=20716
#
# JRE version: OpenJDK Runtime Environment (21.0.3) (build 21.0.3+-12282718-b509.11)
# Java VM: OpenJDK 64-Bit Server VM (21.0.3+-12282718-b509.11, mixed mode, tiered, compressed oops, compressed class ptrs, g1 gc, windows-amd64)
# No core dump will be written. Minidumps are not enabled by default on client versions of Windows
#

---------------  S U M M A R Y ------------

Command Line: --add-opens=java.base/java.lang=ALL-UNNAMED --add-opens=java.base/java.lang.invoke=ALL-UNNAMED --add-opens=java.base/java.util=ALL-UNNAMED --add-opens=java.prefs/java.util.prefs=ALL-UNNAMED --add-exports=jdk.compiler/com.sun.tools.javac.api=ALL-UNNAMED --add-exports=jdk.compiler/com.sun.tools.javac.util=ALL-UNNAMED --add-opens=java.base/java.util=ALL-UNNAMED --add-opens=java.prefs/java.util.prefs=ALL-UNNAMED --add-opens=java.base/java.nio.charset=ALL-UNNAMED --add-opens=java.base/java.net=ALL-UNNAMED --add-opens=java.base/java.util.concurrent.atomic=ALL-UNNAMED --add-opens=java.xml/javax.xml.namespace=ALL-UNNAMED -XX:MaxMetaspaceSize=4G -XX:ReservedCodeCacheSize=512m -XX:+HeapDumpOnOutOfMemoryError -Xmx8G -Dfile.encoding=UTF-8 -Duser.country=US -Duser.language=en -Duser.variant -javaagent:C:\Users\WinOS\.gradle\wrapper\dists\gradle-8.14-all\c2qonpi39x1mddn7hk5gh9iqj\gradle-8.14\lib\agents\gradle-instrumentation-agent-8.14.jar org.gradle.launcher.daemon.bootstrap.GradleDaemon 8.14

Host: Intel(R) Core(TM) i5-4278U CPU @ 2.60GHz, 4 cores, 7G,  Windows 11 , 64 bit Build 22621 (10.0.22621.3958)
Time: Sat Jun 27 13:06:38 2026 Greenwich Standard Time elapsed time: 2517.455960 seconds (0d 0h 41m 57s)

---------------  T H R E A D  ---------------

Current thread (0x00000150bdb64760):  JavaThread "C2 CompilerThread0" daemon [_thread_in_native, id=20716, stack(0x000000215c200000,0x000000215c300000) (1024K)]


Current CompileTask:
C2:2517456 60540 %     4       com.android.tools.r8.internal.US::b @ 443 (2119 bytes)

Stack: [0x000000215c200000,0x000000215c300000]
Native frames: (J=compiled Java code, j=interpreted, Vv=VM code, C=native code)
V  [jvm.dll+0x6cafb9]
V  [jvm.dll+0x858523]
V  [jvm.dll+0x85aa7e]
V  [jvm.dll+0x85b163]
V  [jvm.dll+0x27d356]
V  [jvm.dll+0xbf93d]
V  [jvm.dll+0xbfe73]
V  [jvm.dll+0x2f0eb1]
V  [jvm.dll+0x5f5a39]
V  [jvm.dll+0x24fad2]
V  [jvm.dll+0x24fe8f]
V  [jvm.dll+0x248775]
V  [jvm.dll+0x245fce]
V  [jvm.dll+0x1c5804]
V  [jvm.dll+0x25575c]
V  [jvm.dll+0x253c36]
V  [jvm.dll+0x3ec996]
V  [jvm.dll+0x800d78]
V  [jvm.dll+0x6c98cd]
C  [ucrtbase.dll+0x29333]
C  [KERNEL32.DLL+0x1257d]
C  [ntdll.dll+0x5af08]


---------------  P R O C E S S  ---------------

Threads class SMR info:
_java_thread_list=0x00000150e2c41c30, length=108, elements={
0x000001508bf075b0, 0x00000150bdb7f6b0, 0x00000150bdb82f10, 0x00000150bdb5ddb0,
0x00000150bdb5f820, 0x00000150bdb62290, 0x00000150bdb62cf0, 0x00000150bdb64760,
0x00000150bdb6b810, 0x00000150bd720b40, 0x00000150bde53db0, 0x00000150c30243f0,
0x00000150c2c64e30, 0x00000150c3cd9050, 0x00000150c3cd96c0, 0x00000150c36cbe90,
0x00000150bdec0060, 0x00000150c240e540, 0x00000150c3850de0, 0x00000150c384fa30,
0x00000150c384f3a0, 0x00000150c3851b00, 0x00000150c3851470, 0x00000150c38500c0,
0x00000150c384ed10, 0x00000150c5badf50, 0x00000150c5babe80, 0x00000150c5bac510,
0x00000150c5ba9720, 0x00000150c5ba8a00, 0x00000150c5bab7f0, 0x00000150c5ba9090,
0x00000150c5bad230, 0x00000150c5bab160, 0x00000150c5ba7ce0, 0x00000150c5baf300,
0x00000150c5ba9db0, 0x00000150c5baaad0, 0x00000150c3d053e0, 0x00000150c3d01f60,
0x00000150c3d039a0, 0x00000150c3d04030, 0x00000150c3d02c80, 0x00000150c3d04d50,
0x00000150c71865f0, 0x00000150c7185f60, 0x00000150c718b4b0, 0x00000150c71879a0,
0x00000150c718c860, 0x00000150c718cef0, 0x00000150c718d580, 0x00000150c7186c80,
0x00000150c7187310, 0x00000150c71886c0, 0x00000150c7188d50, 0x00000150c71893e0,
0x00000150c7189a70, 0x00000150c718a100, 0x00000150c6c0e1c0, 0x00000150c6c0ba60,
0x00000150c6c0c0f0, 0x00000150c6c07f50, 0x00000150c6c09990, 0x00000150c6c0e850,
0x00000150c6c0a6b0, 0x00000150c6c0d4a0, 0x00000150c6c0eee0, 0x00000150c6c0db30,
0x00000150c6c09300, 0x00000150c646bc50, 0x00000150c646f760, 0x00000150c646a210,
0x00000150c646af30, 0x00000150c64694f0, 0x00000150c646fdf0, 0x00000150c6469b80,
0x00000150c646c2e0, 0x00000150c646a8a0, 0x00000150c7559ef0, 0x00000150c755ac10,
0x00000150c7559860, 0x00000150c755c650, 0x00000150c755bfc0, 0x00000150c75591d0,
0x00000150c76ec930, 0x00000150dca65ce0, 0x00000150dca66a00, 0x00000150dca697f0,
0x00000150dca6aba0, 0x00000150dca6b230, 0x00000150dca67090, 0x00000150dca70e10,
0x00000150dca73570, 0x00000150c76ec2a0, 0x00000150dca71b30, 0x00000150dca72850,
0x00000150d18f3b40, 0x00000150dd0c54e0, 0x00000150db3f4d50, 0x00000150db3f53e0,
0x00000150da5c9530, 0x00000150da5c6740, 0x00000150db9d6c00, 0x00000150dd0ca3a0,
0x00000150dc1f3f40, 0x00000150dbc166c0, 0x00000150dd0c8960, 0x00000150dd0cb750
}

Java Threads: ( => current thread )
  0x000001508bf075b0 JavaThread "main"                              [_thread_blocked, id=16620, stack(0x000000215b200000,0x000000215b300000) (1024K)]
  0x00000150bdb7f6b0 JavaThread "Reference Handler"          daemon [_thread_blocked, id=20900, stack(0x000000215bc00000,0x000000215bd00000) (1024K)]
  0x00000150bdb82f10 JavaThread "Finalizer"                  daemon [_thread_blocked, id=19784, stack(0x000000215bd00000,0x000000215be00000) (1024K)]
  0x00000150bdb5ddb0 JavaThread "Signal Dispatcher"          daemon [_thread_blocked, id=4840, stack(0x000000215be00000,0x000000215bf00000) (1024K)]
  0x00000150bdb5f820 JavaThread "Attach Listener"            daemon [_thread_blocked, id=6952, stack(0x000000215bf00000,0x000000215c000000) (1024K)]
  0x00000150bdb62290 JavaThread "Service Thread"             daemon [_thread_blocked, id=20956, stack(0x000000215c000000,0x000000215c100000) (1024K)]
  0x00000150bdb62cf0 JavaThread "Monitor Deflation Thread"   daemon [_thread_blocked, id=21160, stack(0x000000215c100000,0x000000215c200000) (1024K)]
=>0x00000150bdb64760 JavaThread "C2 CompilerThread0"         daemon [_thread_in_native, id=20716, stack(0x000000215c200000,0x000000215c300000) (1024K)]
  0x00000150bdb6b810 JavaThread "C1 CompilerThread0"         daemon [_thread_blocked, id=5632, stack(0x000000215c300000,0x000000215c400000) (1024K)]
  0x00000150bd720b40 JavaThread "Common-Cleaner"             daemon [_thread_blocked, id=13360, stack(0x000000215c400000,0x000000215c500000) (1024K)]
  0x00000150bde53db0 JavaThread "Notification Thread"        daemon [_thread_blocked, id=21024, stack(0x000000215c500000,0x000000215c600000) (1024K)]
  0x00000150c30243f0 JavaThread "Daemon health stats"               [_thread_blocked, id=21092, stack(0x000000215c900000,0x000000215ca00000) (1024K)]
  0x00000150c2c64e30 JavaThread "Incoming local TCP Connector on port 64778"        [_thread_in_native, id=21120, stack(0x000000215ca00000,0x000000215cb00000) (1024K)]
  0x00000150c3cd9050 JavaThread "Daemon periodic checks"            [_thread_blocked, id=1816, stack(0x000000215cb00000,0x000000215cc00000) (1024K)]
  0x00000150c3cd96c0 JavaThread "Daemon"                            [_thread_blocked, id=20936, stack(0x000000215cc00000,0x000000215cd00000) (1024K)]
  0x00000150c36cbe90 JavaThread "Handler for socket connection from /127.0.0.1:64778 to /127.0.0.1:64779"        [_thread_in_native, id=14720, stack(0x000000215cd00000,0x000000215ce00000) (1024K)]
  0x00000150bdec0060 JavaThread "Cancel handler"                    [_thread_blocked, id=12296, stack(0x000000215ce00000,0x000000215cf00000) (1024K)]
  0x00000150c240e540 JavaThread "Daemon worker"                     [_thread_blocked, id=15088, stack(0x000000215cf00000,0x000000215d000000) (1024K)]
  0x00000150c3850de0 JavaThread "Asynchronous log dispatcher for DefaultDaemonConnection: socket connection from /127.0.0.1:64778 to /127.0.0.1:64779"        [_thread_blocked, id=20156, stack(0x000000215d000000,0x000000215d100000) (1024K)]
  0x00000150c384fa30 JavaThread "Stdin handler"                     [_thread_blocked, id=9108, stack(0x000000215d100000,0x000000215d200000) (1024K)]
  0x00000150c384f3a0 JavaThread "Daemon client event forwarder"        [_thread_blocked, id=20980, stack(0x000000215d200000,0x000000215d300000) (1024K)]
  0x00000150c3851b00 JavaThread "Cache worker for journal cache (C:\Users\WinOS\.gradle\caches\journal-1)"        [_thread_blocked, id=15712, stack(0x000000215d300000,0x000000215d400000) (1024K)]
  0x00000150c3851470 JavaThread "File lock request listener"        [_thread_in_native, id=9908, stack(0x000000215d400000,0x000000215d500000) (1024K)]
  0x00000150c38500c0 JavaThread "Cache worker for file hash cache (C:\Users\WinOS\.gradle\caches\8.14\fileHashes)"        [_thread_blocked, id=19716, stack(0x000000215d500000,0x000000215d600000) (1024K)]
  0x00000150c384ed10 JavaThread "Cache worker for file hash cache (C:\Users\WinOS\final year\navguide\android\.gradle\8.14\fileHashes)"        [_thread_blocked, id=20556, stack(0x000000215d800000,0x000000215d900000) (1024K)]
  0x00000150c5badf50 JavaThread "Cache worker for Build Output Cleanup Cache (C:\Users\WinOS\final year\navguide\android\.gradle\buildOutputCleanup)"        [_thread_blocked, id=21012, stack(0x000000215d900000,0x000000215da00000) (1024K)]
  0x00000150c5babe80 JavaThread "File watcher server"        daemon [_thread_in_native, id=20860, stack(0x000000215d700000,0x000000215d800000) (1024K)]
  0x00000150c5bac510 JavaThread "File watcher consumer"      daemon [_thread_blocked, id=17608, stack(0x000000215da00000,0x000000215db00000) (1024K)]
  0x00000150c5ba9720 JavaThread "Cache worker for checksums cache (C:\Users\WinOS\final year\navguide\android\.gradle\8.14\checksums)"        [_thread_blocked, id=14200, stack(0x000000215db00000,0x000000215dc00000) (1024K)]
  0x00000150c5ba8a00 JavaThread "Cache worker for file content cache (C:\Users\WinOS\.gradle\caches\8.14\fileContent)"        [_thread_blocked, id=17440, stack(0x000000215dc00000,0x000000215dd00000) (1024K)]
  0x00000150c5bab7f0 JavaThread "Cache worker for cache directory md-supplier (C:\Users\WinOS\.gradle\caches\8.14\md-supplier)"        [_thread_blocked, id=14024, stack(0x000000215dd00000,0x000000215de00000) (1024K)]
  0x00000150c5ba9090 JavaThread "Cache worker for cache directory md-rule (C:\Users\WinOS\.gradle\caches\8.14\md-rule)"        [_thread_blocked, id=20708, stack(0x000000215de00000,0x000000215df00000) (1024K)]
  0x00000150c5bad230 JavaThread "Cache worker for Build Output Cleanup Cache (C:\Users\WinOS\dev\flutter\packages\flutter_tools\gradle\.gradle\buildOutputCleanup)"        [_thread_blocked, id=20004, stack(0x000000215df00000,0x000000215e000000) (1024K)]
  0x00000150c5bab160 JavaThread "Unconstrained build operations"        [_thread_blocked, id=15132, stack(0x000000215e000000,0x000000215e100000) (1024K)]
  0x00000150c5ba7ce0 JavaThread "Unconstrained build operations Thread 2"        [_thread_blocked, id=5492, stack(0x000000215e100000,0x000000215e200000) (1024K)]
  0x00000150c5baf300 JavaThread "Unconstrained build operations Thread 3"        [_thread_blocked, id=19480, stack(0x000000215e200000,0x000000215e300000) (1024K)]
  0x00000150c5ba9db0 JavaThread "Unconstrained build operations Thread 4"        [_thread_blocked, id=12420, stack(0x000000215e300000,0x000000215e400000) (1024K)]
  0x00000150c5baaad0 JavaThread "Unconstrained build operations Thread 5"        [_thread_blocked, id=11820, stack(0x000000215e400000,0x000000215e500000) (1024K)]
  0x00000150c3d053e0 JavaThread "Unconstrained build operations Thread 6"        [_thread_blocked, id=8296, stack(0x000000215e500000,0x000000215e600000) (1024K)]
  0x00000150c3d01f60 JavaThread "Unconstrained build operations Thread 7"        [_thread_blocked, id=12444, stack(0x000000215e600000,0x000000215e700000) (1024K)]
  0x00000150c3d039a0 JavaThread "Unconstrained build operations Thread 8"        [_thread_blocked, id=14532, stack(0x000000215e700000,0x000000215e800000) (1024K)]
  0x00000150c3d04030 JavaThread "Unconstrained build operations Thread 9"        [_thread_blocked, id=16188, stack(0x000000215e800000,0x000000215e900000) (1024K)]
  0x00000150c3d02c80 JavaThread "Memory manager"                    [_thread_blocked, id=11484, stack(0x000000215e900000,0x000000215ea00000) (1024K)]
  0x00000150c3d04d50 JavaThread "build event listener"              [_thread_blocked, id=12888, stack(0x000000215ea00000,0x000000215eb00000) (1024K)]
  0x00000150c71865f0 JavaThread "Execution worker"                  [_thread_in_Java, id=16612, stack(0x000000215ed00000,0x000000215ee00000) (1024K)]
  0x00000150c7185f60 JavaThread "Execution worker Thread 2"         [_thread_blocked, id=20904, stack(0x000000215ee00000,0x000000215ef00000) (1024K)]
  0x00000150c718b4b0 JavaThread "Execution worker Thread 3"         [_thread_in_native, id=20272, stack(0x000000215ef00000,0x000000215f000000) (1024K)]
  0x00000150c71879a0 JavaThread "Cache worker for execution history cache (C:\Users\WinOS\dev\flutter\packages\flutter_tools\gradle\.gradle\8.14\executionHistory)"        [_thread_blocked, id=16076, stack(0x000000215f000000,0x000000215f100000) (1024K)]
  0x00000150c718c860 JavaThread "Unconstrained build operations Thread 10"        [_thread_blocked, id=20924, stack(0x000000215eb00000,0x000000215ec00000) (1024K)]
  0x00000150c718cef0 JavaThread "Unconstrained build operations Thread 11"        [_thread_blocked, id=12764, stack(0x000000215f100000,0x000000215f200000) (1024K)]
  0x00000150c718d580 JavaThread "Unconstrained build operations Thread 12"        [_thread_blocked, id=12248, stack(0x000000215f200000,0x000000215f300000) (1024K)]
  0x00000150c7186c80 JavaThread "Unconstrained build operations Thread 13"        [_thread_blocked, id=20404, stack(0x000000215f300000,0x000000215f400000) (1024K)]
  0x00000150c7187310 JavaThread "Unconstrained build operations Thread 14"        [_thread_blocked, id=12484, stack(0x000000215f400000,0x000000215f500000) (1024K)]
  0x00000150c71886c0 JavaThread "Unconstrained build operations Thread 15"        [_thread_blocked, id=16392, stack(0x000000215f500000,0x000000215f600000) (1024K)]
  0x00000150c7188d50 JavaThread "Unconstrained build operations Thread 16"        [_thread_blocked, id=19212, stack(0x000000215f600000,0x000000215f700000) (1024K)]
  0x00000150c71893e0 JavaThread "Unconstrained build operations Thread 17"        [_thread_blocked, id=20760, stack(0x000000215f700000,0x000000215f800000) (1024K)]
  0x00000150c7189a70 JavaThread "Unconstrained build operations Thread 18"        [_thread_blocked, id=20744, stack(0x000000215f800000,0x000000215f900000) (1024K)]
  0x00000150c718a100 JavaThread "Unconstrained build operations Thread 19"        [_thread_blocked, id=2264, stack(0x000000215f900000,0x000000215fa00000) (1024K)]
  0x00000150c6c0e1c0 JavaThread "Unconstrained build operations Thread 20"        [_thread_blocked, id=17044, stack(0x000000215fa00000,0x000000215fb00000) (1024K)]
  0x00000150c6c0ba60 JavaThread "Unconstrained build operations Thread 21"        [_thread_blocked, id=14988, stack(0x000000215fb00000,0x000000215fc00000) (1024K)]
  0x00000150c6c0c0f0 JavaThread "Unconstrained build operations Thread 22"        [_thread_blocked, id=18352, stack(0x000000215fc00000,0x000000215fd00000) (1024K)]
  0x00000150c6c07f50 JavaThread "Unconstrained build operations Thread 23"        [_thread_blocked, id=7028, stack(0x000000215fd00000,0x000000215fe00000) (1024K)]
  0x00000150c6c09990 JavaThread "Unconstrained build operations Thread 24"        [_thread_blocked, id=9568, stack(0x000000215fe00000,0x000000215ff00000) (1024K)]
  0x00000150c6c0e850 JavaThread "Unconstrained build operations Thread 25"        [_thread_blocked, id=19420, stack(0x000000215ff00000,0x0000002160000000) (1024K)]
  0x00000150c6c0a6b0 JavaThread "Unconstrained build operations Thread 26"        [_thread_blocked, id=124, stack(0x0000002160000000,0x0000002160100000) (1024K)]
  0x00000150c6c0d4a0 JavaThread "Unconstrained build operations Thread 27"        [_thread_in_Java, id=17156, stack(0x0000002160100000,0x0000002160200000) (1024K)]
  0x00000150c6c0eee0 JavaThread "Unconstrained build operations Thread 28"        [_thread_blocked, id=14900, stack(0x0000002160200000,0x0000002160300000) (1024K)]
  0x00000150c6c0db30 JavaThread "Unconstrained build operations Thread 29"        [_thread_blocked, id=5280, stack(0x0000002160300000,0x0000002160400000) (1024K)]
  0x00000150c6c09300 JavaThread "build event listener"              [_thread_blocked, id=12052, stack(0x000000215b100000,0x000000215b200000) (1024K)]
  0x00000150c646bc50 JavaThread "jar transforms"                    [_thread_blocked, id=1516, stack(0x000000215b300000,0x000000215b400000) (1024K)]
  0x00000150c646f760 JavaThread "Unconstrained build operations Thread 30"        [_thread_blocked, id=21248, stack(0x0000002160400000,0x0000002160500000) (1024K)]
  0x00000150c646a210 JavaThread "Unconstrained build operations Thread 31"        [_thread_blocked, id=21460, stack(0x0000002160500000,0x0000002160600000) (1024K)]
  0x00000150c646af30 JavaThread "Unconstrained build operations Thread 32"        [_thread_blocked, id=7164, stack(0x0000002160600000,0x0000002160700000) (1024K)]
  0x00000150c64694f0 JavaThread "Unconstrained build operations Thread 33"        [_thread_blocked, id=20988, stack(0x0000002160700000,0x0000002160800000) (1024K)]
  0x00000150c646fdf0 JavaThread "Unconstrained build operations Thread 34"        [_thread_blocked, id=20752, stack(0x0000002160800000,0x0000002160900000) (1024K)]
  0x00000150c6469b80 JavaThread "Unconstrained build operations Thread 35"        [_thread_blocked, id=17172, stack(0x0000002160900000,0x0000002160a00000) (1024K)]
  0x00000150c646c2e0 JavaThread "Unconstrained build operations Thread 36"        [_thread_blocked, id=10904, stack(0x0000002160a00000,0x0000002160b00000) (1024K)]
  0x00000150c646a8a0 JavaThread "Unconstrained build operations Thread 37"        [_thread_blocked, id=13652, stack(0x0000002160b00000,0x0000002160c00000) (1024K)]
  0x00000150c7559ef0 JavaThread "Unconstrained build operations Thread 38"        [_thread_blocked, id=1716, stack(0x0000002160c00000,0x0000002160d00000) (1024K)]
  0x00000150c755ac10 JavaThread "jar transforms Thread 2"           [_thread_blocked, id=5316, stack(0x0000002160d00000,0x0000002160e00000) (1024K)]
  0x00000150c7559860 JavaThread "Problems report writer"            [_thread_blocked, id=12080, stack(0x0000002160e00000,0x0000002160f00000) (1024K)]
  0x00000150c755c650 JavaThread "jar transforms Thread 3"           [_thread_blocked, id=17412, stack(0x0000002160f00000,0x0000002161000000) (1024K)]
  0x00000150c755bfc0 JavaThread "jar transforms Thread 4"           [_thread_blocked, id=21352, stack(0x0000002161000000,0x0000002161100000) (1024K)]
  0x00000150c75591d0 JavaThread "Unconstrained build operations Thread 39"        [_thread_blocked, id=20796, stack(0x0000002161100000,0x0000002161200000) (1024K)]
  0x00000150c76ec930 JavaThread "Unconstrained build operations Thread 40"        [_thread_blocked, id=20852, stack(0x0000002161200000,0x0000002161300000) (1024K)]
  0x00000150dca65ce0 JavaThread "pool-3-thread-1"                   [_thread_blocked, id=13484, stack(0x000000215ec00000,0x000000215ed00000) (1024K)]
  0x00000150dca66a00 JavaThread "build event listener"              [_thread_blocked, id=2684, stack(0x0000002161300000,0x0000002161400000) (1024K)]
  0x00000150dca697f0 JavaThread "included builds Thread 2"          [_thread_blocked, id=20928, stack(0x0000002161400000,0x0000002161500000) (1024K)]
  0x00000150dca6aba0 JavaThread "Cache worker for execution history cache (C:\Users\WinOS\final year\navguide\android\.gradle\8.14\executionHistory)"        [_thread_blocked, id=16096, stack(0x0000002161500000,0x0000002161600000) (1024K)]
  0x00000150dca6b230 JavaThread "WorkerExecutor Queue"              [_thread_blocked, id=7312, stack(0x0000002161600000,0x0000002161700000) (1024K)]
  0x00000150dca67090 JavaThread "WorkerExecutor Queue Thread 3"        [_thread_blocked, id=19756, stack(0x0000002161800000,0x0000002161900000) (1024K)]
  0x00000150dca70e10 JavaThread "WorkerExecutor Queue Thread 5"        [_thread_blocked, id=14700, stack(0x0000002161a00000,0x0000002161b00000) (1024K)]
  0x00000150dca73570 JavaThread "WorkerExecutor Queue Thread 6"        [_thread_in_native, id=13872, stack(0x000000215d600000,0x000000215d700000) (1024K)]
  0x00000150c76ec2a0 JavaThread "Cache worker for Java compile cache (C:\Users\WinOS\.gradle\caches\8.14\javaCompile)"        [_thread_blocked, id=3524, stack(0x0000002161900000,0x0000002161a00000) (1024K)]
  0x00000150dca71b30 JavaThread "Build operations"                  [_thread_blocked, id=19688, stack(0x0000002162400000,0x0000002162500000) (1024K)]
  0x00000150dca72850 JavaThread "Build operations Thread 2"         [_thread_blocked, id=9356, stack(0x0000002162500000,0x0000002162600000) (1024K)]
  0x00000150d18f3b40 JavaThread "Build operations Thread 3"         [_thread_blocked, id=16920, stack(0x0000002162600000,0x0000002162700000) (1024K)]
  0x00000150dd0c54e0 JavaThread "Build operations Thread 4"         [_thread_blocked, id=17104, stack(0x0000002161d00000,0x0000002161e00000) (1024K)]
  0x00000150db3f4d50 JavaThread "RMI Scheduler(0)"           daemon [_thread_blocked, id=3504, stack(0x0000002162800000,0x0000002162900000) (1024K)]
  0x00000150db3f53e0 JavaThread "RMI GC Daemon"              daemon [_thread_blocked, id=17056, stack(0x0000002162a00000,0x0000002162b00000) (1024K)]
  0x00000150da5c9530 JavaThread "RMI TCP Accept-0"           daemon [_thread_in_native, id=18648, stack(0x0000002162b00000,0x0000002162c00000) (1024K)]
  0x00000150da5c6740 JavaThread "RMI Reaper"                        [_thread_blocked, id=13520, stack(0x0000002162c00000,0x0000002162d00000) (1024K)]
  0x00000150db9d6c00 JavaThread "File lock release action executor Thread 11"        [_thread_blocked, id=12844, stack(0x0000002161700000,0x0000002161800000) (1024K)]
  0x00000150dd0ca3a0 JavaThread "RMI RenewClean-[127.0.0.1:17341,org.jetbrains.kotlin.daemon.common.LoopbackNetworkInterface$ClientLoopbackSocketFactory@54ce17ed]" daemon [_thread_blocked, id=20332, stack(0x0000002161b00000,0x0000002161c00000) (1024K)]
  0x00000150dc1f3f40 JavaThread "RMI TCP Connection(9)-127.0.0.1" daemon [_thread_in_native, id=20696, stack(0x0000002161c00000,0x0000002161d00000) (1024K)]
  0x00000150dbc166c0 JavaThread "C2 CompilerThread1"         daemon [_thread_in_native, id=20996, stack(0x0000002161e00000,0x0000002161f00000) (1024K)]
  0x00000150dd0c8960 JavaThread "RMI TCP Connection(10)-127.0.0.1" daemon [_thread_in_native, id=20496, stack(0x0000002161f00000,0x0000002162000000) (1024K)]
  0x00000150dd0cb750 JavaThread "RMI TCP Connection(11)-127.0.0.1" daemon [_thread_in_native, id=15040, stack(0x0000002162000000,0x0000002162100000) (1024K)]
Total: 108

Other Threads:
  0x00000150bd787b30 VMThread "VM Thread"                           [id=17796, stack(0x000000215bb00000,0x000000215bc00000) (1024K)]
  0x00000150bd71fd80 WatcherThread "VM Periodic Task Thread"        [id=17236, stack(0x000000215b900000,0x000000215ba00000) (1024K)]
  0x000001508e1fb960 WorkerThread "GC Thread#0"                     [id=20468, stack(0x000000215b400000,0x000000215b500000) (1024K)]
  0x00000150c219c770 WorkerThread "GC Thread#1"                     [id=12528, stack(0x000000215c600000,0x000000215c700000) (1024K)]
  0x00000150c219cb10 WorkerThread "GC Thread#2"                     [id=18836, stack(0x000000215c700000,0x000000215c800000) (1024K)]
  0x00000150c2f19f40 WorkerThread "GC Thread#3"                     [id=6908, stack(0x000000215c800000,0x000000215c900000) (1024K)]
  0x000001508bfcdfe0 ConcurrentGCThread "G1 Main Marker"            [id=14468, stack(0x000000215b500000,0x000000215b600000) (1024K)]
  0x000001508bfceae0 WorkerThread "G1 Conc#0"                       [id=18784, stack(0x000000215b600000,0x000000215b700000) (1024K)]
  0x00000150bd5f5e80 ConcurrentGCThread "G1 Refine#0"               [id=16900, stack(0x000000215b700000,0x000000215b800000) (1024K)]
  0x00000150bd5f69f0 ConcurrentGCThread "G1 Service"                [id=11628, stack(0x000000215b800000,0x000000215b900000) (1024K)]
Total: 10

Threads with active compile tasks:
C2 CompilerThread0  2517546 60540 %     4       com.android.tools.r8.internal.US::b @ 443 (2119 bytes)
C2 CompilerThread1  2517546 60553 %     4       com.android.tools.r8.internal.Rn::b @ 454 (3604 bytes)
Total: 2

VM state: not at safepoint (normal execution)

VM Mutex/Monitor currently owned by a thread: None

Heap address: 0x0000000600000000, size: 8192 MB, Compressed Oops mode: Zero based, Oop shift amount: 3

CDS archive(s) not mapped
Compressed class space mapped at: 0x0000000800000000-0x0000000840000000, reserved size: 1073741824
Narrow klass base: 0x0000000800000000, Narrow klass shift: 0, Narrow klass range: 0x40000000

GC Precious Log:
 CardTable entry size: 512
 Card Set container configuration: InlinePtr #cards 4 size 8 Array Of Cards #cards 32 size 80 Howl #buckets 8 coarsen threshold 7372 Howl Bitmap #cards 1024 size 144 coarsen threshold 921 Card regions per heap region 1 cards per card region 8192
 CPUs: 4 total, 4 available
 Memory: 8100M
 Large Page Support: Disabled
 NUMA Support: Disabled
 Compressed Oops: Enabled (Zero based)
 Heap Region Size: 4M
 Heap Min Capacity: 8M
 Heap Initial Capacity: 128M
 Heap Max Capacity: 8G
 Pre-touch: Disabled
 Parallel Workers: 4
 Concurrent Workers: 1
 Concurrent Refinement Workers: 4
 Periodic GC: Disabled

Heap:
 garbage-first heap   total 1503232K, used 1043861K [0x0000000600000000, 0x0000000800000000)
  region size 4096K, 138 young (565248K), 1 survivors (4096K)
 Metaspace       used 282160K, committed 285696K, reserved 1310720K
  class space    used 34793K, committed 36416K, reserved 1048576K

Heap Regions: E=young(eden), S=young(survivor), O=old, HS=humongous(starts), HC=humongous(continues), CS=collection set, F=free, TAMS=top-at-mark-start, PB=parsable bottom
|   0|0x0000000600000000, 0x0000000600400000, 0x0000000600400000|100%|HS|  |TAMS 0x0000000600000000| PB 0x0000000600000000| Complete 
|   1|0x0000000600400000, 0x0000000600800000, 0x0000000600800000|100%| O|  |TAMS 0x0000000600400000| PB 0x0000000600400000| Untracked 
|   2|0x0000000600800000, 0x0000000600c00000, 0x0000000600c00000|100%| O|  |TAMS 0x0000000600800000| PB 0x0000000600800000| Untracked 
|   3|0x0000000600c00000, 0x0000000601000000, 0x0000000601000000|100%| O|  |TAMS 0x0000000600c00000| PB 0x0000000600c00000| Untracked 
|   4|0x0000000601000000, 0x0000000601400000, 0x0000000601400000|100%| O|  |TAMS 0x0000000601000000| PB 0x0000000601000000| Untracked 
|   5|0x0000000601400000, 0x0000000601800000, 0x0000000601800000|100%| O|  |TAMS 0x0000000601400000| PB 0x0000000601400000| Untracked 
|   6|0x0000000601800000, 0x0000000601c00000, 0x0000000601c00000|100%| O|  |TAMS 0x0000000601800000| PB 0x0000000601800000| Untracked 
|   7|0x0000000601c00000, 0x0000000602000000, 0x0000000602000000|100%| O|  |TAMS 0x0000000601c00000| PB 0x0000000601c00000| Untracked 
|   8|0x0000000602000000, 0x0000000602400000, 0x0000000602400000|100%| O|  |TAMS 0x0000000602000000| PB 0x0000000602000000| Untracked 
|   9|0x0000000602400000, 0x0000000602800000, 0x0000000602800000|100%| O|  |TAMS 0x0000000602400000| PB 0x0000000602400000| Untracked 
|  10|0x0000000602800000, 0x0000000602c00000, 0x0000000602c00000|100%| O|  |TAMS 0x0000000602800000| PB 0x0000000602800000| Untracked 
|  11|0x0000000602c00000, 0x0000000603000000, 0x0000000603000000|100%| O|  |TAMS 0x0000000602c00000| PB 0x0000000602c00000| Untracked 
|  12|0x0000000603000000, 0x0000000603400000, 0x0000000603400000|100%| O|  |TAMS 0x0000000603000000| PB 0x0000000603000000| Untracked 
|  13|0x0000000603400000, 0x0000000603800000, 0x0000000603800000|100%| O|  |TAMS 0x0000000603400000| PB 0x0000000603400000| Untracked 
|  14|0x0000000603800000, 0x0000000603c00000, 0x0000000603c00000|100%| O|  |TAMS 0x0000000603800000| PB 0x0000000603800000| Untracked 
|  15|0x0000000603c00000, 0x0000000604000000, 0x0000000604000000|100%| O|  |TAMS 0x0000000603c00000| PB 0x0000000603c00000| Untracked 
|  16|0x0000000604000000, 0x0000000604400000, 0x0000000604400000|100%| O|  |TAMS 0x0000000604000000| PB 0x0000000604000000| Untracked 
|  17|0x0000000604400000, 0x0000000604800000, 0x0000000604800000|100%| O|  |TAMS 0x0000000604400000| PB 0x0000000604400000| Untracked 
|  18|0x0000000604800000, 0x0000000604c00000, 0x0000000604c00000|100%| O|  |TAMS 0x0000000604800000| PB 0x0000000604800000| Untracked 
|  19|0x0000000604c00000, 0x0000000605000000, 0x0000000605000000|100%| O|  |TAMS 0x0000000604c00000| PB 0x0000000604c00000| Untracked 
|  20|0x0000000605000000, 0x0000000605400000, 0x0000000605400000|100%| O|  |TAMS 0x0000000605000000| PB 0x0000000605000000| Untracked 
|  21|0x0000000605400000, 0x0000000605800000, 0x0000000605800000|100%| O|  |TAMS 0x0000000605400000| PB 0x0000000605400000| Untracked 
|  22|0x0000000605800000, 0x0000000605c00000, 0x0000000605c00000|100%| O|  |TAMS 0x0000000605800000| PB 0x0000000605800000| Untracked 
|  23|0x0000000605c00000, 0x0000000606000000, 0x0000000606000000|100%| O|  |TAMS 0x0000000605c00000| PB 0x0000000605c00000| Untracked 
|  24|0x0000000606000000, 0x0000000606400000, 0x0000000606400000|100%| O|  |TAMS 0x0000000606000000| PB 0x0000000606000000| Untracked 
|  25|0x0000000606400000, 0x0000000606800000, 0x0000000606800000|100%| O|  |TAMS 0x0000000606400000| PB 0x0000000606400000| Untracked 
|  26|0x0000000606800000, 0x0000000606c00000, 0x0000000606c00000|100%|HS|  |TAMS 0x0000000606800000| PB 0x0000000606800000| Complete 
|  27|0x0000000606c00000, 0x0000000607000000, 0x0000000607000000|100%| O|  |TAMS 0x0000000606c00000| PB 0x0000000606c00000| Untracked 
|  28|0x0000000607000000, 0x0000000607400000, 0x0000000607400000|100%| O|  |TAMS 0x0000000607000000| PB 0x0000000607000000| Untracked 
|  29|0x0000000607400000, 0x0000000607800000, 0x0000000607800000|100%| O|  |TAMS 0x0000000607400000| PB 0x0000000607400000| Untracked 
|  30|0x0000000607800000, 0x0000000607c00000, 0x0000000607c00000|100%| O|  |TAMS 0x0000000607800000| PB 0x0000000607800000| Untracked 
|  31|0x0000000607c00000, 0x0000000608000000, 0x0000000608000000|100%| O|  |TAMS 0x0000000607c00000| PB 0x0000000607c00000| Untracked 
|  32|0x0000000608000000, 0x0000000608400000, 0x0000000608400000|100%| O|  |TAMS 0x0000000608000000| PB 0x0000000608000000| Untracked 
|  33|0x0000000608400000, 0x0000000608800000, 0x0000000608800000|100%| O|  |TAMS 0x0000000608400000| PB 0x0000000608400000| Untracked 
|  34|0x0000000608800000, 0x0000000608c00000, 0x0000000608c00000|100%| O|  |TAMS 0x0000000608800000| PB 0x0000000608800000| Untracked 
|  35|0x0000000608c00000, 0x0000000609000000, 0x0000000609000000|100%| O|  |TAMS 0x0000000608c00000| PB 0x0000000608c00000| Untracked 
|  36|0x0000000609000000, 0x0000000609400000, 0x0000000609400000|100%| O|  |TAMS 0x0000000609000000| PB 0x0000000609000000| Untracked 
|  37|0x0000000609400000, 0x0000000609800000, 0x0000000609800000|100%| O|  |TAMS 0x0000000609400000| PB 0x0000000609400000| Untracked 
|  38|0x0000000609800000, 0x0000000609c00000, 0x0000000609c00000|100%| O|  |TAMS 0x0000000609800000| PB 0x0000000609800000| Untracked 
|  39|0x0000000609c00000, 0x000000060a000000, 0x000000060a000000|100%| O|  |TAMS 0x0000000609c00000| PB 0x0000000609c00000| Untracked 
|  40|0x000000060a000000, 0x000000060a400000, 0x000000060a400000|100%| O|  |TAMS 0x000000060a000000| PB 0x000000060a000000| Untracked 
|  41|0x000000060a400000, 0x000000060a800000, 0x000000060a800000|100%| O|  |TAMS 0x000000060a400000| PB 0x000000060a400000| Untracked 
|  42|0x000000060a800000, 0x000000060ac00000, 0x000000060ac00000|100%| O|  |TAMS 0x000000060a800000| PB 0x000000060a800000| Untracked 
|  43|0x000000060ac00000, 0x000000060b000000, 0x000000060b000000|100%| O|  |TAMS 0x000000060ac00000| PB 0x000000060ac00000| Untracked 
|  44|0x000000060b000000, 0x000000060b400000, 0x000000060b400000|100%| O|  |TAMS 0x000000060b000000| PB 0x000000060b000000| Untracked 
|  45|0x000000060b400000, 0x000000060b800000, 0x000000060b800000|100%| O|  |TAMS 0x000000060b400000| PB 0x000000060b400000| Untracked 
|  46|0x000000060b800000, 0x000000060bc00000, 0x000000060bc00000|100%| O|  |TAMS 0x000000060b800000| PB 0x000000060b800000| Untracked 
|  47|0x000000060bc00000, 0x000000060c000000, 0x000000060c000000|100%| O|  |TAMS 0x000000060bc00000| PB 0x000000060bc00000| Untracked 
|  48|0x000000060c000000, 0x000000060c400000, 0x000000060c400000|100%| O|  |TAMS 0x000000060c000000| PB 0x000000060c000000| Untracked 
|  49|0x000000060c400000, 0x000000060c800000, 0x000000060c800000|100%| O|  |TAMS 0x000000060c400000| PB 0x000000060c400000| Untracked 
|  50|0x000000060c800000, 0x000000060cc00000, 0x000000060cc00000|100%| O|  |TAMS 0x000000060c800000| PB 0x000000060c800000| Untracked 
|  51|0x000000060cc00000, 0x000000060d000000, 0x000000060d000000|100%| O|  |TAMS 0x000000060cc00000| PB 0x000000060cc00000| Untracked 
|  52|0x000000060d000000, 0x000000060d400000, 0x000000060d400000|100%| O|  |TAMS 0x000000060d000000| PB 0x000000060d000000| Untracked 
|  53|0x000000060d400000, 0x000000060d800000, 0x000000060d800000|100%| O|  |TAMS 0x000000060d400000| PB 0x000000060d400000| Untracked 
|  54|0x000000060d800000, 0x000000060dc00000, 0x000000060dc00000|100%| O|  |TAMS 0x000000060d800000| PB 0x000000060d800000| Untracked 
|  55|0x000000060dc00000, 0x000000060e000000, 0x000000060e000000|100%| O|  |TAMS 0x000000060dc00000| PB 0x000000060dc00000| Untracked 
|  56|0x000000060e000000, 0x000000060e400000, 0x000000060e400000|100%| O|  |TAMS 0x000000060e000000| PB 0x000000060e000000| Untracked 
|  57|0x000000060e400000, 0x000000060e800000, 0x000000060e800000|100%| O|  |TAMS 0x000000060e400000| PB 0x000000060e400000| Untracked 
|  58|0x000000060e800000, 0x000000060ec00000, 0x000000060ec00000|100%| O|  |TAMS 0x000000060e800000| PB 0x000000060e800000| Untracked 
|  59|0x000000060ec00000, 0x000000060f000000, 0x000000060f000000|100%| O|  |TAMS 0x000000060ec00000| PB 0x000000060ec00000| Untracked 
|  60|0x000000060f000000, 0x000000060f400000, 0x000000060f400000|100%| O|  |TAMS 0x000000060f000000| PB 0x000000060f000000| Untracked 
|  61|0x000000060f400000, 0x000000060f800000, 0x000000060f800000|100%| O|  |TAMS 0x000000060f400000| PB 0x000000060f400000| Untracked 
|  62|0x000000060f800000, 0x000000060fc00000, 0x000000060fc00000|100%| O|  |TAMS 0x000000060f800000| PB 0x000000060f800000| Untracked 
|  63|0x000000060fc00000, 0x0000000610000000, 0x0000000610000000|100%| O|  |TAMS 0x000000060fc00000| PB 0x000000060fc00000| Untracked 
|  64|0x0000000610000000, 0x0000000610400000, 0x0000000610400000|100%| O|  |TAMS 0x0000000610000000| PB 0x0000000610000000| Untracked 
|  65|0x0000000610400000, 0x0000000610800000, 0x0000000610800000|100%| O|  |TAMS 0x0000000610400000| PB 0x0000000610400000| Untracked 
|  66|0x0000000610800000, 0x0000000610c00000, 0x0000000610c00000|100%| O|  |TAMS 0x0000000610800000| PB 0x0000000610800000| Untracked 
|  67|0x0000000610c00000, 0x0000000611000000, 0x0000000611000000|100%| O|  |TAMS 0x0000000610c00000| PB 0x0000000610c00000| Untracked 
|  68|0x0000000611000000, 0x0000000611400000, 0x0000000611400000|100%| O|  |TAMS 0x0000000611000000| PB 0x0000000611000000| Untracked 
|  69|0x0000000611400000, 0x0000000611800000, 0x0000000611800000|100%| O|  |TAMS 0x0000000611400000| PB 0x0000000611400000| Untracked 
|  70|0x0000000611800000, 0x0000000611c00000, 0x0000000611c00000|100%| O|  |TAMS 0x0000000611800000| PB 0x0000000611800000| Untracked 
|  71|0x0000000611c00000, 0x0000000612000000, 0x0000000612000000|100%| O|  |TAMS 0x0000000611c00000| PB 0x0000000611c00000| Untracked 
|  72|0x0000000612000000, 0x0000000612400000, 0x0000000612400000|100%| O|  |TAMS 0x0000000612000000| PB 0x0000000612000000| Untracked 
|  73|0x0000000612400000, 0x0000000612800000, 0x0000000612800000|100%| O|  |TAMS 0x0000000612400000| PB 0x0000000612400000| Untracked 
|  74|0x0000000612800000, 0x0000000612c00000, 0x0000000612c00000|100%| O|  |TAMS 0x0000000612800000| PB 0x0000000612800000| Untracked 
|  75|0x0000000612c00000, 0x0000000613000000, 0x0000000613000000|100%| O|  |TAMS 0x0000000612c00000| PB 0x0000000612c00000| Untracked 
|  76|0x0000000613000000, 0x0000000613400000, 0x0000000613400000|100%| O|  |TAMS 0x0000000613000000| PB 0x0000000613000000| Untracked 
|  77|0x0000000613400000, 0x0000000613800000, 0x0000000613800000|100%| O|  |TAMS 0x0000000613400000| PB 0x0000000613400000| Untracked 
|  78|0x0000000613800000, 0x0000000613c00000, 0x0000000613c00000|100%| O|  |TAMS 0x0000000613800000| PB 0x0000000613800000| Untracked 
|  79|0x0000000613c00000, 0x0000000614000000, 0x0000000614000000|100%| O|  |TAMS 0x0000000613c00000| PB 0x0000000613c00000| Untracked 
|  80|0x0000000614000000, 0x0000000614400000, 0x0000000614400000|100%| O|  |TAMS 0x0000000614000000| PB 0x0000000614000000| Untracked 
|  81|0x0000000614400000, 0x0000000614800000, 0x0000000614800000|100%| O|  |TAMS 0x0000000614400000| PB 0x0000000614400000| Untracked 
|  82|0x0000000614800000, 0x0000000614c00000, 0x0000000614c00000|100%| O|  |TAMS 0x0000000614800000| PB 0x0000000614800000| Untracked 
|  83|0x0000000614c00000, 0x0000000615000000, 0x0000000615000000|100%| O|  |TAMS 0x0000000614c00000| PB 0x0000000614c00000| Untracked 
|  84|0x0000000615000000, 0x0000000615400000, 0x0000000615400000|100%| O|  |TAMS 0x0000000615000000| PB 0x0000000615000000| Untracked 
|  85|0x0000000615400000, 0x0000000615800000, 0x0000000615800000|100%| O|  |TAMS 0x0000000615400000| PB 0x0000000615400000| Untracked 
|  86|0x0000000615800000, 0x0000000615c00000, 0x0000000615c00000|100%| O|  |TAMS 0x0000000615800000| PB 0x0000000615800000| Untracked 
|  87|0x0000000615c00000, 0x0000000616000000, 0x0000000616000000|100%| O|  |TAMS 0x0000000615c00000| PB 0x0000000615c00000| Untracked 
|  88|0x0000000616000000, 0x0000000616400000, 0x0000000616400000|100%| O|  |TAMS 0x0000000616000000| PB 0x0000000616000000| Untracked 
|  89|0x0000000616400000, 0x0000000616800000, 0x0000000616800000|100%|HS|  |TAMS 0x0000000616400000| PB 0x0000000616400000| Complete 
|  90|0x0000000616800000, 0x0000000616c00000, 0x0000000616c00000|100%| O|  |TAMS 0x0000000616800000| PB 0x0000000616800000| Untracked 
|  91|0x0000000616c00000, 0x0000000617000000, 0x0000000617000000|100%| O|  |TAMS 0x0000000616c00000| PB 0x0000000616c00000| Untracked 
|  92|0x0000000617000000, 0x0000000617400000, 0x0000000617400000|100%| O|  |TAMS 0x0000000617000000| PB 0x0000000617000000| Untracked 
|  93|0x0000000617400000, 0x0000000617800000, 0x0000000617800000|100%| O|  |TAMS 0x0000000617400000| PB 0x0000000617400000| Untracked 
|  94|0x0000000617800000, 0x0000000617c00000, 0x0000000617c00000|100%| O|  |TAMS 0x0000000617800000| PB 0x0000000617800000| Untracked 
|  95|0x0000000617c00000, 0x0000000618000000, 0x0000000618000000|100%| O|  |TAMS 0x0000000617c00000| PB 0x0000000617c00000| Untracked 
|  96|0x0000000618000000, 0x0000000618400000, 0x0000000618400000|100%| O|  |TAMS 0x0000000618000000| PB 0x0000000618000000| Untracked 
|  97|0x0000000618400000, 0x0000000618800000, 0x0000000618800000|100%| O|  |TAMS 0x0000000618400000| PB 0x0000000618400000| Untracked 
|  98|0x0000000618800000, 0x0000000618c00000, 0x0000000618c00000|100%| O|  |TAMS 0x0000000618800000| PB 0x0000000618800000| Untracked 
|  99|0x0000000618c00000, 0x0000000619000000, 0x0000000619000000|100%| O|  |TAMS 0x0000000618c00000| PB 0x0000000618c00000| Untracked 
| 100|0x0000000619000000, 0x0000000619400000, 0x0000000619400000|100%| O|  |TAMS 0x0000000619000000| PB 0x0000000619000000| Untracked 
| 101|0x0000000619400000, 0x0000000619800000, 0x0000000619800000|100%| O|  |TAMS 0x0000000619400000| PB 0x0000000619400000| Untracked 
| 102|0x0000000619800000, 0x0000000619c00000, 0x0000000619c00000|100%| O|  |TAMS 0x0000000619800000| PB 0x0000000619800000| Untracked 
| 103|0x0000000619c00000, 0x000000061a000000, 0x000000061a000000|100%| O|  |TAMS 0x0000000619c00000| PB 0x0000000619c00000| Untracked 
| 104|0x000000061a000000, 0x000000061a400000, 0x000000061a400000|100%| O|  |TAMS 0x000000061a000000| PB 0x000000061a000000| Untracked 
| 105|0x000000061a400000, 0x000000061a800000, 0x000000061a800000|100%| O|  |TAMS 0x000000061a400000| PB 0x000000061a400000| Untracked 
| 106|0x000000061a800000, 0x000000061ac00000, 0x000000061ac00000|100%| O|  |TAMS 0x000000061a800000| PB 0x000000061a800000| Untracked 
| 107|0x000000061ac00000, 0x000000061b000000, 0x000000061b000000|100%| O|  |TAMS 0x000000061ac00000| PB 0x000000061ac00000| Untracked 
| 108|0x000000061b000000, 0x000000061b000000, 0x000000061b400000|  0%| F|  |TAMS 0x000000061b000000| PB 0x000000061b000000| Untracked 
| 109|0x000000061b400000, 0x000000061b800000, 0x000000061b800000|100%| O|  |TAMS 0x000000061b400000| PB 0x000000061b400000| Untracked 
| 110|0x000000061b800000, 0x000000061bc00000, 0x000000061bc00000|100%| O|  |TAMS 0x000000061b800000| PB 0x000000061b800000| Untracked 
| 111|0x000000061bc00000, 0x000000061c000000, 0x000000061c000000|100%| O|  |TAMS 0x000000061bc00000| PB 0x000000061bc00000| Untracked 
| 112|0x000000061c000000, 0x000000061c400000, 0x000000061c400000|100%| O|  |TAMS 0x000000061c000000| PB 0x000000061c000000| Untracked 
| 113|0x000000061c400000, 0x000000061c800000, 0x000000061c800000|100%| O|  |TAMS 0x000000061c400000| PB 0x000000061c400000| Untracked 
| 114|0x000000061c800000, 0x000000061cc00000, 0x000000061cc00000|100%| O|  |TAMS 0x000000061c800000| PB 0x000000061c800000| Untracked 
| 115|0x000000061cc00000, 0x000000061d000000, 0x000000061d000000|100%| O|  |TAMS 0x000000061cc00000| PB 0x000000061cc00000| Untracked 
| 116|0x000000061d000000, 0x000000061d400000, 0x000000061d400000|100%| O|  |TAMS 0x000000061d000000| PB 0x000000061d000000| Untracked 
| 117|0x000000061d400000, 0x000000061d800000, 0x000000061d800000|100%| O|  |TAMS 0x000000061d400000| PB 0x000000061d400000| Untracked 
| 118|0x000000061d800000, 0x000000061dc00000, 0x000000061dc00000|100%| O|  |TAMS 0x000000061d800000| PB 0x000000061d800000| Untracked 
| 119|0x000000061dc00000, 0x000000061dcf4218, 0x000000061e000000| 23%| O|  |TAMS 0x000000061dc00000| PB 0x000000061dc00000| Untracked 
| 120|0x000000061e000000, 0x000000061e000000, 0x000000061e400000|  0%| F|  |TAMS 0x000000061e000000| PB 0x000000061e000000| Untracked 
| 121|0x000000061e400000, 0x000000061e400000, 0x000000061e800000|  0%| F|  |TAMS 0x000000061e400000| PB 0x000000061e400000| Untracked 
| 122|0x000000061e800000, 0x000000061e800000, 0x000000061ec00000|  0%| F|  |TAMS 0x000000061e800000| PB 0x000000061e800000| Untracked 
| 123|0x000000061ec00000, 0x000000061ec00000, 0x000000061f000000|  0%| F|  |TAMS 0x000000061ec00000| PB 0x000000061ec00000| Untracked 
| 124|0x000000061f000000, 0x000000061f000000, 0x000000061f400000|  0%| F|  |TAMS 0x000000061f000000| PB 0x000000061f000000| Untracked 
| 125|0x000000061f400000, 0x000000061f400000, 0x000000061f800000|  0%| F|  |TAMS 0x000000061f400000| PB 0x000000061f400000| Untracked 
| 126|0x000000061f800000, 0x000000061f800000, 0x000000061fc00000|  0%| F|  |TAMS 0x000000061f800000| PB 0x000000061f800000| Untracked 
| 127|0x000000061fc00000, 0x000000061fc00000, 0x0000000620000000|  0%| F|  |TAMS 0x000000061fc00000| PB 0x000000061fc00000| Untracked 
| 128|0x0000000620000000, 0x0000000620000000, 0x0000000620400000|  0%| F|  |TAMS 0x0000000620000000| PB 0x0000000620000000| Untracked 
| 129|0x0000000620400000, 0x0000000620400000, 0x0000000620800000|  0%| F|  |TAMS 0x0000000620400000| PB 0x0000000620400000| Untracked 
| 130|0x0000000620800000, 0x0000000620800000, 0x0000000620c00000|  0%| F|  |TAMS 0x0000000620800000| PB 0x0000000620800000| Untracked 
| 131|0x0000000620c00000, 0x0000000620c00000, 0x0000000621000000|  0%| F|  |TAMS 0x0000000620c00000| PB 0x0000000620c00000| Untracked 
| 132|0x0000000621000000, 0x0000000621000000, 0x0000000621400000|  0%| F|  |TAMS 0x0000000621000000| PB 0x0000000621000000| Untracked 
| 133|0x0000000621400000, 0x0000000621400000, 0x0000000621800000|  0%| F|  |TAMS 0x0000000621400000| PB 0x0000000621400000| Untracked 
| 134|0x0000000621800000, 0x0000000621800000, 0x0000000621c00000|  0%| F|  |TAMS 0x0000000621800000| PB 0x0000000621800000| Untracked 
| 135|0x0000000621c00000, 0x0000000621c00000, 0x0000000622000000|  0%| F|  |TAMS 0x0000000621c00000| PB 0x0000000621c00000| Untracked 
| 136|0x0000000622000000, 0x0000000622000000, 0x0000000622400000|  0%| F|  |TAMS 0x0000000622000000| PB 0x0000000622000000| Untracked 
| 137|0x0000000622400000, 0x0000000622400000, 0x0000000622800000|  0%| F|  |TAMS 0x0000000622400000| PB 0x0000000622400000| Untracked 
| 138|0x0000000622800000, 0x0000000622800000, 0x0000000622c00000|  0%| F|  |TAMS 0x0000000622800000| PB 0x0000000622800000| Untracked 
| 139|0x0000000622c00000, 0x0000000622c00000, 0x0000000623000000|  0%| F|  |TAMS 0x0000000622c00000| PB 0x0000000622c00000| Untracked 
| 140|0x0000000623000000, 0x0000000623000000, 0x0000000623400000|  0%| F|  |TAMS 0x0000000623000000| PB 0x0000000623000000| Untracked 
| 141|0x0000000623400000, 0x0000000623400000, 0x0000000623800000|  0%| F|  |TAMS 0x0000000623400000| PB 0x0000000623400000| Untracked 
| 142|0x0000000623800000, 0x0000000623800000, 0x0000000623c00000|  0%| F|  |TAMS 0x0000000623800000| PB 0x0000000623800000| Untracked 
| 143|0x0000000623c00000, 0x0000000623c00000, 0x0000000624000000|  0%| F|  |TAMS 0x0000000623c00000| PB 0x0000000623c00000| Untracked 
| 144|0x0000000624000000, 0x0000000624000000, 0x0000000624400000|  0%| F|  |TAMS 0x0000000624000000| PB 0x0000000624000000| Untracked 
| 145|0x0000000624400000, 0x0000000624400000, 0x0000000624800000|  0%| F|  |TAMS 0x0000000624400000| PB 0x0000000624400000| Untracked 
| 146|0x0000000624800000, 0x0000000624800000, 0x0000000624c00000|  0%| F|  |TAMS 0x0000000624800000| PB 0x0000000624800000| Untracked 
| 147|0x0000000624c00000, 0x0000000624c00000, 0x0000000625000000|  0%| F|  |TAMS 0x0000000624c00000| PB 0x0000000624c00000| Untracked 
| 148|0x0000000625000000, 0x0000000625000000, 0x0000000625400000|  0%| F|  |TAMS 0x0000000625000000| PB 0x0000000625000000| Untracked 
| 149|0x0000000625400000, 0x0000000625400000, 0x0000000625800000|  0%| F|  |TAMS 0x0000000625400000| PB 0x0000000625400000| Untracked 
| 150|0x0000000625800000, 0x0000000625800000, 0x0000000625c00000|  0%| F|  |TAMS 0x0000000625800000| PB 0x0000000625800000| Untracked 
| 151|0x0000000625c00000, 0x0000000625c00000, 0x0000000626000000|  0%| F|  |TAMS 0x0000000625c00000| PB 0x0000000625c00000| Untracked 
| 152|0x0000000626000000, 0x0000000626000000, 0x0000000626400000|  0%| F|  |TAMS 0x0000000626000000| PB 0x0000000626000000| Untracked 
| 153|0x0000000626400000, 0x0000000626400000, 0x0000000626800000|  0%| F|  |TAMS 0x0000000626400000| PB 0x0000000626400000| Untracked 
| 154|0x0000000626800000, 0x0000000626800000, 0x0000000626c00000|  0%| F|  |TAMS 0x0000000626800000| PB 0x0000000626800000| Untracked 
| 155|0x0000000626c00000, 0x0000000626c00000, 0x0000000627000000|  0%| F|  |TAMS 0x0000000626c00000| PB 0x0000000626c00000| Untracked 
| 156|0x0000000627000000, 0x0000000627000000, 0x0000000627400000|  0%| F|  |TAMS 0x0000000627000000| PB 0x0000000627000000| Untracked 
| 157|0x0000000627400000, 0x0000000627400000, 0x0000000627800000|  0%| F|  |TAMS 0x0000000627400000| PB 0x0000000627400000| Untracked 
| 158|0x0000000627800000, 0x0000000627800000, 0x0000000627c00000|  0%| F|  |TAMS 0x0000000627800000| PB 0x0000000627800000| Untracked 
| 159|0x0000000627c00000, 0x0000000627c00000, 0x0000000628000000|  0%| F|  |TAMS 0x0000000627c00000| PB 0x0000000627c00000| Untracked 
| 160|0x0000000628000000, 0x0000000628000000, 0x0000000628400000|  0%| F|  |TAMS 0x0000000628000000| PB 0x0000000628000000| Untracked 
| 161|0x0000000628400000, 0x0000000628400000, 0x0000000628800000|  0%| F|  |TAMS 0x0000000628400000| PB 0x0000000628400000| Untracked 
| 162|0x0000000628800000, 0x0000000628800000, 0x0000000628c00000|  0%| F|  |TAMS 0x0000000628800000| PB 0x0000000628800000| Untracked 
| 163|0x0000000628c00000, 0x0000000628c00000, 0x0000000629000000|  0%| F|  |TAMS 0x0000000628c00000| PB 0x0000000628c00000| Untracked 
| 164|0x0000000629000000, 0x0000000629000000, 0x0000000629400000|  0%| F|  |TAMS 0x0000000629000000| PB 0x0000000629000000| Untracked 
| 165|0x0000000629400000, 0x0000000629400000, 0x0000000629800000|  0%| F|  |TAMS 0x0000000629400000| PB 0x0000000629400000| Untracked 
| 166|0x0000000629800000, 0x0000000629800000, 0x0000000629c00000|  0%| F|  |TAMS 0x0000000629800000| PB 0x0000000629800000| Untracked 
| 167|0x0000000629c00000, 0x0000000629c00000, 0x000000062a000000|  0%| F|  |TAMS 0x0000000629c00000| PB 0x0000000629c00000| Untracked 
| 168|0x000000062a000000, 0x000000062a000000, 0x000000062a400000|  0%| F|  |TAMS 0x000000062a000000| PB 0x000000062a000000| Untracked 
| 169|0x000000062a400000, 0x000000062a400000, 0x000000062a800000|  0%| F|  |TAMS 0x000000062a400000| PB 0x000000062a400000| Untracked 
| 170|0x000000062a800000, 0x000000062a800000, 0x000000062ac00000|  0%| F|  |TAMS 0x000000062a800000| PB 0x000000062a800000| Untracked 
| 171|0x000000062ac00000, 0x000000062ac00000, 0x000000062b000000|  0%| F|  |TAMS 0x000000062ac00000| PB 0x000000062ac00000| Untracked 
| 172|0x000000062b000000, 0x000000062b000000, 0x000000062b400000|  0%| F|  |TAMS 0x000000062b000000| PB 0x000000062b000000| Untracked 
| 173|0x000000062b400000, 0x000000062b400000, 0x000000062b800000|  0%| F|  |TAMS 0x000000062b400000| PB 0x000000062b400000| Untracked 
| 174|0x000000062b800000, 0x000000062b800000, 0x000000062bc00000|  0%| F|  |TAMS 0x000000062b800000| PB 0x000000062b800000| Untracked 
| 175|0x000000062bc00000, 0x000000062bc00000, 0x000000062c000000|  0%| F|  |TAMS 0x000000062bc00000| PB 0x000000062bc00000| Untracked 
| 176|0x000000062c000000, 0x000000062c000000, 0x000000062c400000|  0%| F|  |TAMS 0x000000062c000000| PB 0x000000062c000000| Untracked 
| 177|0x000000062c400000, 0x000000062c400000, 0x000000062c800000|  0%| F|  |TAMS 0x000000062c400000| PB 0x000000062c400000| Untracked 
| 178|0x000000062c800000, 0x000000062c800000, 0x000000062cc00000|  0%| F|  |TAMS 0x000000062c800000| PB 0x000000062c800000| Untracked 
| 179|0x000000062cc00000, 0x000000062cc00000, 0x000000062d000000|  0%| F|  |TAMS 0x000000062cc00000| PB 0x000000062cc00000| Untracked 
| 180|0x000000062d000000, 0x000000062d000000, 0x000000062d400000|  0%| F|  |TAMS 0x000000062d000000| PB 0x000000062d000000| Untracked 
| 181|0x000000062d400000, 0x000000062d400000, 0x000000062d800000|  0%| F|  |TAMS 0x000000062d400000| PB 0x000000062d400000| Untracked 
| 182|0x000000062d800000, 0x000000062d800000, 0x000000062dc00000|  0%| F|  |TAMS 0x000000062d800000| PB 0x000000062d800000| Untracked 
| 183|0x000000062dc00000, 0x000000062dc00000, 0x000000062e000000|  0%| F|  |TAMS 0x000000062dc00000| PB 0x000000062dc00000| Untracked 
| 184|0x000000062e000000, 0x000000062e000000, 0x000000062e400000|  0%| F|  |TAMS 0x000000062e000000| PB 0x000000062e000000| Untracked 
| 185|0x000000062e400000, 0x000000062e400000, 0x000000062e800000|  0%| F|  |TAMS 0x000000062e400000| PB 0x000000062e400000| Untracked 
| 186|0x000000062e800000, 0x000000062e800000, 0x000000062ec00000|  0%| F|  |TAMS 0x000000062e800000| PB 0x000000062e800000| Untracked 
| 187|0x000000062ec00000, 0x000000062ec00000, 0x000000062f000000|  0%| F|  |TAMS 0x000000062ec00000| PB 0x000000062ec00000| Untracked 
| 188|0x000000062f000000, 0x000000062f000000, 0x000000062f400000|  0%| F|  |TAMS 0x000000062f000000| PB 0x000000062f000000| Untracked 
| 189|0x000000062f400000, 0x000000062f400000, 0x000000062f800000|  0%| F|  |TAMS 0x000000062f400000| PB 0x000000062f400000| Untracked 
| 190|0x000000062f800000, 0x000000062f800000, 0x000000062fc00000|  0%| F|  |TAMS 0x000000062f800000| PB 0x000000062f800000| Untracked 
| 191|0x000000062fc00000, 0x000000062fc00000, 0x0000000630000000|  0%| F|  |TAMS 0x000000062fc00000| PB 0x000000062fc00000| Untracked 
| 192|0x0000000630000000, 0x0000000630000000, 0x0000000630400000|  0%| F|  |TAMS 0x0000000630000000| PB 0x0000000630000000| Untracked 
| 193|0x0000000630400000, 0x0000000630400000, 0x0000000630800000|  0%| F|  |TAMS 0x0000000630400000| PB 0x0000000630400000| Untracked 
| 194|0x0000000630800000, 0x0000000630800000, 0x0000000630c00000|  0%| F|  |TAMS 0x0000000630800000| PB 0x0000000630800000| Untracked 
| 195|0x0000000630c00000, 0x0000000630c00000, 0x0000000631000000|  0%| F|  |TAMS 0x0000000630c00000| PB 0x0000000630c00000| Untracked 
| 196|0x0000000631000000, 0x0000000631000000, 0x0000000631400000|  0%| F|  |TAMS 0x0000000631000000| PB 0x0000000631000000| Untracked 
| 197|0x0000000631400000, 0x0000000631400000, 0x0000000631800000|  0%| F|  |TAMS 0x0000000631400000| PB 0x0000000631400000| Untracked 
| 198|0x0000000631800000, 0x0000000631800000, 0x0000000631c00000|  0%| F|  |TAMS 0x0000000631800000| PB 0x0000000631800000| Untracked 
| 199|0x0000000631c00000, 0x0000000631c00000, 0x0000000632000000|  0%| F|  |TAMS 0x0000000631c00000| PB 0x0000000631c00000| Untracked 
| 200|0x0000000632000000, 0x0000000632000000, 0x0000000632400000|  0%| F|  |TAMS 0x0000000632000000| PB 0x0000000632000000| Untracked 
| 201|0x0000000632400000, 0x0000000632400000, 0x0000000632800000|  0%| F|  |TAMS 0x0000000632400000| PB 0x0000000632400000| Untracked 
| 202|0x0000000632800000, 0x0000000632800000, 0x0000000632c00000|  0%| F|  |TAMS 0x0000000632800000| PB 0x0000000632800000| Untracked 
| 203|0x0000000632c00000, 0x0000000632c00000, 0x0000000633000000|  0%| F|  |TAMS 0x0000000632c00000| PB 0x0000000632c00000| Untracked 
| 204|0x0000000633000000, 0x0000000633000000, 0x0000000633400000|  0%| F|  |TAMS 0x0000000633000000| PB 0x0000000633000000| Untracked 
| 205|0x0000000633400000, 0x0000000633400000, 0x0000000633800000|  0%| F|  |TAMS 0x0000000633400000| PB 0x0000000633400000| Untracked 
| 206|0x0000000633800000, 0x0000000633800000, 0x0000000633c00000|  0%| F|  |TAMS 0x0000000633800000| PB 0x0000000633800000| Untracked 
| 207|0x0000000633c00000, 0x0000000633c00000, 0x0000000634000000|  0%| F|  |TAMS 0x0000000633c00000| PB 0x0000000633c00000| Untracked 
| 208|0x0000000634000000, 0x0000000634000000, 0x0000000634400000|  0%| F|  |TAMS 0x0000000634000000| PB 0x0000000634000000| Untracked 
| 209|0x0000000634400000, 0x0000000634400000, 0x0000000634800000|  0%| F|  |TAMS 0x0000000634400000| PB 0x0000000634400000| Untracked 
| 210|0x0000000634800000, 0x0000000634800000, 0x0000000634c00000|  0%| F|  |TAMS 0x0000000634800000| PB 0x0000000634800000| Untracked 
| 211|0x0000000634c00000, 0x0000000634c00000, 0x0000000635000000|  0%| F|  |TAMS 0x0000000634c00000| PB 0x0000000634c00000| Untracked 
| 212|0x0000000635000000, 0x0000000635000000, 0x0000000635400000|  0%| F|  |TAMS 0x0000000635000000| PB 0x0000000635000000| Untracked 
| 213|0x0000000635400000, 0x0000000635400000, 0x0000000635800000|  0%| F|  |TAMS 0x0000000635400000| PB 0x0000000635400000| Untracked 
| 214|0x0000000635800000, 0x0000000635800000, 0x0000000635c00000|  0%| F|  |TAMS 0x0000000635800000| PB 0x0000000635800000| Untracked 
| 215|0x0000000635c00000, 0x0000000635c00000, 0x0000000636000000|  0%| F|  |TAMS 0x0000000635c00000| PB 0x0000000635c00000| Untracked 
| 216|0x0000000636000000, 0x0000000636000000, 0x0000000636400000|  0%| F|  |TAMS 0x0000000636000000| PB 0x0000000636000000| Untracked 
| 217|0x0000000636400000, 0x0000000636400000, 0x0000000636800000|  0%| F|  |TAMS 0x0000000636400000| PB 0x0000000636400000| Untracked 
| 218|0x0000000636800000, 0x0000000636800000, 0x0000000636c00000|  0%| F|  |TAMS 0x0000000636800000| PB 0x0000000636800000| Untracked 
| 219|0x0000000636c00000, 0x0000000636c00000, 0x0000000637000000|  0%| F|  |TAMS 0x0000000636c00000| PB 0x0000000636c00000| Untracked 
| 220|0x0000000637000000, 0x0000000637000000, 0x0000000637400000|  0%| F|  |TAMS 0x0000000637000000| PB 0x0000000637000000| Untracked 
| 221|0x0000000637400000, 0x0000000637400000, 0x0000000637800000|  0%| F|  |TAMS 0x0000000637400000| PB 0x0000000637400000| Untracked 
| 222|0x0000000637800000, 0x0000000637800000, 0x0000000637c00000|  0%| F|  |TAMS 0x0000000637800000| PB 0x0000000637800000| Untracked 
| 223|0x0000000637c00000, 0x0000000637c00000, 0x0000000638000000|  0%| F|  |TAMS 0x0000000637c00000| PB 0x0000000637c00000| Untracked 
| 224|0x0000000638000000, 0x0000000638000000, 0x0000000638400000|  0%| F|  |TAMS 0x0000000638000000| PB 0x0000000638000000| Untracked 
| 225|0x0000000638400000, 0x0000000638400000, 0x0000000638800000|  0%| F|  |TAMS 0x0000000638400000| PB 0x0000000638400000| Untracked 
| 226|0x0000000638800000, 0x0000000638800000, 0x0000000638c00000|  0%| F|  |TAMS 0x0000000638800000| PB 0x0000000638800000| Untracked 
| 227|0x0000000638c00000, 0x0000000638c00000, 0x0000000639000000|  0%| F|  |TAMS 0x0000000638c00000| PB 0x0000000638c00000| Untracked 
| 228|0x0000000639000000, 0x0000000639272bd0, 0x0000000639400000| 61%| E|  |TAMS 0x0000000639000000| PB 0x0000000639000000| Complete 
| 229|0x0000000639400000, 0x0000000639800000, 0x0000000639800000|100%| E|CS|TAMS 0x0000000639400000| PB 0x0000000639400000| Complete 
| 230|0x0000000639800000, 0x0000000639c00000, 0x0000000639c00000|100%| E|CS|TAMS 0x0000000639800000| PB 0x0000000639800000| Complete 
| 231|0x0000000639c00000, 0x000000063a000000, 0x000000063a000000|100%| E|CS|TAMS 0x0000000639c00000| PB 0x0000000639c00000| Complete 
| 232|0x000000063a000000, 0x000000063a400000, 0x000000063a400000|100%| E|CS|TAMS 0x000000063a000000| PB 0x000000063a000000| Complete 
| 233|0x000000063a400000, 0x000000063a800000, 0x000000063a800000|100%| E|CS|TAMS 0x000000063a400000| PB 0x000000063a400000| Complete 
| 234|0x000000063a800000, 0x000000063ac00000, 0x000000063ac00000|100%| E|CS|TAMS 0x000000063a800000| PB 0x000000063a800000| Complete 
| 235|0x000000063ac00000, 0x000000063b000000, 0x000000063b000000|100%| E|CS|TAMS 0x000000063ac00000| PB 0x000000063ac00000| Complete 
| 236|0x000000063b000000, 0x000000063b400000, 0x000000063b400000|100%| E|CS|TAMS 0x000000063b000000| PB 0x000000063b000000| Complete 
| 237|0x000000063b400000, 0x000000063b800000, 0x000000063b800000|100%| E|CS|TAMS 0x000000063b400000| PB 0x000000063b400000| Complete 
| 238|0x000000063b800000, 0x000000063bc00000, 0x000000063bc00000|100%| E|CS|TAMS 0x000000063b800000| PB 0x000000063b800000| Complete 
| 239|0x000000063bc00000, 0x000000063c000000, 0x000000063c000000|100%| E|CS|TAMS 0x000000063bc00000| PB 0x000000063bc00000| Complete 
| 240|0x000000063c000000, 0x000000063c400000, 0x000000063c400000|100%| E|CS|TAMS 0x000000063c000000| PB 0x000000063c000000| Complete 
| 241|0x000000063c400000, 0x000000063c800000, 0x000000063c800000|100%| E|CS|TAMS 0x000000063c400000| PB 0x000000063c400000| Complete 
| 242|0x000000063c800000, 0x000000063cc00000, 0x000000063cc00000|100%| E|CS|TAMS 0x000000063c800000| PB 0x000000063c800000| Complete 
| 243|0x000000063cc00000, 0x000000063d000000, 0x000000063d000000|100%| E|CS|TAMS 0x000000063cc00000| PB 0x000000063cc00000| Complete 
| 244|0x000000063d000000, 0x000000063d400000, 0x000000063d400000|100%| E|CS|TAMS 0x000000063d000000| PB 0x000000063d000000| Complete 
| 245|0x000000063d400000, 0x000000063d800000, 0x000000063d800000|100%| E|CS|TAMS 0x000000063d400000| PB 0x000000063d400000| Complete 
| 246|0x000000063d800000, 0x000000063dc00000, 0x000000063dc00000|100%| E|CS|TAMS 0x000000063d800000| PB 0x000000063d800000| Complete 
| 247|0x000000063dc00000, 0x000000063e000000, 0x000000063e000000|100%| E|CS|TAMS 0x000000063dc00000| PB 0x000000063dc00000| Complete 
| 248|0x000000063e000000, 0x000000063e400000, 0x000000063e400000|100%| E|CS|TAMS 0x000000063e000000| PB 0x000000063e000000| Complete 
| 249|0x000000063e400000, 0x000000063e800000, 0x000000063e800000|100%| E|CS|TAMS 0x000000063e400000| PB 0x000000063e400000| Complete 
| 250|0x000000063e800000, 0x000000063ec00000, 0x000000063ec00000|100%| E|CS|TAMS 0x000000063e800000| PB 0x000000063e800000| Complete 
| 251|0x000000063ec00000, 0x000000063f000000, 0x000000063f000000|100%| E|CS|TAMS 0x000000063ec00000| PB 0x000000063ec00000| Complete 
| 252|0x000000063f000000, 0x000000063f400000, 0x000000063f400000|100%| E|CS|TAMS 0x000000063f000000| PB 0x000000063f000000| Complete 
| 253|0x000000063f400000, 0x000000063f800000, 0x000000063f800000|100%| E|CS|TAMS 0x000000063f400000| PB 0x000000063f400000| Complete 
| 254|0x000000063f800000, 0x000000063fc00000, 0x000000063fc00000|100%| E|CS|TAMS 0x000000063f800000| PB 0x000000063f800000| Complete 
| 255|0x000000063fc00000, 0x0000000640000000, 0x0000000640000000|100%| E|CS|TAMS 0x000000063fc00000| PB 0x000000063fc00000| Complete 
| 256|0x0000000640000000, 0x0000000640400000, 0x0000000640400000|100%| E|CS|TAMS 0x0000000640000000| PB 0x0000000640000000| Complete 
| 257|0x0000000640400000, 0x0000000640800000, 0x0000000640800000|100%| E|CS|TAMS 0x0000000640400000| PB 0x0000000640400000| Complete 
| 258|0x0000000640800000, 0x0000000640c00000, 0x0000000640c00000|100%| E|CS|TAMS 0x0000000640800000| PB 0x0000000640800000| Complete 
| 259|0x0000000640c00000, 0x0000000641000000, 0x0000000641000000|100%| E|CS|TAMS 0x0000000640c00000| PB 0x0000000640c00000| Complete 
| 260|0x0000000641000000, 0x0000000641400000, 0x0000000641400000|100%| E|CS|TAMS 0x0000000641000000| PB 0x0000000641000000| Complete 
| 261|0x0000000641400000, 0x0000000641800000, 0x0000000641800000|100%| E|CS|TAMS 0x0000000641400000| PB 0x0000000641400000| Complete 
| 262|0x0000000641800000, 0x0000000641c00000, 0x0000000641c00000|100%| E|CS|TAMS 0x0000000641800000| PB 0x0000000641800000| Complete 
| 263|0x0000000641c00000, 0x0000000642000000, 0x0000000642000000|100%| E|CS|TAMS 0x0000000641c00000| PB 0x0000000641c00000| Complete 
| 264|0x0000000642000000, 0x0000000642400000, 0x0000000642400000|100%| E|CS|TAMS 0x0000000642000000| PB 0x0000000642000000| Complete 
| 265|0x0000000642400000, 0x0000000642800000, 0x0000000642800000|100%| E|CS|TAMS 0x0000000642400000| PB 0x0000000642400000| Complete 
| 266|0x0000000642800000, 0x0000000642c00000, 0x0000000642c00000|100%| E|CS|TAMS 0x0000000642800000| PB 0x0000000642800000| Complete 
| 267|0x0000000642c00000, 0x0000000643000000, 0x0000000643000000|100%| E|CS|TAMS 0x0000000642c00000| PB 0x0000000642c00000| Complete 
| 268|0x0000000643000000, 0x0000000643400000, 0x0000000643400000|100%| E|CS|TAMS 0x0000000643000000| PB 0x0000000643000000| Complete 
| 269|0x0000000643400000, 0x0000000643800000, 0x0000000643800000|100%| E|CS|TAMS 0x0000000643400000| PB 0x0000000643400000| Complete 
| 270|0x0000000643800000, 0x0000000643c00000, 0x0000000643c00000|100%| E|CS|TAMS 0x0000000643800000| PB 0x0000000643800000| Complete 
| 271|0x0000000643c00000, 0x0000000644000000, 0x0000000644000000|100%| E|CS|TAMS 0x0000000643c00000| PB 0x0000000643c00000| Complete 
| 272|0x0000000644000000, 0x0000000644400000, 0x0000000644400000|100%| E|CS|TAMS 0x0000000644000000| PB 0x0000000644000000| Complete 
| 273|0x0000000644400000, 0x0000000644800000, 0x0000000644800000|100%| E|CS|TAMS 0x0000000644400000| PB 0x0000000644400000| Complete 
| 274|0x0000000644800000, 0x0000000644c00000, 0x0000000644c00000|100%| E|CS|TAMS 0x0000000644800000| PB 0x0000000644800000| Complete 
| 275|0x0000000644c00000, 0x0000000645000000, 0x0000000645000000|100%| E|CS|TAMS 0x0000000644c00000| PB 0x0000000644c00000| Complete 
| 276|0x0000000645000000, 0x0000000645400000, 0x0000000645400000|100%| E|CS|TAMS 0x0000000645000000| PB 0x0000000645000000| Complete 
| 277|0x0000000645400000, 0x0000000645800000, 0x0000000645800000|100%| E|CS|TAMS 0x0000000645400000| PB 0x0000000645400000| Complete 
| 278|0x0000000645800000, 0x0000000645c00000, 0x0000000645c00000|100%| E|CS|TAMS 0x0000000645800000| PB 0x0000000645800000| Complete 
| 279|0x0000000645c00000, 0x0000000646000000, 0x0000000646000000|100%| E|CS|TAMS 0x0000000645c00000| PB 0x0000000645c00000| Complete 
| 280|0x0000000646000000, 0x0000000646400000, 0x0000000646400000|100%| E|CS|TAMS 0x0000000646000000| PB 0x0000000646000000| Complete 
| 281|0x0000000646400000, 0x0000000646800000, 0x0000000646800000|100%| E|CS|TAMS 0x0000000646400000| PB 0x0000000646400000| Complete 
| 282|0x0000000646800000, 0x0000000646c00000, 0x0000000646c00000|100%| E|CS|TAMS 0x0000000646800000| PB 0x0000000646800000| Complete 
| 283|0x0000000646c00000, 0x0000000647000000, 0x0000000647000000|100%| E|CS|TAMS 0x0000000646c00000| PB 0x0000000646c00000| Complete 
| 284|0x0000000647000000, 0x0000000647400000, 0x0000000647400000|100%| E|CS|TAMS 0x0000000647000000| PB 0x0000000647000000| Complete 
| 285|0x0000000647400000, 0x0000000647800000, 0x0000000647800000|100%| E|CS|TAMS 0x0000000647400000| PB 0x0000000647400000| Complete 
| 286|0x0000000647800000, 0x0000000647c00000, 0x0000000647c00000|100%| E|CS|TAMS 0x0000000647800000| PB 0x0000000647800000| Complete 
| 287|0x0000000647c00000, 0x0000000648000000, 0x0000000648000000|100%| E|CS|TAMS 0x0000000647c00000| PB 0x0000000647c00000| Complete 
| 288|0x0000000648000000, 0x0000000648400000, 0x0000000648400000|100%| E|CS|TAMS 0x0000000648000000| PB 0x0000000648000000| Complete 
| 289|0x0000000648400000, 0x0000000648800000, 0x0000000648800000|100%| E|CS|TAMS 0x0000000648400000| PB 0x0000000648400000| Complete 
| 290|0x0000000648800000, 0x0000000648c00000, 0x0000000648c00000|100%| E|CS|TAMS 0x0000000648800000| PB 0x0000000648800000| Complete 
| 291|0x0000000648c00000, 0x0000000649000000, 0x0000000649000000|100%| E|CS|TAMS 0x0000000648c00000| PB 0x0000000648c00000| Complete 
| 292|0x0000000649000000, 0x0000000649400000, 0x0000000649400000|100%| E|CS|TAMS 0x0000000649000000| PB 0x0000000649000000| Complete 
| 293|0x0000000649400000, 0x0000000649800000, 0x0000000649800000|100%| E|CS|TAMS 0x0000000649400000| PB 0x0000000649400000| Complete 
| 294|0x0000000649800000, 0x0000000649c00000, 0x0000000649c00000|100%| E|CS|TAMS 0x0000000649800000| PB 0x0000000649800000| Complete 
| 295|0x0000000649c00000, 0x000000064a000000, 0x000000064a000000|100%| E|CS|TAMS 0x0000000649c00000| PB 0x0000000649c00000| Complete 
| 296|0x000000064a000000, 0x000000064a400000, 0x000000064a400000|100%| E|CS|TAMS 0x000000064a000000| PB 0x000000064a000000| Complete 
| 297|0x000000064a400000, 0x000000064a800000, 0x000000064a800000|100%| E|CS|TAMS 0x000000064a400000| PB 0x000000064a400000| Complete 
| 298|0x000000064a800000, 0x000000064ac00000, 0x000000064ac00000|100%| E|CS|TAMS 0x000000064a800000| PB 0x000000064a800000| Complete 
| 299|0x000000064ac00000, 0x000000064b000000, 0x000000064b000000|100%| E|CS|TAMS 0x000000064ac00000| PB 0x000000064ac00000| Complete 
| 300|0x000000064b000000, 0x000000064b400000, 0x000000064b400000|100%| E|CS|TAMS 0x000000064b000000| PB 0x000000064b000000| Complete 
| 301|0x000000064b400000, 0x000000064b800000, 0x000000064b800000|100%| E|CS|TAMS 0x000000064b400000| PB 0x000000064b400000| Complete 
| 302|0x000000064b800000, 0x000000064bc00000, 0x000000064bc00000|100%| E|CS|TAMS 0x000000064b800000| PB 0x000000064b800000| Complete 
| 303|0x000000064bc00000, 0x000000064c000000, 0x000000064c000000|100%| E|CS|TAMS 0x000000064bc00000| PB 0x000000064bc00000| Complete 
| 304|0x000000064c000000, 0x000000064c400000, 0x000000064c400000|100%| E|CS|TAMS 0x000000064c000000| PB 0x000000064c000000| Complete 
| 305|0x000000064c400000, 0x000000064c800000, 0x000000064c800000|100%| E|CS|TAMS 0x000000064c400000| PB 0x000000064c400000| Complete 
| 306|0x000000064c800000, 0x000000064cc00000, 0x000000064cc00000|100%| E|CS|TAMS 0x000000064c800000| PB 0x000000064c800000| Complete 
| 307|0x000000064cc00000, 0x000000064d000000, 0x000000064d000000|100%| E|CS|TAMS 0x000000064cc00000| PB 0x000000064cc00000| Complete 
| 308|0x000000064d000000, 0x000000064d400000, 0x000000064d400000|100%| E|CS|TAMS 0x000000064d000000| PB 0x000000064d000000| Complete 
| 309|0x000000064d400000, 0x000000064d800000, 0x000000064d800000|100%| E|CS|TAMS 0x000000064d400000| PB 0x000000064d400000| Complete 
| 310|0x000000064d800000, 0x000000064dc00000, 0x000000064dc00000|100%| E|CS|TAMS 0x000000064d800000| PB 0x000000064d800000| Complete 
| 311|0x000000064dc00000, 0x000000064e000000, 0x000000064e000000|100%| E|CS|TAMS 0x000000064dc00000| PB 0x000000064dc00000| Complete 
| 312|0x000000064e000000, 0x000000064e400000, 0x000000064e400000|100%| E|CS|TAMS 0x000000064e000000| PB 0x000000064e000000| Complete 
| 313|0x000000064e400000, 0x000000064e800000, 0x000000064e800000|100%| E|CS|TAMS 0x000000064e400000| PB 0x000000064e400000| Complete 
| 314|0x000000064e800000, 0x000000064ec00000, 0x000000064ec00000|100%| E|CS|TAMS 0x000000064e800000| PB 0x000000064e800000| Complete 
| 315|0x000000064ec00000, 0x000000064f000000, 0x000000064f000000|100%| E|CS|TAMS 0x000000064ec00000| PB 0x000000064ec00000| Complete 
| 316|0x000000064f000000, 0x000000064f400000, 0x000000064f400000|100%| E|CS|TAMS 0x000000064f000000| PB 0x000000064f000000| Complete 
| 317|0x000000064f400000, 0x000000064f800000, 0x000000064f800000|100%| E|CS|TAMS 0x000000064f400000| PB 0x000000064f400000| Complete 
| 318|0x000000064f800000, 0x000000064fc00000, 0x000000064fc00000|100%| E|CS|TAMS 0x000000064f800000| PB 0x000000064f800000| Complete 
| 319|0x000000064fc00000, 0x0000000650000000, 0x0000000650000000|100%| E|CS|TAMS 0x000000064fc00000| PB 0x000000064fc00000| Complete 
| 320|0x0000000650000000, 0x0000000650400000, 0x0000000650400000|100%| E|CS|TAMS 0x0000000650000000| PB 0x0000000650000000| Complete 
| 321|0x0000000650400000, 0x0000000650800000, 0x0000000650800000|100%| E|CS|TAMS 0x0000000650400000| PB 0x0000000650400000| Complete 
| 322|0x0000000650800000, 0x0000000650c00000, 0x0000000650c00000|100%| E|CS|TAMS 0x0000000650800000| PB 0x0000000650800000| Complete 
| 323|0x0000000650c00000, 0x0000000651000000, 0x0000000651000000|100%| E|CS|TAMS 0x0000000650c00000| PB 0x0000000650c00000| Complete 
| 324|0x0000000651000000, 0x0000000651400000, 0x0000000651400000|100%| E|CS|TAMS 0x0000000651000000| PB 0x0000000651000000| Complete 
| 325|0x0000000651400000, 0x0000000651800000, 0x0000000651800000|100%| E|CS|TAMS 0x0000000651400000| PB 0x0000000651400000| Complete 
| 326|0x0000000651800000, 0x0000000651c00000, 0x0000000651c00000|100%| E|CS|TAMS 0x0000000651800000| PB 0x0000000651800000| Complete 
| 327|0x0000000651c00000, 0x0000000652000000, 0x0000000652000000|100%| E|CS|TAMS 0x0000000651c00000| PB 0x0000000651c00000| Complete 
| 328|0x0000000652000000, 0x0000000652400000, 0x0000000652400000|100%| E|CS|TAMS 0x0000000652000000| PB 0x0000000652000000| Complete 
| 329|0x0000000652400000, 0x0000000652800000, 0x0000000652800000|100%| E|CS|TAMS 0x0000000652400000| PB 0x0000000652400000| Complete 
| 330|0x0000000652800000, 0x0000000652c00000, 0x0000000652c00000|100%| E|CS|TAMS 0x0000000652800000| PB 0x0000000652800000| Complete 
| 331|0x0000000652c00000, 0x0000000653000000, 0x0000000653000000|100%| E|CS|TAMS 0x0000000652c00000| PB 0x0000000652c00000| Complete 
| 332|0x0000000653000000, 0x0000000653400000, 0x0000000653400000|100%| E|CS|TAMS 0x0000000653000000| PB 0x0000000653000000| Complete 
| 333|0x0000000653400000, 0x0000000653800000, 0x0000000653800000|100%| E|CS|TAMS 0x0000000653400000| PB 0x0000000653400000| Complete 
| 334|0x0000000653800000, 0x0000000653c00000, 0x0000000653c00000|100%| E|CS|TAMS 0x0000000653800000| PB 0x0000000653800000| Complete 
| 335|0x0000000653c00000, 0x0000000654000000, 0x0000000654000000|100%| E|CS|TAMS 0x0000000653c00000| PB 0x0000000653c00000| Complete 
| 336|0x0000000654000000, 0x0000000654400000, 0x0000000654400000|100%| E|CS|TAMS 0x0000000654000000| PB 0x0000000654000000| Complete 
| 337|0x0000000654400000, 0x0000000654800000, 0x0000000654800000|100%| E|CS|TAMS 0x0000000654400000| PB 0x0000000654400000| Complete 
| 338|0x0000000654800000, 0x0000000654c00000, 0x0000000654c00000|100%| E|CS|TAMS 0x0000000654800000| PB 0x0000000654800000| Complete 
| 339|0x0000000654c00000, 0x0000000655000000, 0x0000000655000000|100%| E|CS|TAMS 0x0000000654c00000| PB 0x0000000654c00000| Complete 
| 340|0x0000000655000000, 0x0000000655400000, 0x0000000655400000|100%| E|CS|TAMS 0x0000000655000000| PB 0x0000000655000000| Complete 
| 341|0x0000000655400000, 0x0000000655800000, 0x0000000655800000|100%| E|CS|TAMS 0x0000000655400000| PB 0x0000000655400000| Complete 
| 342|0x0000000655800000, 0x0000000655c00000, 0x0000000655c00000|100%| E|CS|TAMS 0x0000000655800000| PB 0x0000000655800000| Complete 
| 343|0x0000000655c00000, 0x0000000656000000, 0x0000000656000000|100%| E|CS|TAMS 0x0000000655c00000| PB 0x0000000655c00000| Complete 
| 344|0x0000000656000000, 0x0000000656400000, 0x0000000656400000|100%| E|CS|TAMS 0x0000000656000000| PB 0x0000000656000000| Complete 
| 345|0x0000000656400000, 0x0000000656800000, 0x0000000656800000|100%| E|CS|TAMS 0x0000000656400000| PB 0x0000000656400000| Complete 
| 346|0x0000000656800000, 0x0000000656c00000, 0x0000000656c00000|100%| E|CS|TAMS 0x0000000656800000| PB 0x0000000656800000| Complete 
| 347|0x0000000656c00000, 0x0000000656e715d8, 0x0000000657000000| 61%| S|CS|TAMS 0x0000000656c00000| PB 0x0000000656c00000| Complete 
| 348|0x0000000657000000, 0x0000000657400000, 0x0000000657400000|100%| E|CS|TAMS 0x0000000657000000| PB 0x0000000657000000| Complete 
| 349|0x0000000657400000, 0x0000000657800000, 0x0000000657800000|100%| E|CS|TAMS 0x0000000657400000| PB 0x0000000657400000| Complete 
| 350|0x0000000657800000, 0x0000000657c00000, 0x0000000657c00000|100%| E|CS|TAMS 0x0000000657800000| PB 0x0000000657800000| Complete 
| 370|0x000000065c800000, 0x000000065cc00000, 0x000000065cc00000|100%| E|CS|TAMS 0x000000065c800000| PB 0x000000065c800000| Complete 
| 371|0x000000065cc00000, 0x000000065d000000, 0x000000065d000000|100%| E|CS|TAMS 0x000000065cc00000| PB 0x000000065cc00000| Complete 
| 372|0x000000065d000000, 0x000000065d400000, 0x000000065d400000|100%| E|CS|TAMS 0x000000065d000000| PB 0x000000065d000000| Complete 
| 377|0x000000065e400000, 0x000000065e800000, 0x000000065e800000|100%| E|CS|TAMS 0x000000065e400000| PB 0x000000065e400000| Complete 
| 378|0x000000065e800000, 0x000000065ec00000, 0x000000065ec00000|100%| E|CS|TAMS 0x000000065e800000| PB 0x000000065e800000| Complete 
| 379|0x000000065ec00000, 0x000000065f000000, 0x000000065f000000|100%| E|CS|TAMS 0x000000065ec00000| PB 0x000000065ec00000| Complete 
| 380|0x000000065f000000, 0x000000065f400000, 0x000000065f400000|100%| E|  |TAMS 0x000000065f000000| PB 0x000000065f000000| Complete 
| 381|0x000000065f400000, 0x000000065f800000, 0x000000065f800000|100%| E|CS|TAMS 0x000000065f400000| PB 0x000000065f400000| Complete 
| 382|0x000000065f800000, 0x000000065fc00000, 0x000000065fc00000|100%| E|CS|TAMS 0x000000065f800000| PB 0x000000065f800000| Complete 
| 383|0x000000065fc00000, 0x0000000660000000, 0x0000000660000000|100%| E|CS|TAMS 0x000000065fc00000| PB 0x000000065fc00000| Complete 
| 384|0x0000000660000000, 0x0000000660400000, 0x0000000660400000|100%| E|CS|TAMS 0x0000000660000000| PB 0x0000000660000000| Complete 
| 385|0x0000000660400000, 0x0000000660800000, 0x0000000660800000|100%| E|CS|TAMS 0x0000000660400000| PB 0x0000000660400000| Complete 
| 386|0x0000000660800000, 0x0000000660c00000, 0x0000000660c00000|100%| E|CS|TAMS 0x0000000660800000| PB 0x0000000660800000| Complete 
| 387|0x0000000660c00000, 0x0000000661000000, 0x0000000661000000|100%| E|CS|TAMS 0x0000000660c00000| PB 0x0000000660c00000| Complete 
| 388|0x0000000661000000, 0x0000000661400000, 0x0000000661400000|100%| E|CS|TAMS 0x0000000661000000| PB 0x0000000661000000| Complete 
|2047|0x00000007ffc00000, 0x0000000800000000, 0x0000000800000000|100%| O|  |TAMS 0x00000007ffc00000| PB 0x00000007ffc00000| Untracked 

Card table byte_map: [0x00000150b23a0000,0x00000150b33a0000] _byte_map_base: 0x00000150af3a0000

Marking Bits: (CMBitMap*) 0x000001508e1fc060
 Bits: [0x00000150b33a0000, 0x00000150bb3a0000)

Polling page: 0x000001508c0c0000

Metaspace:

Usage:
  Non-class:    241.57 MB used.
      Class:     33.98 MB used.
       Both:    275.55 MB used.

Virtual space:
  Non-class space:      256.00 MB reserved,     243.44 MB ( 95%) committed,  4 nodes.
      Class space:        1.00 GB reserved,      35.56 MB (  3%) committed,  1 nodes.
             Both:        1.25 GB reserved,     279.00 MB ( 22%) committed. 

Chunk freelists:
   Non-Class:  12.09 MB
       Class:  12.25 MB
        Both:  24.34 MB

MaxMetaspaceSize: 4.00 GB
CompressedClassSpaceSize: 1.00 GB
Initial GC threshold: 21.00 MB
Current GC threshold: 430.62 MB
CDS: off
 - commit_granule_bytes: 65536.
 - commit_granule_words: 8192.
 - virtual_space_node_default_size: 8388608.
 - enlarge_chunks_in_place: 1.
 - use_allocation_guard: 0.


Internal statistics:

num_allocs_failed_limit: 12.
num_arena_births: 6242.
num_arena_deaths: 8.
num_vsnodes_births: 5.
num_vsnodes_deaths: 0.
num_space_committed: 4462.
num_space_uncommitted: 2.
num_chunks_returned_to_freelist: 45.
num_chunks_taken_from_freelist: 17964.
num_chunk_merges: 22.
num_chunk_splits: 12487.
num_chunks_enlarged: 8832.
num_inconsistent_stats: 0.

CodeHeap 'non-profiled nmethods': size=259264Kb used=40961Kb max_used=40961Kb free=218302Kb
 bounds [0x00000150a1560000, 0x00000150a3d70000, 0x00000150b1290000]
CodeHeap 'profiled nmethods': size=259264Kb used=100554Kb max_used=100554Kb free=158709Kb
 bounds [0x0000015091290000, 0x00000150974d0000, 0x00000150a0fc0000]
CodeHeap 'non-nmethods': size=5760Kb used=3415Kb max_used=3528Kb free=2344Kb
 bounds [0x00000150a0fc0000, 0x00000150a1350000, 0x00000150a1560000]
 total_blobs=44177 nmethods=42789 adapters=1288
 compilation: enabled
              stopped_count=0, restarted_count=0
 full_count=0

Compilation events (20 events):
Event: 2517.007 Thread 0x00000150bdb6b810 60582       2       java.rmi.server.UID::equals (54 bytes)
Event: 2517.007 Thread 0x00000150bdb6b810 nmethod 60582 0x00000150974bde10 code [0x00000150974bdfc0, 0x00000150974be1c0]
Event: 2517.046 Thread 0x00000150bdb6b810 60583       3       com.android.tools.r8.internal.Q::put (10 bytes)
Event: 2517.047 Thread 0x00000150bdb6b810 nmethod 60583 0x00000150974be290 code [0x00000150974be460, 0x00000150974be950]
Event: 2517.080 Thread 0x00000150bdb6b810 60584       3       java.util.zip.ZipInputStream::getNextEntry (74 bytes)
Event: 2517.084 Thread 0x00000150bdb6b810 nmethod 60584 0x00000150974bea90 code [0x00000150974bece0, 0x00000150974bf4f8]
Event: 2517.109 Thread 0x00000150bdb6b810 60585       2       com.android.tools.r8.internal.Oj::H (2 bytes)
Event: 2517.109 Thread 0x00000150bdb6b810 nmethod 60585 0x00000150974bf790 code [0x00000150974bf920, 0x00000150974bfa28]
Event: 2517.243 Thread 0x00000150bdb6b810 60587       1       com.android.tools.r8.internal.Kw0::e1 (2 bytes)
Event: 2517.243 Thread 0x00000150bdb6b810 nmethod 60587 0x00000150a3d5fd90 code [0x00000150a3d5ff20, 0x00000150a3d5ffe8]
Event: 2517.244 Thread 0x00000150bdb6b810 60588       1       com.android.tools.r8.internal.Kw0::r2 (3 bytes)
Event: 2517.244 Thread 0x00000150bdb6b810 nmethod 60588 0x00000150a3d60090 code [0x00000150a3d60220, 0x00000150a3d602e8]
Event: 2517.244 Thread 0x00000150bdb6b810 60589       1       com.android.tools.r8.internal.Kw0::q2 (3 bytes)
Event: 2517.244 Thread 0x00000150bdb6b810 nmethod 60589 0x00000150a3d60390 code [0x00000150a3d60520, 0x00000150a3d605e8]
Event: 2517.357 Thread 0x00000150bdb6b810 60590       3       com.android.tools.r8.internal.po0::a (65 bytes)
Event: 2517.358 Thread 0x00000150bdb6b810 nmethod 60590 0x00000150974bfa90 code [0x00000150974bfcc0, 0x00000150974c0590]
Event: 2517.366 Thread 0x00000150bdb6b810 60591       2       com.android.tools.r8.internal.qK::a (16 bytes)
Event: 2517.366 Thread 0x00000150bdb6b810 nmethod 60591 0x00000150974c0890 code [0x00000150974c0a60, 0x00000150974c0d18]
Event: 2517.366 Thread 0x00000150bdb6b810 60592       2       com.android.tools.r8.internal.qK$$Lambda/0x000000080230c9f8::<init> (10 bytes)
Event: 2517.367 Thread 0x00000150bdb6b810 nmethod 60592 0x00000150974c0f10 code [0x00000150974c10a0, 0x00000150974c11f8]

GC Heap History (20 events):
Event: 2144.482 GC heap before
{Heap before GC invocations=113 (full 0):
 garbage-first heap   total 1503232K, used 1162715K [0x0000000600000000, 0x0000000800000000)
  region size 4096K, 172 young (704512K), 3 survivors (12288K)
 Metaspace       used 255580K, committed 258944K, reserved 1310720K
  class space    used 31436K, committed 33024K, reserved 1048576K
}
Event: 2144.519 GC heap after
{Heap after GC invocations=114 (full 0):
 garbage-first heap   total 1503232K, used 475283K [0x0000000600000000, 0x0000000800000000)
  region size 4096K, 4 young (16384K), 4 survivors (16384K)
 Metaspace       used 255580K, committed 258944K, reserved 1310720K
  class space    used 31436K, committed 33024K, reserved 1048576K
}
Event: 2160.903 GC heap before
{Heap before GC invocations=114 (full 0):
 garbage-first heap   total 1503232K, used 1331347K [0x0000000600000000, 0x0000000800000000)
  region size 4096K, 214 young (876544K), 4 survivors (16384K)
 Metaspace       used 258988K, committed 262400K, reserved 1310720K
  class space    used 31871K, committed 33536K, reserved 1048576K
}
Event: 2160.971 GC heap after
{Heap after GC invocations=115 (full 0):
 garbage-first heap   total 1503232K, used 482936K [0x0000000600000000, 0x0000000800000000)
  region size 4096K, 6 young (24576K), 6 survivors (24576K)
 Metaspace       used 258988K, committed 262400K, reserved 1310720K
  class space    used 31871K, committed 33536K, reserved 1048576K
}
Event: 2176.153 GC heap before
{Heap before GC invocations=115 (full 0):
 garbage-first heap   total 1503232K, used 1355384K [0x0000000600000000, 0x0000000800000000)
  region size 4096K, 220 young (901120K), 6 survivors (24576K)
 Metaspace       used 259206K, committed 262656K, reserved 1310720K
  class space    used 31894K, committed 33536K, reserved 1048576K
}
Event: 2176.260 GC heap after
{Heap after GC invocations=116 (full 0):
 garbage-first heap   total 1503232K, used 473717K [0x0000000600000000, 0x0000000800000000)
  region size 4096K, 5 young (20480K), 5 survivors (20480K)
 Metaspace       used 259206K, committed 262656K, reserved 1310720K
  class space    used 31894K, committed 33536K, reserved 1048576K
}
Event: 2206.286 GC heap before
{Heap before GC invocations=116 (full 0):
 garbage-first heap   total 1503232K, used 1313397K [0x0000000600000000, 0x0000000800000000)
  region size 4096K, 211 young (864256K), 5 survivors (20480K)
 Metaspace       used 260578K, committed 264064K, reserved 1310720K
  class space    used 31979K, committed 33664K, reserved 1048576K
}
Event: 2206.374 GC heap after
{Heap after GC invocations=117 (full 0):
 garbage-first heap   total 1503232K, used 494476K [0x0000000600000000, 0x0000000800000000)
  region size 4096K, 10 young (40960K), 10 survivors (40960K)
 Metaspace       used 260578K, committed 264064K, reserved 1310720K
  class space    used 31979K, committed 33664K, reserved 1048576K
}
Event: 2213.156 GC heap before
{Heap before GC invocations=117 (full 0):
 garbage-first heap   total 1503232K, used 961420K [0x0000000600000000, 0x0000000800000000)
  region size 4096K, 125 young (512000K), 10 survivors (40960K)
 Metaspace       used 260911K, committed 264448K, reserved 1310720K
  class space    used 32004K, committed 33664K, reserved 1048576K
}
Event: 2213.289 GC heap after
{Heap after GC invocations=118 (full 0):
 garbage-first heap   total 1503232K, used 492487K [0x0000000600000000, 0x0000000800000000)
  region size 4096K, 8 young (32768K), 8 survivors (32768K)
 Metaspace       used 260911K, committed 264448K, reserved 1310720K
  class space    used 32004K, committed 33664K, reserved 1048576K
}
Event: 2250.600 GC heap before
{Heap before GC invocations=119 (full 0):
 garbage-first heap   total 1503232K, used 1225671K [0x0000000600000000, 0x0000000800000000)
  region size 4096K, 188 young (770048K), 8 survivors (32768K)
 Metaspace       used 263447K, committed 266944K, reserved 1310720K
  class space    used 32298K, committed 33920K, reserved 1048576K
}
Event: 2250.759 GC heap after
{Heap after GC invocations=120 (full 0):
 garbage-first heap   total 1503232K, used 499020K [0x0000000600000000, 0x0000000800000000)
  region size 4096K, 9 young (36864K), 9 survivors (36864K)
 Metaspace       used 263447K, committed 266944K, reserved 1310720K
  class space    used 32298K, committed 33920K, reserved 1048576K
}
Event: 2498.561 GC heap before
{Heap before GC invocations=120 (full 0):
 garbage-first heap   total 1503232K, used 1322316K [0x0000000600000000, 0x0000000800000000)
  region size 4096K, 211 young (864256K), 9 survivors (36864K)
 Metaspace       used 280981K, committed 284544K, reserved 1310720K
  class space    used 34692K, committed 36352K, reserved 1048576K
}
Event: 2499.576 GC heap after
{Heap after GC invocations=121 (full 0):
 garbage-first heap   total 1503232K, used 490613K [0x0000000600000000, 0x0000000800000000)
  region size 4096K, 8 young (32768K), 8 survivors (32768K)
 Metaspace       used 280981K, committed 284544K, reserved 1310720K
  class space    used 34692K, committed 36352K, reserved 1048576K
}
Event: 2500.649 GC heap before
{Heap before GC invocations=121 (full 0):
 garbage-first heap   total 1503232K, used 531573K [0x0000000600000000, 0x0000000800000000)
  region size 4096K, 18 young (73728K), 8 survivors (32768K)
 Metaspace       used 280997K, committed 284544K, reserved 1310720K
  class space    used 34692K, committed 36352K, reserved 1048576K
}
Event: 2500.901 GC heap after
{Heap after GC invocations=122 (full 0):
 garbage-first heap   total 1503232K, used 489216K [0x0000000600000000, 0x0000000800000000)
  region size 4096K, 2 young (8192K), 2 survivors (8192K)
 Metaspace       used 280997K, committed 284544K, reserved 1310720K
  class space    used 34692K, committed 36352K, reserved 1048576K
}
Event: 2504.355 GC heap before
{Heap before GC invocations=122 (full 0):
 garbage-first heap   total 1503232K, used 603904K [0x0000000600000000, 0x0000000800000000)
  region size 4096K, 30 young (122880K), 2 survivors (8192K)
 Metaspace       used 281433K, committed 284928K, reserved 1310720K
  class space    used 34715K, committed 36352K, reserved 1048576K
}
Event: 2504.535 GC heap after
{Heap after GC invocations=123 (full 0):
 garbage-first heap   total 1503232K, used 491297K [0x0000000600000000, 0x0000000800000000)
  region size 4096K, 2 young (8192K), 2 survivors (8192K)
 Metaspace       used 281433K, committed 284928K, reserved 1310720K
  class space    used 34715K, committed 36352K, reserved 1048576K
}
Event: 2506.338 GC heap before
{Heap before GC invocations=123 (full 0):
 garbage-first heap   total 1503232K, used 565025K [0x0000000600000000, 0x0000000800000000)
  region size 4096K, 20 young (81920K), 2 survivors (8192K)
 Metaspace       used 281588K, committed 285120K, reserved 1310720K
  class space    used 34733K, committed 36416K, reserved 1048576K
}
Event: 2506.489 GC heap after
{Heap after GC invocations=124 (full 0):
 garbage-first heap   total 1503232K, used 490901K [0x0000000600000000, 0x0000000800000000)
  region size 4096K, 1 young (4096K), 1 survivors (4096K)
 Metaspace       used 281588K, committed 285120K, reserved 1310720K
  class space    used 34733K, committed 36416K, reserved 1048576K
}

Dll operation events (3 events):
Event: 0.020 Loaded shared library C:\Program Files\Android\Android Studio\jbr\bin\java.dll
Event: 0.029 Loaded shared library C:\Program Files\Android\Android Studio\jbr\bin\zip.dll
Event: 4.258 Loaded shared library C:\Program Files\Android\Android Studio\jbr\bin\verify.dll

Deoptimization events (20 events):
Event: 2515.837 Thread 0x00000150c71865f0 DEOPT PACKING pc=0x00000150a3b1c4c0 sp=0x000000215edf9710
Event: 2515.837 Thread 0x00000150c71865f0 DEOPT UNPACKING pc=0x00000150a10146a2 sp=0x000000215edf95d8 mode 2
Event: 2515.837 Thread 0x00000150c71865f0 Uncommon trap: trap_request=0xffffffde fr.pc=0x00000150a3b1c4c0 relative=0x0000000000001440
Event: 2515.837 Thread 0x00000150c71865f0 Uncommon trap: reason=class_check action=maybe_recompile pc=0x00000150a3b1c4c0 method=com.android.tools.r8.graph.h.a(Lcom/android/tools/r8/graph/M2;Lcom/android/tools/r8/graph/l1;Lcom/android/tools/r8/graph/K5;)Lcom/android/tools/r8/graph/C3; @ 29 c2
Event: 2515.837 Thread 0x00000150c71865f0 DEOPT PACKING pc=0x00000150a3b1c4c0 sp=0x000000215edf9710
Event: 2515.837 Thread 0x00000150c71865f0 DEOPT UNPACKING pc=0x00000150a10146a2 sp=0x000000215edf95d8 mode 2
Event: 2515.837 Thread 0x00000150c71865f0 Uncommon trap: trap_request=0xffffffde fr.pc=0x00000150a3b1c4c0 relative=0x0000000000001440
Event: 2515.837 Thread 0x00000150c71865f0 Uncommon trap: reason=class_check action=maybe_recompile pc=0x00000150a3b1c4c0 method=com.android.tools.r8.graph.h.a(Lcom/android/tools/r8/graph/M2;Lcom/android/tools/r8/graph/l1;Lcom/android/tools/r8/graph/K5;)Lcom/android/tools/r8/graph/C3; @ 29 c2
Event: 2515.837 Thread 0x00000150c71865f0 DEOPT PACKING pc=0x00000150a3b1c4c0 sp=0x000000215edf9710
Event: 2515.837 Thread 0x00000150c71865f0 DEOPT UNPACKING pc=0x00000150a10146a2 sp=0x000000215edf95d8 mode 2
Event: 2515.837 Thread 0x00000150c71865f0 Uncommon trap: trap_request=0xffffffde fr.pc=0x00000150a3b1c4c0 relative=0x0000000000001440
Event: 2515.837 Thread 0x00000150c71865f0 Uncommon trap: reason=class_check action=maybe_recompile pc=0x00000150a3b1c4c0 method=com.android.tools.r8.graph.h.a(Lcom/android/tools/r8/graph/M2;Lcom/android/tools/r8/graph/l1;Lcom/android/tools/r8/graph/K5;)Lcom/android/tools/r8/graph/C3; @ 29 c2
Event: 2515.837 Thread 0x00000150c71865f0 DEOPT PACKING pc=0x00000150a3b1c4c0 sp=0x000000215edf9710
Event: 2515.838 Thread 0x00000150c71865f0 DEOPT UNPACKING pc=0x00000150a10146a2 sp=0x000000215edf95d8 mode 2
Event: 2516.149 Thread 0x00000150c71865f0 DEOPT PACKING pc=0x00000150973ce820 sp=0x000000215edf9070
Event: 2516.149 Thread 0x00000150c71865f0 DEOPT UNPACKING pc=0x00000150a1014e42 sp=0x000000215edf8898 mode 0
Event: 2516.725 Thread 0x00000150c718b4b0 Uncommon trap: trap_request=0xffffff45 fr.pc=0x00000150a2e62e2c relative=0x0000000000000bec
Event: 2516.726 Thread 0x00000150c718b4b0 Uncommon trap: reason=unstable_if action=reinterpret pc=0x00000150a2e62e2c method=java.util.zip.ZipInputStream.closeEntry()V @ 19 c2
Event: 2516.726 Thread 0x00000150c718b4b0 DEOPT PACKING pc=0x00000150a2e62e2c sp=0x000000215eff9040
Event: 2516.726 Thread 0x00000150c718b4b0 DEOPT UNPACKING pc=0x00000150a10146a2 sp=0x000000215eff8ff8 mode 2

Classes loaded (20 events):
Event: 2253.500 Loading class java/util/IdentityHashMap$EntryIterator$Entry
Event: 2253.500 Loading class java/util/IdentityHashMap$EntryIterator$Entry done
Event: 2253.766 Loading class java/util/IdentityHashMap$EntrySpliterator
Event: 2253.766 Loading class java/util/IdentityHashMap$IdentityHashMapSpliterator
Event: 2253.766 Loading class java/util/IdentityHashMap$IdentityHashMapSpliterator done
Event: 2253.766 Loading class java/util/IdentityHashMap$EntrySpliterator done
Event: 2253.953 Loading class java/util/SortedSet$1
Event: 2253.954 Loading class java/util/SortedSet$1 done
Event: 2253.966 Loading class java/util/stream/SliceOps
Event: 2253.968 Loading class java/util/stream/SliceOps done
Event: 2253.968 Loading class java/util/stream/SliceOps$1
Event: 2253.971 Loading class java/util/stream/SliceOps$1 done
Event: 2253.977 Loading class java/util/stream/SliceOps$1$1
Event: 2253.978 Loading class java/util/stream/SliceOps$1$1 done
Event: 2254.723 Loading class java/nio/ShortBuffer
Event: 2254.725 Loading class java/nio/ShortBuffer done
Event: 2254.870 Loading class java/nio/ByteBufferAsShortBufferL
Event: 2254.888 Loading class java/nio/ByteBufferAsShortBufferL done
Event: 2254.922 Loading class java/util/zip/Adler32
Event: 2254.924 Loading class java/util/zip/Adler32 done

Classes unloaded (20 events):
Event: 2140.443 Thread 0x00000150bd787b30 Unloading class 0x0000000801f433b8 'jdk/internal/jimage/ImageHeader'
Event: 2140.443 Thread 0x00000150bd787b30 Unloading class 0x0000000801f43168 'jdk/internal/jimage/BasicImageReader$2'
Event: 2140.443 Thread 0x00000150bd787b30 Unloading class 0x0000000801f42f18 'jdk/internal/jimage/BasicImageReader$1'
Event: 2140.443 Thread 0x00000150bd787b30 Unloading class 0x0000000801f42c90 'jdk/internal/jimage/ImageReader$Resource'
Event: 2140.443 Thread 0x00000150bd787b30 Unloading class 0x0000000801f42a08 'jdk/internal/jimage/ImageReader$LinkNode'
Event: 2140.443 Thread 0x00000150bd787b30 Unloading class 0x0000000801f42780 'jdk/internal/jimage/ImageReader$Directory'
Event: 2140.443 Thread 0x00000150bd787b30 Unloading class 0x0000000801f424f8 'jdk/internal/jimage/ImageReader$Node'
Event: 2140.443 Thread 0x00000150bd787b30 Unloading class 0x0000000801f422e0 'jdk/internal/jimage/ImageStrings'
Event: 2140.443 Thread 0x00000150bd787b30 Unloading class 0x0000000801f42000 'jdk/internal/jimage/ImageReader$SharedImageReader'
Event: 2140.443 Thread 0x00000150bd787b30 Unloading class 0x0000000801f41b68 'jdk/internal/jimage/BasicImageReader'
Event: 2140.443 Thread 0x00000150bd787b30 Unloading class 0x0000000801f41928 'jdk/internal/jimage/ImageReader'
Event: 2140.443 Thread 0x00000150bd787b30 Unloading class 0x0000000801f416e0 'jdk/internal/jrtfs/SystemImage$2'
Event: 2140.443 Thread 0x00000150bd787b30 Unloading class 0x0000000801f414a8 'jdk/internal/jrtfs/SystemImage$$Lambda+0x0000000801f414a8'
Event: 2140.443 Thread 0x00000150bd787b30 Unloading class 0x0000000801f41258 'jdk/internal/jrtfs/ExplodedImage'
Event: 2140.443 Thread 0x00000150bd787b30 Unloading class 0x0000000801f41000 'jdk/internal/jrtfs/SystemImage$1'
Event: 2140.443 Thread 0x00000150bd787b30 Unloading class 0x0000000801f40c40 'jdk/internal/jrtfs/SystemImage'
Event: 2140.443 Thread 0x00000150bd787b30 Unloading class 0x0000000801f409c0 'jdk/internal/jrtfs/JrtFileStore'
Event: 2140.443 Thread 0x00000150bd787b30 Unloading class 0x0000000801f40628 'jdk/internal/jrtfs/JrtPath'
Event: 2140.443 Thread 0x00000150bd787b30 Unloading class 0x0000000801f40310 'jdk/internal/jrtfs/JrtFileSystem'
Event: 2140.443 Thread 0x00000150bd787b30 Unloading class 0x0000000801f40000 'jdk/internal/jrtfs/JrtFileSystemProvider'

Classes redefined (0 events):
No events

Internal exceptions (20 events):
Event: 2515.429 Thread 0x00000150c718b4b0 Exception <a 'sun/nio/fs/WindowsException'{0x000000063db4bca0}> (0x000000063db4bca0) 
thrown [s\src\hotspot\share\prims\jni.cpp, line 535]
Event: 2515.447 Thread 0x00000150c718b4b0 Exception <a 'sun/nio/fs/WindowsException'{0x000000063d5e93d8}> (0x000000063d5e93d8) 
thrown [s\src\hotspot\share\prims\jni.cpp, line 535]
Event: 2515.447 Thread 0x00000150c718b4b0 Exception <a 'sun/nio/fs/WindowsException'{0x000000063d5eb0a8}> (0x000000063d5eb0a8) 
thrown [s\src\hotspot\share\prims\jni.cpp, line 535]
Event: 2515.462 Thread 0x00000150c718b4b0 Exception <a 'sun/nio/fs/WindowsException'{0x000000063d606840}> (0x000000063d606840) 
thrown [s\src\hotspot\share\prims\jni.cpp, line 535]
Event: 2515.463 Thread 0x00000150c718b4b0 Exception <a 'sun/nio/fs/WindowsException'{0x000000063d6085f8}> (0x000000063d6085f8) 
thrown [s\src\hotspot\share\prims\jni.cpp, line 535]
Event: 2515.474 Thread 0x00000150c718b4b0 Exception <a 'sun/nio/fs/WindowsException'{0x000000063d780c08}> (0x000000063d780c08) 
thrown [s\src\hotspot\share\prims\jni.cpp, line 535]
Event: 2515.474 Thread 0x00000150c718b4b0 Exception <a 'sun/nio/fs/WindowsException'{0x000000063d7829c0}> (0x000000063d7829c0) 
thrown [s\src\hotspot\share\prims\jni.cpp, line 535]
Event: 2515.629 Thread 0x00000150c718b4b0 Exception <a 'sun/nio/fs/WindowsException'{0x000000063d3bb7b8}> (0x000000063d3bb7b8) 
thrown [s\src\hotspot\share\prims\jni.cpp, line 535]
Event: 2515.629 Thread 0x00000150c718b4b0 Exception <a 'sun/nio/fs/WindowsException'{0x000000063d3bd4a8}> (0x000000063d3bd4a8) 
thrown [s\src\hotspot\share\prims\jni.cpp, line 535]
Event: 2515.642 Thread 0x00000150c718b4b0 Exception <a 'sun/nio/fs/WindowsException'{0x000000063d3d8bd8}> (0x000000063d3d8bd8) 
thrown [s\src\hotspot\share\prims\jni.cpp, line 535]
Event: 2515.642 Thread 0x00000150c718b4b0 Exception <a 'sun/nio/fs/WindowsException'{0x000000063d3da938}> (0x000000063d3da938) 
thrown [s\src\hotspot\share\prims\jni.cpp, line 535]
Event: 2515.812 Thread 0x00000150c718b4b0 Exception <a 'sun/nio/fs/WindowsException'{0x000000063c9680d8}> (0x000000063c9680d8) 
thrown [s\src\hotspot\share\prims\jni.cpp, line 535]
Event: 2516.332 Thread 0x00000150c6c0d4a0 Exception <a 'sun/nio/fs/WindowsException'{0x000000063c35dab0}> (0x000000063c35dab0) 
thrown [s\src\hotspot\share\prims\jni.cpp, line 535]
Event: 2516.375 Thread 0x00000150c718b4b0 Exception <a 'sun/nio/fs/WindowsException'{0x000000063b8b1520}> (0x000000063b8b1520) 
thrown [s\src\hotspot\share\prims\jni.cpp, line 535]
Event: 2516.375 Thread 0x00000150c718b4b0 Exception <a 'sun/nio/fs/WindowsException'{0x000000063b8b1708}> (0x000000063b8b1708) 
thrown [s\src\hotspot\share\prims\jni.cpp, line 535]
Event: 2516.864 Thread 0x00000150c6c0d4a0 Exception <a 'sun/nio/fs/WindowsException'{0x000000063a84ba50}> (0x000000063a84ba50) 
thrown [s\src\hotspot\share\prims\jni.cpp, line 535]
Event: 2516.960 Thread 0x00000150c6c0d4a0 Exception <a 'sun/nio/fs/WindowsException'{0x000000063a51c488}> (0x000000063a51c488) 
thrown [s\src\hotspot\share\prims\jni.cpp, line 535]
Event: 2516.962 Thread 0x00000150c6c0d4a0 Exception <a 'sun/nio/fs/WindowsException'{0x000000063a51c688}> (0x000000063a51c688) 
thrown [s\src\hotspot\share\prims\jni.cpp, line 535]
Event: 2516.982 Thread 0x00000150c718b4b0 Exception <a 'sun/nio/fs/WindowsException'{0x000000063a40ede0}> (0x000000063a40ede0) 
thrown [s\src\hotspot\share\prims\jni.cpp, line 535]
Event: 2516.982 Thread 0x00000150c718b4b0 Exception <a 'sun/nio/fs/WindowsException'{0x000000063a40efd0}> (0x000000063a40efd0) 
thrown [s\src\hotspot\share\prims\jni.cpp, line 535]

ZGC Phase Switch (0 events):
No events

VM Operations (20 events):
Event: 2506.787 Executing VM operation: HandshakeAllThreads (Deoptimize)
Event: 2506.835 Executing VM operation: HandshakeAllThreads (Deoptimize) done
Event: 2507.770 Executing VM operation: ICBufferFull
Event: 2507.813 Executing VM operation: ICBufferFull done
Event: 2508.814 Executing VM operation: Cleanup
Event: 2508.826 Executing VM operation: Cleanup done
Event: 2509.745 Executing VM operation: HandshakeAllThreads (Deoptimize)
Event: 2509.758 Executing VM operation: HandshakeAllThreads (Deoptimize) done
Event: 2509.956 Executing VM operation: ICBufferFull
Event: 2509.962 Executing VM operation: ICBufferFull done
Event: 2511.962 Executing VM operation: Cleanup
Event: 2511.975 Executing VM operation: Cleanup done
Event: 2512.975 Executing VM operation: Cleanup
Event: 2513.004 Executing VM operation: Cleanup done
Event: 2514.015 Executing VM operation: Cleanup
Event: 2514.077 Executing VM operation: Cleanup done
Event: 2515.079 Executing VM operation: Cleanup
Event: 2515.086 Executing VM operation: Cleanup done
Event: 2516.087 Executing VM operation: Cleanup
Event: 2516.091 Executing VM operation: Cleanup done

Events (20 events):
Event: 2251.295 Thread 0x00000150da408410 Thread exited: 0x00000150da408410
Event: 2282.420 Thread 0x00000150d0b27e90 Thread exited: 0x00000150d0b27e90
Event: 2282.420 Thread 0x00000150d0b2c030 Thread exited: 0x00000150d0b2c030
Event: 2282.437 Thread 0x00000150d0b25dc0 Thread exited: 0x00000150d0b25dc0
Event: 2282.438 Thread 0x00000150d0b250a0 Thread exited: 0x00000150d0b250a0
Event: 2282.443 Thread 0x00000150d0b29f60 Thread exited: 0x00000150d0b29f60
Event: 2307.934 Thread 0x00000150dd0c4130 Thread exited: 0x00000150dd0c4130
Event: 2317.823 Thread 0x00000150dd0c8960 Thread exited: 0x00000150dd0c8960
Event: 2318.062 Thread 0x00000150dd0265c0 Thread exited: 0x00000150dd0265c0
Event: 2332.661 Thread 0x00000150dc1f3f40 Thread exited: 0x00000150dc1f3f40
Event: 2493.450 Thread 0x00000150db9d6c00 Thread added: 0x00000150db9d6c00
Event: 2493.841 Thread 0x00000150dbc13de0 Thread added: 0x00000150dbc13de0
Event: 2494.893 Thread 0x00000150dbc13de0 Thread exited: 0x00000150dbc13de0
Event: 2496.234 Thread 0x00000150dbc16d90 Thread added: 0x00000150dbc16d90
Event: 2502.224 Thread 0x00000150dbc16d90 Thread exited: 0x00000150dbc16d90
Event: 2502.349 Thread 0x00000150dd0ca3a0 Thread added: 0x00000150dd0ca3a0
Event: 2502.921 Thread 0x00000150dc1f3f40 Thread added: 0x00000150dc1f3f40
Event: 2504.731 Thread 0x00000150dbc166c0 Thread added: 0x00000150dbc166c0
Event: 2508.396 Thread 0x00000150dd0c8960 Thread added: 0x00000150dd0c8960
Event: 2516.977 Thread 0x00000150dd0cb750 Thread added: 0x00000150dd0cb750


Dynamic libraries:
0x00007ff777a30000 - 0x00007ff777a3a000 	C:\Program Files\Android\Android Studio\jbr\bin\java.exe
0x00007ffdb9590000 - 0x00007ffdb97a7000 	C:\Windows\SYSTEM32\ntdll.dll
0x00007ffdb7f40000 - 0x00007ffdb8004000 	C:\Windows\System32\KERNEL32.DLL
0x00007ffdb6ab0000 - 0x00007ffdb6e67000 	C:\Windows\System32\KERNELBASE.dll
0x00007ffdb6f70000 - 0x00007ffdb7081000 	C:\Windows\System32\ucrtbase.dll
0x00007ffdb2f90000 - 0x00007ffdb2fa8000 	C:\Program Files\Android\Android Studio\jbr\bin\jli.dll
0x00007ffdb7c70000 - 0x00007ffdb7e1f000 	C:\Windows\System32\USER32.dll
0x00007ffdb6e70000 - 0x00007ffdb6e96000 	C:\Windows\System32\win32u.dll
0x00007ffdb7c40000 - 0x00007ffdb7c69000 	C:\Windows\System32\GDI32.dll
0x00007ffdb68a0000 - 0x00007ffdb69b8000 	C:\Windows\System32\gdi32full.dll
0x00007ffdb6ed0000 - 0x00007ffdb6f6a000 	C:\Windows\System32\msvcp_win.dll
0x00007ffdaddc0000 - 0x00007ffdadddb000 	C:\Program Files\Android\Android Studio\jbr\bin\VCRUNTIME140.dll
0x00007ffda70d0000 - 0x00007ffda7363000 	C:\Windows\WinSxS\amd64_microsoft.windows.common-controls_6595b64144ccf1df_6.0.22621.3672_none_2713b9d173822955\COMCTL32.dll
0x00007ffdb8260000 - 0x00007ffdb8307000 	C:\Windows\System32\msvcrt.dll
0x00007ffdb7c00000 - 0x00007ffdb7c31000 	C:\Windows\System32\IMM32.DLL
0x00007ffdac830000 - 0x00007ffdac83c000 	C:\Program Files\Android\Android Studio\jbr\bin\vcruntime140_1.dll
0x00007ffd6ad10000 - 0x00007ffd6ad9d000 	C:\Program Files\Android\Android Studio\jbr\bin\msvcp140.dll
0x00007ffd36670000 - 0x00007ffd372ed000 	C:\Program Files\Android\Android Studio\jbr\bin\server\jvm.dll
0x00007ffdb92d0000 - 0x00007ffdb9382000 	C:\Windows\System32\ADVAPI32.dll
0x00007ffdb7e20000 - 0x00007ffdb7ec8000 	C:\Windows\System32\sechost.dll
0x00007ffdb6ea0000 - 0x00007ffdb6ec8000 	C:\Windows\System32\bcrypt.dll
0x00007ffdb7ae0000 - 0x00007ffdb7bf4000 	C:\Windows\System32\RPCRT4.dll
0x00007ffdb8020000 - 0x00007ffdb8091000 	C:\Windows\System32\WS2_32.dll
0x00007ffdb6770000 - 0x00007ffdb67bd000 	C:\Windows\SYSTEM32\POWRPROF.dll
0x00007ffdb2570000 - 0x00007ffdb25a4000 	C:\Windows\SYSTEM32\WINMM.dll
0x00007ffda2ac0000 - 0x00007ffda2aca000 	C:\Windows\SYSTEM32\VERSION.dll
0x00007ffdb6750000 - 0x00007ffdb6763000 	C:\Windows\SYSTEM32\UMPDC.dll
0x00007ffdb58f0000 - 0x00007ffdb5908000 	C:\Windows\SYSTEM32\kernel.appcore.dll
0x00007ffdac820000 - 0x00007ffdac82a000 	C:\Program Files\Android\Android Studio\jbr\bin\jimage.dll
0x00007ffda1e00000 - 0x00007ffda2032000 	C:\Windows\SYSTEM32\DBGHELP.DLL
0x00007ffdb8330000 - 0x00007ffdb86be000 	C:\Windows\System32\combase.dll
0x00007ffdb7950000 - 0x00007ffdb7a27000 	C:\Windows\System32\OLEAUT32.dll
0x00007ffd9d2b0000 - 0x00007ffd9d2e2000 	C:\Windows\SYSTEM32\dbgcore.DLL
0x00007ffdb69c0000 - 0x00007ffdb6a3b000 	C:\Windows\System32\bcryptPrimitives.dll
0x00007ffdb2fd0000 - 0x00007ffdb2fde000 	C:\Program Files\Android\Android Studio\jbr\bin\instrument.dll
0x00007ffdac800000 - 0x00007ffdac81f000 	C:\Program Files\Android\Android Studio\jbr\bin\java.dll
0x00007ffda4c20000 - 0x00007ffda4c38000 	C:\Program Files\Android\Android Studio\jbr\bin\zip.dll
0x00007ffdb87d0000 - 0x00007ffdb9039000 	C:\Windows\System32\SHELL32.dll
0x00007ffdb4810000 - 0x00007ffdb510f000 	C:\Windows\SYSTEM32\windows.storage.dll
0x00007ffdb46d0000 - 0x00007ffdb480f000 	C:\Windows\SYSTEM32\wintypes.dll
0x00007ffdb91d0000 - 0x00007ffdb92c9000 	C:\Windows\System32\SHCORE.dll
0x00007ffdb7ee0000 - 0x00007ffdb7f3e000 	C:\Windows\System32\shlwapi.dll
0x00007ffdb67d0000 - 0x00007ffdb67f7000 	C:\Windows\SYSTEM32\profapi.dll
0x00007ffda5a60000 - 0x00007ffda5a70000 	C:\Program Files\Android\Android Studio\jbr\bin\net.dll
0x00007ffdb29d0000 - 0x00007ffdb2b06000 	C:\Windows\SYSTEM32\WINHTTP.dll
0x00007ffdb5d60000 - 0x00007ffdb5dc9000 	C:\Windows\system32\mswsock.dll
0x00007ffda4c00000 - 0x00007ffda4c16000 	C:\Program Files\Android\Android Studio\jbr\bin\nio.dll
0x00007ffd5ce20000 - 0x00007ffd5ce30000 	C:\Program Files\Android\Android Studio\jbr\bin\verify.dll
0x00007ffdb2d50000 - 0x00007ffdb2d77000 	C:\Users\WinOS\.gradle\native\1def1411415f61bf3af743bc5b6707747c0891f09f0c88961ee8f79bc544acac\windows-amd64\native-platform.dll
0x00007ffd6ac90000 - 0x00007ffd6ad08000 	C:\Users\WinOS\.gradle\native\0.2.7\x86_64-windows-gnu\gradle-fileevents.dll
0x00007ffd5ce00000 - 0x00007ffd5ce09000 	C:\Program Files\Android\Android Studio\jbr\bin\management.dll
0x00007ffd48df0000 - 0x00007ffd48dfb000 	C:\Program Files\Android\Android Studio\jbr\bin\management_ext.dll
0x00007ffdb7740000 - 0x00007ffdb7748000 	C:\Windows\System32\PSAPI.DLL
0x00007ffdb53b0000 - 0x00007ffdb53dd000 	C:\Windows\SYSTEM32\IPHLPAPI.DLL
0x00007ffdb8010000 - 0x00007ffdb8019000 	C:\Windows\System32\NSI.dll
0x00007ffd88f40000 - 0x00007ffd88f49000 	C:\Program Files\Android\Android Studio\jbr\bin\extnet.dll
0x00007ffdb5fb0000 - 0x00007ffdb5fcb000 	C:\Windows\SYSTEM32\CRYPTSP.dll
0x00007ffdb5850000 - 0x00007ffdb5885000 	C:\Windows\system32\rsaenh.dll
0x00007ffdb5e50000 - 0x00007ffdb5e78000 	C:\Windows\SYSTEM32\USERENV.dll
0x00007ffdb5fd0000 - 0x00007ffdb5fdc000 	C:\Windows\SYSTEM32\CRYPTBASE.dll
0x00007ffd43af0000 - 0x00007ffd43af8000 	C:\Windows\system32\wshunix.dll
0x00007ffdb53e0000 - 0x00007ffdb54e2000 	C:\Windows\SYSTEM32\DNSAPI.dll
0x0000000056dd0000 - 0x0000000056df6000 	C:\Program Files\Bonjour\mdnsNSP.dll
0x00007ffda7bb0000 - 0x00007ffda7bba000 	C:\Windows\System32\rasadhlp.dll
0x00007ffdb0190000 - 0x00007ffdb0213000 	C:\Windows\System32\fwpuclnt.dll
0x00007ffdb5a00000 - 0x00007ffdb5a34000 	C:\Windows\SYSTEM32\ntmarta.dll
0x00007ffdb2f80000 - 0x00007ffdb2f87000 	C:\Program Files\Android\Android Studio\jbr\bin\rmi.dll

dbghelp: loaded successfully - version: 4.0.5 - missing functions: none
symbol engine: initialized successfully - sym options: 0x614 - pdb path: .;C:\Program Files\Android\Android Studio\jbr\bin;C:\Windows\SYSTEM32;C:\Windows\WinSxS\amd64_microsoft.windows.common-controls_6595b64144ccf1df_6.0.22621.3672_none_2713b9d173822955;C:\Program Files\Android\Android Studio\jbr\bin\server;C:\Users\WinOS\.gradle\native\1def1411415f61bf3af743bc5b6707747c0891f09f0c88961ee8f79bc544acac\windows-amd64;C:\Users\WinOS\.gradle\native\0.2.7\x86_64-windows-gnu;C:\Program Files\Bonjour

VM Arguments:
jvm_args: --add-opens=java.base/java.lang=ALL-UNNAMED --add-opens=java.base/java.lang.invoke=ALL-UNNAMED --add-opens=java.base/java.util=ALL-UNNAMED --add-opens=java.prefs/java.util.prefs=ALL-UNNAMED --add-exports=jdk.compiler/com.sun.tools.javac.api=ALL-UNNAMED --add-exports=jdk.compiler/com.sun.tools.javac.util=ALL-UNNAMED --add-opens=java.base/java.util=ALL-UNNAMED --add-opens=java.prefs/java.util.prefs=ALL-UNNAMED --add-opens=java.base/java.nio.charset=ALL-UNNAMED --add-opens=java.base/java.net=ALL-UNNAMED --add-opens=java.base/java.util.concurrent.atomic=ALL-UNNAMED --add-opens=java.xml/javax.xml.namespace=ALL-UNNAMED -XX:MaxMetaspaceSize=4G -XX:ReservedCodeCacheSize=512m -XX:+HeapDumpOnOutOfMemoryError -Xmx8G -Dfile.encoding=UTF-8 -Duser.country=US -Duser.language=en -Duser.variant -javaagent:C:\Users\WinOS\.gradle\wrapper\dists\gradle-8.14-all\c2qonpi39x1mddn7hk5gh9iqj\gradle-8.14\lib\agents\gradle-instrumentation-agent-8.14.jar 
java_command: org.gradle.launcher.daemon.bootstrap.GradleDaemon 8.14
java_class_path (initial): C:\Users\WinOS\.gradle\wrapper\dists\gradle-8.14-all\c2qonpi39x1mddn7hk5gh9iqj\gradle-8.14\lib\gradle-daemon-main-8.14.jar
Launcher Type: SUN_STANDARD

[Global flags]
     intx CICompilerCount                          = 3                                         {product} {ergonomic}
     uint ConcGCThreads                            = 1                                         {product} {ergonomic}
     uint G1ConcRefinementThreads                  = 4                                         {product} {ergonomic}
   size_t G1HeapRegionSize                         = 4194304                                   {product} {ergonomic}
    uintx GCDrainStackTargetSize                   = 64                                        {product} {ergonomic}
     bool HeapDumpOnOutOfMemoryError               = true                                   {manageable} {command line}
   size_t InitialHeapSize                          = 134217728                                 {product} {ergonomic}
   size_t MarkStackSize                            = 4194304                                   {product} {ergonomic}
   size_t MaxHeapSize                              = 8589934592                                {product} {command line}
   size_t MaxMetaspaceSize                         = 4294967296                                {product} {command line}
   size_t MaxNewSize                               = 5150605312                                {product} {ergonomic}
   size_t MinHeapDeltaBytes                        = 4194304                                   {product} {ergonomic}
   size_t MinHeapSize                              = 8388608                                   {product} {ergonomic}
    uintx NonNMethodCodeHeapSize                   = 5832780                                {pd product} {ergonomic}
    uintx NonProfiledCodeHeapSize                  = 265519066                              {pd product} {ergonomic}
    uintx ProfiledCodeHeapSize                     = 265519066                              {pd product} {ergonomic}
    uintx ReservedCodeCacheSize                    = 536870912                              {pd product} {command line}
     bool SegmentedCodeCache                       = true                                      {product} {ergonomic}
   size_t SoftMaxHeapSize                          = 8589934592                             {manageable} {ergonomic}
     bool UseCompressedOops                        = true                           {product lp64_product} {ergonomic}
     bool UseG1GC                                  = true                                      {product} {ergonomic}
     bool UseLargePagesIndividualAllocation        = false                                  {pd product} {ergonomic}

Logging:
Log output configuration:
 #0: stdout all=warning uptime,level,tags foldmultilines=false
 #1: stderr all=off uptime,level,tags foldmultilines=false

Environment Variables:
JAVA_HOME=C:\Program Files\Android\Android Studio\jbr
CLASSPATH=C:\Users\WinOS\final year\navguide\android\\gradle\wrapper\gradle-wrapper.jar
PATH=C:\Program Files\Android\Android Studio\jbr\bin;C:\Users\WinOS\dev\flutter\bin;C:\Users\WinOS\dev\flutter\bin;C:\Python314\Scripts\;C:\Python314\;C:\Program Files\Eclipse Adoptium\jdk-11.0.31.11-hotspot\bin;C:\Program Files\Common Files\Oracle\Java\javapath;C:\Windows\system32;C:\Windows;C:\Windows\System32\Wbem;C:\Windows\System32\WindowsPowerShell\v1.0\;C:\Windows\System32\OpenSSH\;C:\Users\WinOS\AppData\Local\Android\Sdk;C:\ProgramData\chocolatey\bin;C:\Users\WinOS\Desktop\php-8.4.8-Win32-vs17-x64;C:\Program Files\dotnet\;C:\Program Files\Docker\Docker\resources\bin;C:\Program Files\Go\bin;C:\Program Files\nodejs\;C:\Program Files\Git\cmd;C:\Python314\Scripts\;C:\Python314\;C:\Program Files\Eclipse Adoptium\jdk-11.0.31.11-hotspot\bin;C:\Program Files\Common Files\Oracle\Java\javapath;C:\Windows\system32;C:\Windows;C:\Windows\System32\Wbem;C:\Windows\System32\WindowsPowerShell\v1.0\;C:\Windows\System32\OpenSSH\;C:\Users\WinOS\AppData\Local\Android\Sdk;C:\ProgramData\chocolatey\bin;C:\Users\WinOS\Desktop\php-8.4.8-Win32-vs17-x64;C:\Program Files\dotnet\;C:\Program Files\Docker\Docker\resources\bin;C:\Program Files\Go\bin;C:\Program Files\nodejs\;C:\Python314\Scripts\;C:\Python314\;C:\Program Files\Eclipse Adoptium\jdk-11.0.31.11-hotspot\bin;C:\Program Files\Common Files\Oracle\Java\javapath;C:\Windows\system32;C:\Windows;C:\Windows\System32\Wbem;C:\Windows\System32\WindowsPowerShell\v1.0\;C:\Windows\System32\OpenSSH\;C:\Users\WinOS\AppData\Local\Android\Sdk;C:\ProgramData\chocolatey\bin;C:\Users\WinOS\Desktop\php-8.4.8-Win32-vs17-x64;C:\Program Files\dotnet\;C:\Program Files\Docker\Docker\resources\bin;C:\Program Files\Go\bin;C:\Program Files\nodejs\;C:\Program Files\Java\jdk-25\bin;C:\Python314\Scripts\;C:\Python314\;C:\Program Files\Eclipse Adoptium\jdk-11.0.31.11-hotspot\bin;C:\Program Files\Common Files\Oracle\Java\javapath;C:\Windows\system32;C:\Windows;C:\Windows\System32\Wbem;C:\Windows\System32\WindowsPowerShell\v1.0\;C:\Windows\System32\OpenSSH\;C:\Users\WinOS\AppData\Local\Android\Sdk;C:\ProgramData\chocolatey\bin;C:\Users\WinOS\Desktop\php-8.4.8-Win32-vs17-x64;C:\Program Files\dotnet\;C:\Program Files\Docker\Docker\resources\bin;C:\Program Files\Go\bin;C:\Program Files\nodejs\;C:\Users\WinOS\AppData\Local\Programs\Microsoft VS Code\bin;C:\Users\WinOS\dev\flutter\bin;C:\Program Files\Android\Android Studio\flutter\bin;;C:\Users\WinOS\dev\flutter\bin\mingit\cmd
USERNAME=WinOS
OS=Windows_NT
PROCESSOR_IDENTIFIER=Intel64 Family 6 Model 69 Stepping 1, GenuineIntel
TMP=C:\Users\WinOS\AppData\Local\Temp
TEMP=C:\Users\WinOS\AppData\Local\Temp




Periodic native trim disabled

JNI global refs:
JNI global refs: 29, weak refs: 42

JNI global refs memory usage: 835, weak refs: 833

Process memory usage:
Resident Set Size: 676736K (8% of 8294648K total physical memory with 399708K free physical memory)

OOME stack traces (most recent first):
Classloader memory used:
Loader org.gradle.internal.classloader.VisitableURLClassLoader                         : 122M
Loader org.gradle.internal.classloader.VisitableURLClassLoader$InstrumentingVisitableURLClassLoader: 77723K
Loader bootstrap                                                                       : 40057K
Loader org.gradle.initialization.MixInLegacyTypesClassLoader                           : 14766K
Loader jdk.internal.loader.ClassLoaders$AppClassLoader                                 : 11167K
Loader java.net.URLClassLoader                                                         : 5514K
Loader jdk.internal.jrtfs.JrtFileSystemProvider$JrtFsLoader                            : 3606K
Loader org.gradle.groovy.scripts.internal.DefaultScriptCompilationHandler$ScriptClassLoader: 1176K
Loader jdk.internal.loader.ClassLoaders$PlatformClassLoader                            : 1101K
Loader jdk.internal.reflect.DelegatingClassLoader                                      : 573K
Loader org.gradle.internal.classloader.VisitableURLClassLoader                         : 536K
Loader org.codehaus.groovy.runtime.callsite.CallSiteClassLoader                        : 49800B

Classes loaded by more than one classloader:
Class Program                                                                         : loaded 19 times (x 69B)
Class jdk.internal.jrtfs.SystemImage                                                  : loaded 13 times (x 71B)
Class jdk.internal.jrtfs.SystemImage$1                                                : loaded 13 times (x 75B)
Class jdk.internal.jrtfs.SystemImage$2                                                : loaded 13 times (x 73B)
Class jdk.internal.jrtfs.JrtFileSystem                                                : loaded 13 times (x 99B)
Class jdk.internal.jrtfs.JrtFileSystemProvider                                        : loaded 13 times (x 98B)
Class jdk.internal.jrtfs.JrtDirectoryStream$1                                         : loaded 13 times (x 80B)
Class jdk.internal.jimage.ImageLocation                                               : loaded 13 times (x 87B)
Class jdk.internal.jimage.ImageStrings                                                : loaded 13 times (x 67B)
Class jdk.internal.jimage.ImageBufferCache$1                                          : loaded 13 times (x 80B)
Class jdk.internal.jimage.ImageBufferCache$2                                          : loaded 13 times (x 88B)
Class jdk.internal.jimage.ImageHeader                                                 : loaded 13 times (x 68B)
Class jdk.internal.jrtfs.JrtDirectoryStream                                           : loaded 13 times (x 86B)
Class jdk.internal.jimage.ImageStringsReader                                          : loaded 13 times (x 77B)
Class jdk.internal.jimage.ImageReader                                                 : loaded 13 times (x 72B)
Class jdk.internal.jimage.ImageReader$Directory                                       : loaded 13 times (x 81B)
Class jdk.internal.jimage.ImageReader$SharedImageReader                               : loaded 13 times (x 92B)
Class jdk.internal.jimage.ImageReader$SharedImageReader$LocationVisitor               : loaded 13 times (x 67B)
Class jdk.internal.jimage.ImageReader$Node                                            : loaded 13 times (x 81B)
Class jdk.internal.jimage.BasicImageReader                                            : loaded 13 times (x 92B)
Class jdk.internal.jimage.BasicImageReader$1                                          : loaded 13 times (x 74B)
Class jdk.internal.jrtfs.JrtPath                                                      : loaded 13 times (x 115B)
Class jdk.internal.jimage.ImageBufferCache                                            : loaded 13 times (x 68B)
Class jdk.internal.jimage.decompressor.Decompressor                                   : loaded 13 times (x 69B)
Class jdk.internal.jrtfs.JrtFileAttributes                                            : loaded 13 times (x 80B)
Class jdk.internal.jimage.ImageReader$Resource                                        : loaded 13 times (x 81B)
Class Build_gradle                                                                    : loaded 12 times (x 127B)
Class jdk.internal.jrtfs.JrtFileStore                                                 : loaded 12 times (x 80B)
Class jdk.internal.jimage.BasicImageReader$2                                          : loaded 12 times (x 74B)
Class jdk.internal.jimage.ImageReader$LinkNode                                        : loaded 12 times (x 81B)
Class Build_gradle$1                                                                  : loaded 12 times (x 71B)
Class jdk.internal.jrtfs.ExplodedImage                                                : loaded 12 times (x 74B)
Class Build_gradle$2                                                                  : loaded 11 times (x 71B)
Class Build_gradle$1$1                                                                : loaded 10 times (x 75B)
Class Build_gradle$3                                                                  : loaded 7 times (x 72B)
Class Build_gradle$2$1                                                                : loaded 5 times (x 75B)
Class org.gradle.kotlin.dsl.ImplementationConfigurationAccessorsKt                    : loaded 5 times (x 68B)
Class org.gradle.kotlin.dsl.TestImplementationConfigurationAccessorsKt                : loaded 5 times (x 68B)
Class org.gradle.kotlin.dsl.Accessors7y9hz5zm5pocrb21isjhik2uhKt                      : loaded 4 times (x 68B)
Class org.gradle.kotlin.dsl.Accessors3b22zubz91h1vnit99qiq17ljKt                      : loaded 4 times (x 68B)
Class org.jetbrains.kotlin.build.report.metrics.BuildMetricsReporter                  : loaded 3 times (x 67B)
Class Settings_gradle                                                                 : loaded 3 times (x 125B)
Class org.jetbrains.kotlin.cli.common.arguments.K2JVMCompilerArguments                : loaded 3 times (x 73B)
Class [Lorg.jetbrains.kotlin.build.report.metrics.BuildTime;                          : loaded 3 times (x 66B)
Class Build_gradle$4                                                                  : loaded 3 times (x 75B)
Class org.jetbrains.kotlin.cli.common.arguments.CommonCompilerArguments               : loaded 3 times (x 72B)
Class Build_gradle$3$1                                                                : loaded 3 times (x 75B)
Class org.jetbrains.kotlin.build.report.metrics.GradleBuildTime                       : loaded 3 times (x 85B)
Class org.jetbrains.kotlin.cli.common.arguments.Freezable                             : loaded 3 times (x 69B)
Class org.jetbrains.kotlin.cli.common.arguments.CommonToolArguments                   : loaded 3 times (x 70B)
Class org.jetbrains.kotlin.build.report.metrics.GradleBuildTime$Companion             : loaded 3 times (x 68B)
Class org.jetbrains.kotlin.util.capitalizeDecapitalize.CapitalizeDecapitalizeKt       : loaded 3 times (x 68B)
Class org.jetbrains.kotlin.build.report.metrics.BuildTime                             : loaded 3 times (x 67B)
Class [Lorg.jetbrains.kotlin.build.report.metrics.GradleBuildTime;                    : loaded 3 times (x 66B)
Class org.jetbrains.kotlin.gradle.plugin.hierarchy.KotlinSourceSetTreeClassifierKt    : loaded 2 times (x 68B)
Class org.jetbrains.kotlin.gradle.report.UsesBuildMetricsService                      : loaded 2 times (x 67B)
Class org.jetbrains.kotlin.gradle.plugin.mpp.compilationImpl.factory.KotlinCompilationImplFactory$KotlinCompilationSourceSetsContainerFactory: loaded 2 times (x 67B)
Class org.jetbrains.kotlin.gradle.utils.ConfigurationCacheOpaqueValueSource           : loaded 2 times (x 76B)
Class org.jetbrains.kotlin.gradle.utils.MutableObservableSet                          : loaded 2 times (x 67B)
Class org.jetbrains.kotlin.gradle.dsl.KotlinHierarchyDsl                              : loaded 2 times (x 67B)
Class org.jetbrains.kotlin.gradle.targets.native.KonanPropertiesBuildService$Companion$registerIfAbsent$2$1: loaded 2 times (x 76B)
Class org.jetbrains.kotlin.gradle.report.BuildReportType                              : loaded 2 times (x 76B)
Class org.jetbrains.kotlin.statistics.metrics.StringAnonymizationPolicy$AllowedListAnonymizer: loaded 2 times (x 76B)
Class com.google.common.collect.ImmutableEnumSet                                      : loaded 2 times (x 143B)
Class com.google.common.util.concurrent.ExecutionError                                : loaded 2 times (x 79B)
Class com.google.common.collect.ImmutableList$1                                       : loaded 2 times (x 94B)
Class org.gradle.api.internal.classpath.ManifestUtil                                  : loaded 2 times (x 68B)
Class org.jetbrains.kotlin.metadata.ProtoBuf$Effect$InvocationKind$1                  : loaded 2 times (x 71B)
Class org.jetbrains.kotlin.protobuf.GeneratedMessageLite$1                            : loaded 2 times (x 68B)
Class org.jetbrains.kotlin.metadata.ProtoBuf$FunctionOrBuilder                        : loaded 2 times (x 67B)
Class org.jetbrains.kotlin.protobuf.GeneratedMessageLite$ExtendableMessageOrBuilder   : loaded 2 times (x 67B)
Class Build_gradle$3$4                                                                : loaded 2 times (x 75B)
Class com.google.common.io.ByteArrayDataOutput                                        : loaded 2 times (x 67B)
Class org.jetbrains.kotlin.gradle.tasks.KotlinCompile$androidLayoutResources$1        : loaded 2 times (x 71B)
Class org.jetbrains.kotlin.gradle.report.GradleBuildMetricsReporter                   : loaded 2 times (x 97B)
Class org.jetbrains.kotlin.gradle.utils.FutureKt$future$1                             : loaded 2 times (x 92B)
Class org.jetbrains.kotlin.gradle.plugin.mpp.KotlinMetadataCompilation                : loaded 2 times (x 67B)
Class org.jetbrains.kotlin.gradle.plugin.sources.KotlinDependencyScope                : loaded 2 times (x 76B)
Class org.jetbrains.kotlin.gradle.tasks.configuration.AbstractKotlinCompileConfig$1   : loaded 2 times (x 76B)
Class org.jetbrains.kotlin.gradle.plugin.mpp.compilationImpl.KotlinCompilationFriendPathsResolver: loaded 2 times (x 67B)
Class org.jetbrains.kotlin.konan.target.KonanTarget$ANDROID_ARM64                     : loaded 2 times (x 75B)
Class org.jetbrains.kotlin.gradle.artifacts.KotlinNativeHostSpecificMetadataArtifactKt$KotlinNativeHostSpecificMetadataArtifact$1: loaded 2 times (x 71B)
Class org.jetbrains.kotlin.gradle.plugin.mpp.compilationImpl.KotlinCompilationSideEffect$Companion: loaded 2 times (x 68B)
Class org.jetbrains.kotlin.gradle.plugin.mpp.KotlinUsages$KotlinMetadataDisambiguation: loaded 2 times (x 73B)
Class org.jetbrains.kotlin.gradle.tasks.publishing.HelpersKt$maybeCreateBcConfiguration$1: loaded 2 times (x 76B)
Class org.jetbrains.kotlin.gradle.plugin.statistics.FlowActionBuildFusService$Companion$registerIfAbsentImpl$1: loaded 2 times (x 72B)
Class org.jetbrains.kotlin.gradle.internal.properties.PropertiesBuildService$IntGradleProperty: loaded 2 times (x 73B)
Class com.google.gson.stream.MalformedJsonException                                   : loaded 2 times (x 79B)
Class com.google.common.collect.RegularImmutableMap                                   : loaded 2 times (x 118B)
Class com.google.common.collect.ImmutableMap$MapViewOfValuesAsSingletonSets           : loaded 2 times (x 123B)
Class org.jetbrains.kotlin.protobuf.ByteString$Output                                 : loaded 2 times (x 83B)
Class org.jetbrains.org.objectweb.asm.tree.FieldInsnNode                              : loaded 2 times (x 76B)
Class Build_gradle$3$5                                                                : loaded 2 times (x 75B)
Class build_1yes4yowwq6ycilqy555mf56r$_run_closure1$_closure3                         : loaded 2 times (x 136B)
Class jdk.internal.jimage.decompressor.StringSharingDecompressorFactory               : loaded 2 times (x 71B)
Class com.google.common.cache.LocalCache$Values                                       : loaded 2 times (x 115B)
Class com.google.common.collect.TransformedListIterator                               : loaded 2 times (x 90B)
Class org.jetbrains.kotlin.gradle.tasks.AbstractKotlinCompile$compilerRunner$1        : loaded 2 times (x 72B)
Class org.jetbrains.kotlin.gradle.tasks.CacheableTasksKt$cacheOnlyIfEnabledForKotlin$1: loaded 2 times (x 72B)
Class org.jetbrains.kotlin.gradle.utils.GradleAttributesContainerUtilsKt$setAttributeProvider$1: loaded 2 times (x 72B)
Class org.jetbrains.kotlin.gradle.internal.transforms.BuildToolsApiClasspathEntrySnapshotTransform: loaded 2 times (x 79B)
Class org.jetbrains.kotlin.gradle.tasks.configuration.AbstractKotlinCompileConfig$2   : loaded 2 times (x 76B)
Class org.jetbrains.kotlin.gradle.plugin.mpp.compilationImpl.factory.KotlinCompilationImplFactory$PreConfigure: loaded 2 times (x 67B)
Class org.jetbrains.kotlin.gradle.plugin.KotlinProjectSetupActionKt$KotlinProjectSetupCoroutine$1$1: loaded 2 times (x 92B)
Class org.jetbrains.kotlin.konan.target.KonanTarget$WATCHOS_ARM32                     : loaded 2 times (x 75B)
Class org.jetbrains.kotlin.gradle.targets.js.dsl.KotlinJsTargetDsl                    : loaded 2 times (x 67B)
Class org.jetbrains.kotlin.gradle.plugin.KotlinPluginLifecycleImplKt                  : loaded 2 times (x 68B)
Class org.jetbrains.kotlin.gradle.plugin.diagnostics.checkers.DeprecatedKotlinNativeTargetsChecker$runChecks$1: loaded 2 times (x 85B)
Class org.jetbrains.kotlin.gradle.plugin.KotlinPluginLifecycleImpl$WhenMappings       : loaded 2 times (x 68B)
Class org.jetbrains.kotlin.gradle.dsl.KotlinCommonCompilerToolOptionsHelper           : loaded 2 times (x 68B)
Class org.jetbrains.kotlin.gradle.plugin.KotlinTargetComponent                        : loaded 2 times (x 67B)
Class org.jetbrains.kotlin.gradle.plugin.KotlinGradlePluginExtensionPointInternal     : loaded 2 times (x 73B)
Class org.jetbrains.kotlin.gradle.tasks.publishing.HelpersKt$maybeCreateBcConfiguration$1$1: loaded 2 times (x 72B)
Class org.jetbrains.kotlin.statistics.metrics.StringOverridePolicy$OVERRIDE_VERSION_IF_NOT_SET: loaded 2 times (x 82B)
Class org.jetbrains.kotlin.gradle.plugin.statistics.KotlinBuildStatsBeanService$Companion$initStatsService$1: loaded 2 times (x 76B)
Class org.jetbrains.kotlin.gradle.plugin.VariantImplementationFactories$Companion$getProvider$1: loaded 2 times (x 72B)
Class org.jetbrains.kotlin.gradle.internal.properties.PropertiesBuildService$BooleanGradleProperty: loaded 2 times (x 73B)
Class org.jetbrains.kotlin.gradle.dsl.KotlinProjectExtension                          : loaded 2 times (x 119B)
Class [Lorg.objectweb.asm.Symbol;                                                     : loaded 2 times (x 66B)
Class org.objectweb.asm.ClassVisitor                                                  : loaded 2 times (x 85B)
Class com.google.common.collect.UnmodifiableListIterator                              : loaded 2 times (x 92B)
Class org.jetbrains.kotlin.metadata.ProtoBuf$Effect$EffectType                        : loaded 2 times (x 79B)
Class com.google.common.collect.MapMakerInternalMap$StrongKeyDummyValueEntry$LinkedStrongKeyDummyValueEntry: loaded 2 times (x 79B)
Class com.google.common.collect.MapMakerInternalMap$Strength                          : loaded 2 times (x 77B)
Class org.jetbrains.kotlin.gradle.plugin.KotlinPluginLifecycle$ProjectConfigurationResult$Failure: loaded 2 times (x 69B)
Class com.google.common.base.Platform$JdkPatternCompiler                              : loaded 2 times (x 72B)
Class org.jetbrains.kotlin.gradle.internal.abi.ConfigsKt$configureLegacyTasks$1       : loaded 2 times (x 72B)
Class org.jetbrains.kotlin.gradle.plugin.sources.DefaultKotlinSourceSet$MetadataDependencyTransformation: loaded 2 times (x 69B)
Class org.jetbrains.kotlin.gradle.tasks.DefaultKotlinJavaToolchain$Companion          : loaded 2 times (x 68B)
Class org.jetbrains.kotlin.gradle.tasks.DefaultKotlinJavaToolchain                    : loaded 2 times (x 74B)
Class org.jetbrains.kotlin.gradle.targets.native.toolchain.KotlinNativeBundleBuildService$Parameters: loaded 2 times (x 67B)
Class org.jetbrains.kotlin.gradle.targets.native.toolchain.KotlinNativeBundleBuildService: loaded 2 times (x 74B)
Class org.jetbrains.kotlin.gradle.plugin.KotlinGradleBuildServices                    : loaded 2 times (x 77B)
Class [Lorg.jetbrains.kotlin.statistics.ValueAnonymizer;                              : loaded 2 times (x 66B)
Class org.jetbrains.kotlin.gradle.internal.properties.PropertiesBuildService$MemoizedCallable$value$2: loaded 2 times (x 76B)
Class org.objectweb.asm.MethodTooLargeException                                       : loaded 2 times (x 80B)
Class [Lcom.google.common.cache.CacheBuilder$OneWeigher;                              : loaded 2 times (x 66B)
Class com.google.common.base.Suppliers                                                : loaded 2 times (x 68B)
Class org.gradle.internal.classloader.DefaultClassLoaderFactory                       : loaded 2 times (x 79B)
Class org.jetbrains.kotlin.metadata.jvm.deserialization.JvmNameResolver               : loaded 2 times (x 77B)
Class org.jetbrains.org.objectweb.asm.ClassVisitor                                    : loaded 2 times (x 85B)
Class kotlin.sequences.SequencesKt___SequencesKt                                      : loaded 2 times (x 68B)
Class kotlin.collections.AbstractList$Companion                                       : loaded 2 times (x 68B)
Class com.google.common.collect.ReverseNaturalOrdering                                : loaded 2 times (x 111B)
Class com.google.common.io.ByteSource$ConcatenatedByteSource                          : loaded 2 times (x 82B)
Class [Lcom.google.common.collect.AbstractIterator$State;                             : loaded 2 times (x 66B)
Class com.google.common.base.CharMatcher$None                                         : loaded 2 times (x 109B)
Class org.jetbrains.kotlin.gradle.plugin.PropertiesProvider$kotlinCompilerArgumentsLogLevel$1: loaded 2 times (x 71B)
Class org.jetbrains.kotlin.compilerRunner.CompilerSystemPropertiesService$Parameters_Decorated: loaded 2 times (x 131B)
Class org.jetbrains.kotlin.gradle.internal.abi.ConfigsKt$configureLegacyTasks$2       : loaded 2 times (x 72B)
Class org.jetbrains.kotlin.gradle.dsl.abi.ExperimentalAbiValidation                   : loaded 2 times (x 67B)
Class org.jetbrains.kotlin.gradle.plugin.KotlinTargetWithTests                        : loaded 2 times (x 67B)
Class org.jetbrains.kotlin.gradle.plugin.diagnostics.ToolingDiagnosticRenderingOptions: loaded 2 times (x 69B)
Class [Lorg.jetbrains.kotlin.gradle.dsl.KotlinVersion;                                : loaded 2 times (x 66B)
Class org.jetbrains.kotlin.gradle.plugin.diagnostics.checkers.JsEnvironmentChecker    : loaded 2 times (x 73B)
Class org.jetbrains.kotlin.gradle.targets.js.npm.NpmDependencyExtensionKt             : loaded 2 times (x 68B)
Class org.jetbrains.kotlin.gradle.plugin.diagnostics.UsesKotlinToolingDiagnosticsParameters: loaded 2 times (x 67B)
Class org.jetbrains.kotlin.gradle.plugin.PropertiesProvider$classLoaderCacheTimeoutInSeconds$1: loaded 2 times (x 72B)
Class org.jetbrains.kotlin.gradle.report.BuildMetricsService                          : loaded 2 times (x 83B)
Class org.jetbrains.kotlin.statistics.metrics.NumberAnonymizationPolicy               : loaded 2 times (x 82B)
Class org.jetbrains.kotlin.statistics.metrics.StringAnonymizationPolicy               : loaded 2 times (x 75B)
Class org.gradle.internal.classloader.ClassLoaderVisitor                              : loaded 2 times (x 73B)
Class org.jetbrains.kotlin.gradle.plugin.PropertiesProvider$separateKmpCompilation$1  : loaded 2 times (x 76B)
Class org.jetbrains.kotlin.metadata.deserialization.Flags$EnumLiteFlagField           : loaded 2 times (x 73B)
Class org.jetbrains.kotlin.metadata.ProtoBuf$Type$Argument$1                          : loaded 2 times (x 141B)
Class org.jetbrains.kotlin.metadata.jvm.JvmProtoBuf$StringTableTypesOrBuilder         : loaded 2 times (x 67B)
Class org.jetbrains.org.objectweb.asm.tree.FrameNode                                  : loaded 2 times (x 76B)
Class org.jetbrains.org.objectweb.asm.ClassReader                                     : loaded 2 times (x 89B)
Class com.google.common.collect.Ordering                                              : loaded 2 times (x 111B)
Class org.jetbrains.kotlin.build.report.metrics.BuildPerformanceMetrics               : loaded 2 times (x 69B)
Class org.jetbrains.kotlin.gradle.plugin.mpp.compilationImpl.KotlinCompilationLanguageSettingsConfigurator: loaded 2 times (x 71B)
Class org.jetbrains.kotlin.gradle.plugin.KotlinPluginLifecycleKt$await$1              : loaded 2 times (x 85B)
Class [Lorg.jetbrains.kotlin.gradle.plugin.KotlinCompilation;                         : loaded 2 times (x 66B)
Class org.jetbrains.kotlin.gradle.plugin.mpp.KotlinTargetComponentWithPublication     : loaded 2 times (x 67B)
Class org.jetbrains.kotlin.gradle.plugin.mpp.compilationImpl.KotlinCreateNativeCompileTasksSideEffectKt: loaded 2 times (x 68B)
Class org.jetbrains.kotlin.gradle.plugin.KotlinProjectSetupActionKt                   : loaded 2 times (x 68B)
Class org.jetbrains.kotlin.gradle.dsl.KotlinTargetContainerWithJsPresetFunctions      : loaded 2 times (x 67B)
Class org.jetbrains.kotlin.gradle.report.ReportingSettings$Companion                  : loaded 2 times (x 68B)
Class org.jetbrains.kotlin.gradle.report.ConfigureReporingKt                          : loaded 2 times (x 68B)
Class org.jetbrains.kotlin.tooling.core.TypeUtils                                     : loaded 2 times (x 68B)
Class [Lcom.google.common.collect.ImmutableMapEntry;                                  : loaded 2 times (x 66B)
Class org.gradle.api.internal.classpath.EffectiveClassPath                            : loaded 2 times (x 87B)
Class org.jetbrains.kotlin.metadata.ProtoBuf$EnumEntry                                : loaded 2 times (x 118B)
Class [Lorg.jetbrains.kotlin.descriptors.CallableMemberDescriptor$Kind;               : loaded 2 times (x 66B)
Class kotlin.text.StringsKt__AppendableKt                                             : loaded 2 times (x 68B)
Class build_1yes4yowwq6ycilqy555mf56r                                                 : loaded 2 times (x 177B)
Class org.jetbrains.kotlin.gradle.plugin.mpp.compilationImpl.DefaultKotlinCompilationConfigurationsContainer: loaded 2 times (x 81B)
Class com.google.common.collect.ImmutableRangeSet                                     : loaded 2 times (x 112B)
Class org.jetbrains.kotlin.konan.target.KonanTarget$ANDROID_ARM32                     : loaded 2 times (x 75B)
Class org.jetbrains.kotlin.gradle.tasks.TasksProviderKt                               : loaded 2 times (x 68B)
Class org.jetbrains.kotlin.gradle.plugin.diagnostics.ToolingDiagnostic                : loaded 2 times (x 69B)
Class org.jetbrains.kotlin.gradle.plugin.sources.DefaultKotlinSourceSetFactory        : loaded 2 times (x 77B)
Class com.google.common.collect.ListMultimap                                          : loaded 2 times (x 67B)
Class com.google.common.collect.ImmutableEnumMap                                      : loaded 2 times (x 123B)
Class [Lkotlin.reflect.KCallable;                                                     : loaded 2 times (x 66B)
Class org.jetbrains.kotlin.util.ModuleVisibilityHelper                                : loaded 2 times (x 67B)
Class org.jetbrains.kotlin.descriptors.DescriptorVisibilities$1                       : loaded 2 times (x 76B)
Class org.jetbrains.kotlin.protobuf.CodedOutputStream$ByteBufferOutputStream          : loaded 2 times (x 83B)
Class build_1yes4yowwq6ycilqy555mf56r$_run_closure1                                   : loaded 2 times (x 136B)
Class build_epjocmqtmc3tl9jxxgaw69jl6$_run_closure1                                   : loaded 2 times (x 136B)
Class com.google.common.collect.ImmutableSet$SerializedForm                           : loaded 2 times (x 70B)
Class com.google.common.collect.ComparatorOrdering                                    : loaded 2 times (x 112B)
Class com.google.common.base.Splitter                                                 : loaded 2 times (x 69B)
Class org.jetbrains.kotlin.incremental.ClasspathChanges                               : loaded 2 times (x 68B)
Class org.jetbrains.kotlin.buildtools.api.jvm.ClassSnapshotGranularity                : loaded 2 times (x 76B)
Class org.jetbrains.kotlin.gradle.ExternalKotlinTargetApi                             : loaded 2 times (x 67B)
Class com.google.common.collect.Iterators$EmptyModifiableIterator                     : loaded 2 times (x 83B)
Class org.jetbrains.kotlin.gradle.plugin.diagnostics.checkers.AndroidPluginWithoutAndroidTargetChecker$runChecks$1: loaded 2 times (x 85B)
Class org.jetbrains.kotlin.gradle.plugin.diagnostics.checkers.AndroidSourceSetLayoutV1SourceSetsNotFoundChecker$runChecks$1: loaded 2 times (x 85B)
Class org.jetbrains.kotlin.gradle.plugin.diagnostics.KotlinGradleProjectCheckersRunnerKt$launchKotlinGradleProjectCheckers$1$1: loaded 2 times (x 92B)
Class org.jetbrains.kotlin.konan.target.KonanTarget                                   : loaded 2 times (x 75B)
Class org.jetbrains.kotlin.gradle.targets.CreateDefaultTestRunSideEffectKt            : loaded 2 times (x 68B)
Class org.jetbrains.kotlin.gradle.utils.ProviderApiUtilsKt$mapOrNull$1                : loaded 2 times (x 72B)
Class org.jetbrains.kotlin.gradle.tasks.publishing.GeneratePgpKeys                    : loaded 2 times (x 317B)
Class org.jetbrains.kotlin.gradle.targets.native.toolchain.KotlinNativeBundleBuildService$Companion$registerIfAbsent$1: loaded 2 times (x 72B)
Class org.jetbrains.kotlin.statistics.metrics.BooleanAnonymizationPolicy              : loaded 2 times (x 82B)
Class org.jetbrains.kotlin.statistics.metrics.BooleanOverridePolicy$OVERRIDE          : loaded 2 times (x 82B)
Class org.jetbrains.kotlin.gradle.plugin.PropertiesProvider$kotlinExperimentalTryNext$1: loaded 2 times (x 72B)
Class org.jetbrains.kotlin.gradle.fus.BuildUidService$Companion                       : loaded 2 times (x 68B)
Class org.jetbrains.kotlin.gradle.plugin.VariantImplementationFactoriesConfigurator$Companion$getProvider$1: loaded 2 times (x 71B)
Class com.google.common.collect.Sets$1                                                : loaded 2 times (x 136B)
Class org.objectweb.asm.AnnotationVisitor                                             : loaded 2 times (x 75B)
Class org.gradle.api.internal.DefaultClassPathProvider                                : loaded 2 times (x 73B)
Class org.jetbrains.kotlin.descriptors.DescriptorVisibilities$2                       : loaded 2 times (x 76B)
Class org.jetbrains.kotlin.metadata.ProtoBuf$Modality                                 : loaded 2 times (x 79B)
Class org.jetbrains.kotlin.metadata.jvm.JvmProtoBuf$JvmFieldSignature                 : loaded 2 times (x 105B)
Class org.jetbrains.kotlin.protobuf.ExtensionRegistryLite                             : loaded 2 times (x 71B)
Class kotlin.sequences.Sequence                                                       : loaded 2 times (x 67B)
Class kotlin.text.StringsKt__StringNumberConversionsJVMKt                             : loaded 2 times (x 68B)
Class com.google.common.collect.NaturalOrdering                                       : loaded 2 times (x 112B)
Class com.google.common.io.CharSource$ConcatenatedCharSource                          : loaded 2 times (x 83B)
Class com.google.common.collect.MapMakerInternalMap$Strength$1                        : loaded 2 times (x 77B)
Class com.google.common.collect.Maps$ViewCachingAbstractMap                           : loaded 2 times (x 122B)
Class org.jetbrains.kotlin.gradle.tasks.configuration.KaptGenerateStubsConfig$Companion$wireJavaAndKotlinOutputs$1: loaded 2 times (x 76B)
Class org.jetbrains.kotlin.gradle.tasks.abi.AbiToolsTask                              : loaded 2 times (x 318B)
Class org.jetbrains.kotlin.gradle.plugin.KotlinPluginLifecycleCoroutineContextElement : loaded 2 times (x 81B)
Class org.jetbrains.kotlin.gradle.dsl.PlatformSourceSetConventionsChecker             : loaded 2 times (x 71B)
Class org.jetbrains.kotlin.gradle.plugin.diagnostics.checkers.KotlinSourceSetTreeDependsOnMismatchChecker: loaded 2 times (x 71B)
Class org.jetbrains.kotlin.gradle.targets.CreateDefaultCompilationsSideEffectKt       : loaded 2 times (x 68B)
Class org.jetbrains.kotlin.gradle.plugin.mpp.SyncLanguageSettingsWithKotlinExtensionSetupActionKt: loaded 2 times (x 68B)
Class org.jetbrains.kotlin.gradle.plugin.statistics.BuildFinishBuildService$Companion$registerIfAbsent$1: loaded 2 times (x 72B)
Class org.jetbrains.kotlin.statistics.metrics.NumericalMetrics                        : loaded 2 times (x 77B)
Class org.jetbrains.kotlin.gradle.plugin.VariantImplementationFactories$Companion$getProvider$2$1: loaded 2 times (x 76B)
Class com.google.common.collect.Sets$2                                                : loaded 2 times (x 136B)
Class [Lorg.gradle.api.internal.ClassPathProvider;                                    : loaded 2 times (x 66B)
Class org.gradle.api.internal.ClassPathProvider                                       : loaded 2 times (x 67B)
Class com.google.common.collect.AbstractMapBasedMultimap$WrappedCollection            : loaded 2 times (x 121B)
Class org.jetbrains.kotlin.metadata.jvm.deserialization.ClassMapperLite               : loaded 2 times (x 68B)
Class org.jetbrains.kotlin.descriptors.DescriptorVisibilities$3                       : loaded 2 times (x 76B)
Class org.jetbrains.kotlin.metadata.ProtoBuf$MemberKind                               : loaded 2 times (x 79B)
Class org.jetbrains.kotlin.metadata.jvm.deserialization.JvmNameResolverBase$Companion : loaded 2 times (x 68B)
Class org.jetbrains.kotlin.load.java.JvmAnnotationNames                               : loaded 2 times (x 68B)
Class org.jetbrains.kotlin.cli.common.CompilerSystemProperties                        : loaded 2 times (x 77B)
Class com.google.common.collect.MapMakerInternalMap$Strength$2                        : loaded 2 times (x 77B)
Class com.google.common.base.AbstractIterator$State                                   : loaded 2 times (x 76B)
Class org.jetbrains.kotlin.gradle.plugin.statistics.ExecutedTaskMetrics               : loaded 2 times (x 68B)
Class org.jetbrains.kotlin.gradle.plugin.diagnostics.CheckKotlinGradlePluginConfigurationErrors$Companion: loaded 2 times (x 68B)
Class org.jetbrains.kotlin.gradle.tasks.KotlinJvmCompile$DefaultImpls                 : loaded 2 times (x 68B)
Class org.jetbrains.kotlin.gradle.tasks.CacheableTasksKt                              : loaded 2 times (x 68B)
Class org.jetbrains.kotlin.konan.target.HostManager$targetValues$2                    : loaded 2 times (x 75B)
Class org.jetbrains.kotlin.gradle.plugin.diagnostics.checkers.UnusedSourceSetsChecker$runChecks$1: loaded 2 times (x 85B)
Class [Lorg.jetbrains.kotlin.konan.target.Family;                                     : loaded 2 times (x 66B)
Class org.jetbrains.kotlin.gradle.targets.js.npm.PeerNpmDependencyExtension           : loaded 2 times (x 67B)
Class org.jetbrains.kotlin.gradle.dsl.AndroidMainSourceSetConventionsChecker          : loaded 2 times (x 71B)
Class org.jetbrains.kotlin.gradle.plugin.diagnostics.checkers.WasmJsEnvironmentChecker$1: loaded 2 times (x 75B)
Class org.jetbrains.kotlin.gradle.targets.native.internal.SetupKotlinNativePlatformDependenciesAndStdlibKt$SetupKotlinNativeStdlibAndPlatformDependenciesImport$1: loaded 2 times (x 92B)
Class org.jetbrains.kotlin.gradle.targets.js.npm.NpmDependencyExtensionKt$AddNpmDependencyExtensionProjectSetupAction$1: loaded 2 times (x 71B)
Class org.jetbrains.kotlin.gradle.plugin.statistics.BuildFinishBuildService$Parameters$Inject: loaded 2 times (x 109B)
Class org.jetbrains.kotlin.gradle.plugin.statistics.FlowActionBuildFusService         : loaded 2 times (x 81B)
Class org.jetbrains.kotlin.build.report.metrics.GradleBuildPerformanceMetric          : loaded 2 times (x 94B)
Class org.jetbrains.kotlin.gradle.internal.properties.PropertiesBuildService$NullableBooleanGradleProperty: loaded 2 times (x 73B)
Class [Lorg.objectweb.asm.AnnotationVisitor;                                          : loaded 2 times (x 66B)
Class com.google.common.collect.Sets$3                                                : loaded 2 times (x 136B)
Class com.google.common.cache.LocalCache$LocalLoadingCache                            : loaded 2 times (x 131B)
Class org.gradle.internal.service.UnknownServiceException                             : loaded 2 times (x 80B)
Class org.jetbrains.kotlin.descriptors.DescriptorVisibilities$4                       : loaded 2 times (x 76B)
Class [Lorg.jetbrains.kotlin.protobuf.WireFormat$JavaType;                            : loaded 2 times (x 66B)
Class org.jetbrains.org.objectweb.asm.tree.TableSwitchInsnNode                        : loaded 2 times (x 76B)
Class [Lorg.jetbrains.org.objectweb.asm.Attribute;                                    : loaded 2 times (x 66B)
Class com.google.common.collect.MapMakerInternalMap$StrongValueEntry                  : loaded 2 times (x 67B)
Class com.google.common.io.ByteArrayDataInput                                         : loaded 2 times (x 67B)
Class org.jetbrains.kotlin.gradle.tasks.configuration.BaseKotlinCompileConfig$2$1$1$1 : loaded 2 times (x 71B)
Class org.jetbrains.kotlin.gradle.tasks.KotlinCompile$ScriptFilterSpec                : loaded 2 times (x 72B)
Class org.jetbrains.kotlin.gradle.internal.abi.AbiValidationLegacyDumpExtensionImpl   : loaded 2 times (x 79B)
Class org.jetbrains.kotlin.gradle.plugin.diagnostics.checkers.ComposePluginSuggestApplyChecker$runChecks$1: loaded 2 times (x 85B)
Class org.jetbrains.kotlin.konan.target.KonanTarget$TVOS_ARM64                        : loaded 2 times (x 75B)
Class org.jetbrains.kotlin.gradle.targets.js.npm.DefaultPeerNpmDependencyExtension    : loaded 2 times (x 138B)
Class org.jetbrains.kotlin.gradle.targets.android.internal.InternalKotlinTargetPreset : loaded 2 times (x 67B)
Class org.jetbrains.kotlin.gradle.plugin.KotlinPluginLifecycleKt                      : loaded 2 times (x 68B)
Class org.jetbrains.kotlin.gradle.plugin.diagnostics.checkers.WasmJsEnvironmentChecker$2: loaded 2 times (x 75B)
Class org.jetbrains.kotlin.gradle.plugin.mpp.AbstractKotlinTarget                     : loaded 2 times (x 147B)
Class org.jetbrains.kotlin.gradle.internal.properties.NativePropertiesLoader$kotlinNativeVersion$1: loaded 2 times (x 72B)
Class org.jetbrains.kotlin.gradle.plugin.VariantImplementationFactoriesConfigurator$Inject: loaded 2 times (x 93B)
Class org.jetbrains.kotlin.gradle.dsl.KotlinSingleTargetExtension                     : loaded 2 times (x 121B)
Class com.google.common.collect.Sets$4                                                : loaded 2 times (x 136B)
Class org.objectweb.asm.ModuleVisitor                                                 : loaded 2 times (x 78B)
Class com.google.common.cache.LocalCache$Strength$1                                   : loaded 2 times (x 78B)
Class org.jetbrains.kotlin.descriptors.DescriptorVisibilities$5                       : loaded 2 times (x 76B)
Class org.jetbrains.kotlin.metadata.jvm.JvmProtoBuf$JvmPropertySignatureOrBuilder     : loaded 2 times (x 67B)
Class org.jetbrains.kotlin.protobuf.GeneratedMessageLite$ExtendableMessage            : loaded 2 times (x 110B)
Class org.jetbrains.kotlin.cli.common.messages.CompilerMessageSeverity                : loaded 2 times (x 76B)
Class org.jetbrains.kotlin.gradle.tasks.configuration.BaseKotlinCompileConfig$2$1$1$2 : loaded 2 times (x 71B)
Class org.jetbrains.kotlin.gradle.plugin.mpp.KotlinCompilationsKt$addSourcesToKotlinCompileTask$configureAction$2: loaded 2 times (x 76B)
Class org.jetbrains.kotlin.gradle.plugin.mpp.compilationImpl.KotlinCompilationTaskNamesContainer: loaded 2 times (x 69B)
Class org.jetbrains.kotlin.gradle.plugin.mpp.compilationImpl.factory.KotlinCompilationImplFactory$KotlinCompilerOptionsFactory: loaded 2 times (x 67B)
Class org.jetbrains.kotlin.gradle.internal.properties.PropertiesBuildServiceKt$propertyWithDeprecatedName$1: loaded 2 times (x 72B)
Class org.jetbrains.kotlin.gradle.targets.js.npm.NpmDependencyExtension               : loaded 2 times (x 67B)
Class org.jetbrains.kotlin.gradle.plugin.LanguageSettingsBuilder                      : loaded 2 times (x 67B)
Class org.jetbrains.kotlin.gradle.plugin.diagnostics.checkers.WasmWasiEnvironmentChecker: loaded 2 times (x 73B)
Class org.jetbrains.kotlin.gradle.plugin.diagnostics.checkers.WasmJsEnvironmentChecker$3: loaded 2 times (x 75B)
Class org.jetbrains.kotlin.gradle.targets.ConfigureBuildSideEffectKt                  : loaded 2 times (x 68B)
Class org.jetbrains.kotlin.gradle.plugin.BuildEventsListenerRegistryHolder$Companion  : loaded 2 times (x 68B)
Class org.jetbrains.kotlin.gradle.plugin.statistics.BuildFusService$Companion$registerIfAbsentImpl$generalConfigurationMetricsProvider$1: loaded 2 times (x 72B)
Class [Lorg.jetbrains.kotlin.statistics.metrics.StringMetrics;                        : loaded 2 times (x 66B)
Class org.jetbrains.kotlin.gradle.internal.properties.PropertiesBuildService$Inject   : loaded 2 times (x 93B)
Class com.google.common.util.concurrent.SettableFuture                                : loaded 2 times (x 111B)
Class com.google.common.cache.LocalCache$Strength$2                                   : loaded 2 times (x 78B)
Class Build_gradle$3$3                                                                : loaded 2 times (x 75B)
Class org.jetbrains.kotlin.descriptors.DescriptorVisibilities$6                       : loaded 2 times (x 76B)
Class org.jetbrains.kotlin.protobuf.CodedOutputStream$OutOfSpaceException             : loaded 2 times (x 79B)
Class org.jetbrains.kotlin.metadata.ProtoBuf$Annotation$Argument$Value                : loaded 2 times (x 124B)
Class kotlin.collections.ArraysKt___ArraysJvmKt                                       : loaded 2 times (x 68B)
Class kotlin.collections.CollectionsKt__CollectionsKt                                 : loaded 2 times (x 68B)
Class kotlin.text.StringsKt__RegexExtensionsJVMKt                                     : loaded 2 times (x 68B)
Class build_4aui4tclos8c9y2x8xnm6nb58$_run_closure1$_closure3                         : loaded 2 times (x 136B)
Class com.google.common.collect.AllEqualOrdering                                      : loaded 2 times (x 111B)
Class com.google.common.collect.Interners$InternerImpl                                : loaded 2 times (x 72B)
Class com.google.common.collect.Interner                                              : loaded 2 times (x 67B)
Class com.google.common.collect.TransformedIterator                                   : loaded 2 times (x 77B)
Class com.google.common.base.Splitter$1                                               : loaded 2 times (x 74B)
Class com.google.common.io.ByteStreams                                                : loaded 2 times (x 68B)
Class org.jetbrains.kotlin.gradle.tasks.KotlinJavaToolchain$JdkSetter                 : loaded 2 times (x 67B)
Class org.jetbrains.kotlin.gradle.plugin.KotlinPluginLifecycle$ProjectConfigurationResult$Success: loaded 2 times (x 68B)
Class org.jetbrains.kotlin.gradle.internal.abi.AbiValidationExtensionImpl$variants$1  : loaded 2 times (x 72B)
Class org.jetbrains.kotlin.gradle.internal.abi.AbiValidationVariantSpecImpl           : loaded 2 times (x 83B)
Class org.jetbrains.kotlin.gradle.internal.StdlibDependencyManagementKt$configureStdlibVersionAlignment$1: loaded 2 times (x 72B)
Class org.jetbrains.kotlin.gradle.plugin.diagnostics.checkers.OverriddenKotlinNativeHomeChecker$allKonanMainSubdirectoriesExist$1$1: loaded 2 times (x 72B)
Class org.jetbrains.kotlin.gradle.dsl.PlatformSourceSetConventionsChecker$CheckedPlatformInfo: loaded 2 times (x 69B)
Class org.jetbrains.kotlin.gradle.plugin.diagnostics.checkers.WasmJsEnvironmentChecker$4: loaded 2 times (x 75B)
Class org.jetbrains.kotlin.gradle.plugin.mpp.KotlinUsages$KotlinCinteropDisambiguation: loaded 2 times (x 73B)
Class org.jetbrains.kotlin.gradle.plugin.KotlinPluginInMultipleProjectsHolder         : loaded 2 times (x 69B)
Class org.jetbrains.kotlin.gradle.report.BuildReportType$Companion                    : loaded 2 times (x 68B)
Class com.google.common.cache.LocalCache$Strength$3                                   : loaded 2 times (x 78B)
Class com.google.common.collect.MapDifference                                         : loaded 2 times (x 67B)
Class org.jetbrains.org.objectweb.asm.tree.Util                                       : loaded 2 times (x 68B)
Class org.jetbrains.kotlin.descriptors.DescriptorVisibilities$7                       : loaded 2 times (x 76B)
Class kotlin._Assertions                                                              : loaded 2 times (x 68B)
Class build_1qim1nwc6sxaw44o2wsnn7rga                                                 : loaded 2 times (x 177B)
Class com.google.common.collect.MapMaker$Dummy                                        : loaded 2 times (x 76B)
Class org.jetbrains.kotlin.gradle.tasks.KotlinCompilerPluginData$InputsOutputsState   : loaded 2 times (x 69B)
Class org.jetbrains.kotlin.gradle.plugin.mpp.compilationImpl.DefaultKotlinCompilationFriendPathsResolver$CompositeFriendArtifactResolver: loaded 2 times (x 72B)
Class org.jetbrains.kotlin.gradle.plugin.sources.FragmentConsistencyChecks$optInAnnotationsCheck$1: loaded 2 times (x 76B)
Class org.jetbrains.kotlin.gradle.plugin.mpp.AbstractKotlinCompilationToRunnableFiles : loaded 2 times (x 193B)
Class org.jetbrains.kotlin.gradle.artifacts.KotlinMetadataArtifactKt$KotlinMetadataArtifact$1: loaded 2 times (x 71B)
Class org.jetbrains.kotlin.gradle.plugin.mpp.KotlinUsages$KotlinMetadataCompatibility : loaded 2 times (x 73B)
Class [Lorg.jetbrains.kotlin.gradle.dsl.JvmTarget;                                    : loaded 2 times (x 66B)
Class org.jetbrains.kotlin.gradle.utils.ConfigurationsKt$maybeCreateResolvable$1      : loaded 2 times (x 75B)
Class org.jetbrains.kotlin.gradle.plugin.StatisticsBuildFlowManager$Companion         : loaded 2 times (x 68B)
Class org.jetbrains.kotlin.statistics.metrics.StringMetrics$Companion                 : loaded 2 times (x 68B)
Class org.jetbrains.kotlin.gradle.internal.properties.PropertiesBuildService$property$1$1: loaded 2 times (x 72B)
Class org.jetbrains.kotlin.tooling.core.Extras$Type                                   : loaded 2 times (x 69B)
Class org.objectweb.asm.FieldWriter                                                   : loaded 2 times (x 75B)
Class com.google.common.cache.CacheBuilder$NullListener                               : loaded 2 times (x 79B)
Class org.gradle.internal.classpath.TransformedClassPath                              : loaded 2 times (x 93B)
Class org.gradle.internal.classloader.InstrumentingClassLoader                        : loaded 2 times (x 67B)
Class [Lorg.jetbrains.kotlin.metadata.ProtoBuf$Modality;                              : loaded 2 times (x 66B)
Class kotlin.jvm.internal.FunctionReference                                           : loaded 2 times (x 119B)
Class kotlin.jvm.internal.FunctionBase                                                : loaded 2 times (x 67B)
Class org.jetbrains.kotlin.descriptors.DescriptorVisibilities$8                       : loaded 2 times (x 76B)
Class org.jetbrains.kotlin.metadata.ProtoBuf$MemberKind$1                             : loaded 2 times (x 71B)
Class org.jetbrains.kotlin.metadata.jvm.JvmProtoBuf$StringTableTypes$RecordOrBuilder  : loaded 2 times (x 67B)
Class [Lorg.jetbrains.org.objectweb.asm.SymbolTable$Entry;                            : loaded 2 times (x 66B)
Class org.jetbrains.kotlin.resolve.jvm.JvmClassName                                   : loaded 2 times (x 73B)
Class kotlin.enums.EnumEntriesList                                                    : loaded 2 times (x 220B)
Class org.jetbrains.kotlin.com.google.common.base.Preconditions                       : loaded 2 times (x 68B)
Class com.google.common.collect.ImmutableListMultimap                                 : loaded 2 times (x 173B)
Class com.google.common.collect.ImmutableRangeSet$AsSet                               : loaded 2 times (x 297B)
Class org.jetbrains.kotlin.gradle.plugin.sources.FragmentConsistencyChecks$optInAnnotationsCheck$2: loaded 2 times (x 75B)
Class org.jetbrains.kotlin.gradle.targets.NativeForwardImplementationToApiElementsSideEffectKt$special$$inlined$KotlinTargetSideEffect$1: loaded 2 times (x 71B)
Class org.jetbrains.kotlin.gradle.plugin.statistics.BuildFusServiceKt                 : loaded 2 times (x 68B)
Class org.jetbrains.kotlin.gradle.plugin.BuildFinishedListenerService$Companion       : loaded 2 times (x 68B)
Class org.jetbrains.kotlin.gradle.plugin.BuildFinishedListenerService                 : loaded 2 times (x 77B)
Class com.google.common.cache.CacheLoader$FunctionToCacheLoader                       : loaded 2 times (x 72B)
Class com.google.common.collect.Iterators$ArrayItr                                    : loaded 2 times (x 94B)
Class com.google.common.collect.ImmutableCollection$Builder                           : loaded 2 times (x 73B)
Class org.gradle.internal.classloader.ClassLoaderHierarchy                            : loaded 2 times (x 67B)
Class org.jetbrains.kotlin.protobuf.GeneratedMessageLite$ExtendableBuilder            : loaded 2 times (x 135B)
Class org.jetbrains.kotlin.descriptors.DescriptorVisibilities$9                       : loaded 2 times (x 76B)
Class org.jetbrains.kotlin.metadata.jvm.JvmProtoBuf$StringTableTypes                  : loaded 2 times (x 107B)
Class kotlin.comparisons.ComparisonsKt___ComparisonsJvmKt                             : loaded 2 times (x 68B)
Class kotlin.collections.CollectionsKt__IteratorsJVMKt                                : loaded 2 times (x 68B)
Class com.google.common.collect.EmptyImmutableListMultimap                            : loaded 2 times (x 173B)
Class com.google.common.collect.BaseImmutableMultimap                                 : loaded 2 times (x 120B)
Class org.jetbrains.kotlin.gradle.plugin.statistics.BuildFusService$onFinish$2        : loaded 2 times (x 76B)
Class org.jetbrains.kotlin.gradle.tasks.AbstractKotlinCompileTool$sources$1           : loaded 2 times (x 76B)
Class org.jetbrains.kotlin.gradle.tasks.configuration.TaskConfigAction                : loaded 2 times (x 69B)
Class org.jetbrains.kotlin.gradle.plugin.diagnostics.checkers.OverriddenKotlinNativeHomeChecker$allKonanMainSubdirectoriesExist$1: loaded 2 times (x 72B)
Class org.jetbrains.kotlin.gradle.plugin.AbstractKotlinPlugin$Companion               : loaded 2 times (x 68B)
Class org.jetbrains.kotlin.gradle.plugin.KotlinSourceSetTree                          : loaded 2 times (x 69B)
Class org.jetbrains.kotlin.gradle.plugin.KotlinPluginLifecycle$Stage                  : loaded 2 times (x 76B)
Class [Lorg.jetbrains.kotlin.gradle.plugin.diagnostics.checkers.GradleDeprecatedPropertyChecker$DeprecatedProperty;: loaded 2 times (x 66B)
Class org.jetbrains.kotlin.gradle.plugin.mpp.compilationImpl.KotlinCreateResourcesTaskSideEffectKt$KotlinCreateResourcesTaskSideEffect$1: loaded 2 times (x 71B)
Class org.jetbrains.kotlin.gradle.targets.jvm.KotlinJvmTargetTestFixturesSideEffectKt : loaded 2 times (x 68B)
Class org.jetbrains.kotlin.gradle.plugin.sources.KotlinSourceSetFactory               : loaded 2 times (x 77B)
Class org.jetbrains.kotlin.gradle.targets.native.toolchain.KotlinNativeBundleBuildService$Parameters_Decorated: loaded 2 times (x 140B)
Class org.jetbrains.kotlin.gradle.internal.ClassLoadersCachingBuildService$Companion  : loaded 2 times (x 68B)
Class org.jetbrains.kotlin.gradle.internal.IdeaKt$isInIdeaSync$1                      : loaded 2 times (x 71B)
Class com.google.common.base.Joiner                                                   : loaded 2 times (x 76B)
Class com.google.common.base.MoreObjects                                              : loaded 2 times (x 68B)
Class org.jetbrains.kotlin.utils.CollectionsKt                                        : loaded 2 times (x 68B)
Class org.jetbrains.kotlin.metadata.jvm.JvmProtoBuf$StringTableTypes$1                : loaded 2 times (x 141B)
Class org.jetbrains.kotlin.metadata.ProtoBuf$PropertyOrBuilder                        : loaded 2 times (x 67B)
Class org.jetbrains.kotlin.metadata.ProtoBuf$Constructor$1                            : loaded 2 times (x 141B)
Class [Lorg.jetbrains.kotlin.com.intellij.openapi.diagnostic.LogLevel;                : loaded 2 times (x 66B)
Class org.jetbrains.org.objectweb.asm.tree.LabelNode                                  : loaded 2 times (x 77B)
Class com.google.common.base.CharMatcher$IsEither                                     : loaded 2 times (x 108B)
Class [Lorg.objectweb.asm.Attribute;                                                  : loaded 2 times (x 66B)
Class [Lorg.jetbrains.kotlin.build.report.metrics.BuildAttribute;                     : loaded 2 times (x 66B)
Class org.jetbrains.kotlin.gradle.utils.ProviderApiUtilsKt$mapOrNull$1$1              : loaded 2 times (x 72B)
Class org.jetbrains.kotlin.gradle.plugin.hierarchy.KotlinSourceSetTreeClassifier$Default: loaded 2 times (x 68B)
Class org.jetbrains.kotlin.gradle.plugin.mpp.InternalKotlinCompilationKt              : loaded 2 times (x 68B)
Class org.jetbrains.kotlin.gradle.tasks.configuration.AbstractKotlinCompileConfig     : loaded 2 times (x 69B)
Class org.jetbrains.kotlin.gradle.plugin.mpp.compilationImpl.KotlinCompilationImpl$attributes$2: loaded 2 times (x 76B)
Class org.jetbrains.kotlin.gradle.plugin.diagnostics.checkers.OverriddenKotlinNativeHomeChecker$StdlibExistenceCheckerValueSource: loaded 2 times (x 75B)
Class org.jetbrains.kotlin.gradle.plugin.statistics.BuildFinishBuildService$Parameters: loaded 2 times (x 67B)
Class org.jetbrains.kotlin.gradle.plugin.StatisticsBuildFlowManager$subscribeForBuildResultAndConfigurationTimeMetrics$1$1: loaded 2 times (x 71B)
Class org.jetbrains.kotlin.gradle.utils.IsolatedKotlinClasspathClassCastException     : loaded 2 times (x 79B)
Class com.google.common.collect.Platform                                              : loaded 2 times (x 68B)
Class [Lorg.objectweb.asm.Type;                                                       : loaded 2 times (x 66B)
Class com.google.common.collect.UnmodifiableIterator                                  : loaded 2 times (x 77B)
Class org.gradle.internal.service.ServiceLocator                                      : loaded 2 times (x 67B)
Class org.jetbrains.kotlin.gradle.plugin.internal.ConfigurationCacheStartParameterAccessorKt: loaded 2 times (x 68B)
Class org.jetbrains.kotlin.load.kotlin.header.ReadKotlinClassHeaderAnnotationVisitor$CollectStringArrayAnnotationVisitor: loaded 2 times (x 82B)
Class kotlin.Pair                                                                     : loaded 2 times (x 69B)
Class [Lkotlin.Function;                                                              : loaded 2 times (x 66B)
Class com.google.common.collect.ImmutableSortedMap$Builder                            : loaded 2 times (x 87B)
Class com.google.common.collect.HashBiMap$BiEntry                                     : loaded 2 times (x 80B)
Class org.jetbrains.kotlin.gradle.tasks.DefaultKotlinJavaToolchain$DefaultJavaToolchainSetter$useAsConvention$1: loaded 2 times (x 72B)
Class org.jetbrains.kotlin.gradle.plugin.KotlinCompilerArgumentsProducer$CreateCompilerArgumentsContext: loaded 2 times (x 67B)
Class org.jetbrains.kotlin.gradle.utils.GradleAttributesContainerUtilsKt$copyAttributeTo$1: loaded 2 times (x 76B)
Class org.jetbrains.kotlin.gradle.plugin.abi.AbiValidationTaskSet$setClasspath$1      : loaded 2 times (x 72B)
Class org.jetbrains.kotlin.gradle.plugin.hierarchy.KotlinSourceSetTreeClassifierKt$classify$1: loaded 2 times (x 85B)
Class [Lorg.jetbrains.kotlin.konan.target.KonanTarget;                                : loaded 2 times (x 66B)
Class org.jetbrains.kotlin.gradle.plugin.diagnostics.checkers.WasmSourceSetsNotFoundChecker: loaded 2 times (x 71B)
Class org.jetbrains.kotlin.gradle.plugin.diagnostics.checkers.AndroidSourceSetLayoutV1SourceSetsNotFoundChecker$androidSourceSetRegex$2: loaded 2 times (x 75B)
Class org.jetbrains.kotlin.gradle.plugin.statistics.KotlinBuildStatsLoggerService$Companion: loaded 2 times (x 68B)
Class com.google.common.base.Ascii                                                    : loaded 2 times (x 68B)
Class com.google.common.collect.SingletonImmutableBiMap                               : loaded 2 times (x 140B)
Class com.google.common.cache.LocalCache$1                                            : loaded 2 times (x 86B)
Class com.google.common.collect.Iterators$SingletonIterator                           : loaded 2 times (x 78B)
Class com.google.common.collect.AbstractMapEntry                                      : loaded 2 times (x 78B)
Class [Lorg.jetbrains.org.objectweb.asm.tree.AbstractInsnNode;                        : loaded 2 times (x 66B)
Class kotlin.io.CloseableKt                                                           : loaded 2 times (x 68B)
Class kotlin.collections.CollectionsKt__MutableCollectionsKt                          : loaded 2 times (x 68B)
Class com.google.common.io.CharSource$StringCharSource                                : loaded 2 times (x 83B)
Class com.google.common.io.ByteSource$ByteArrayByteSource                             : loaded 2 times (x 82B)
Class com.google.common.collect.AbstractSetMultimap                                   : loaded 2 times (x 171B)
Class com.google.common.collect.MapMakerInternalMap$AbstractStrongKeyEntry            : loaded 2 times (x 77B)
Class org.jetbrains.kotlin.gradle.plugin.abi.AbiValidationTaskSet$setClasspath$2      : loaded 2 times (x 72B)
Class org.jetbrains.kotlin.gradle.plugin.KotlinCompilationWithResources               : loaded 2 times (x 67B)
Class com.google.common.collect.Sets$ImprovedAbstractSet                              : loaded 2 times (x 132B)
Class com.google.common.collect.ImmutableList$Builder                                 : loaded 2 times (x 74B)
Class org.jetbrains.kotlin.gradle.plugin.KotlinTargetPreset                           : loaded 2 times (x 67B)
Class org.jetbrains.kotlin.gradle.plugin.diagnostics.checkers.KotlinTargetAlreadyDeclaredChecker: loaded 2 times (x 71B)
Class org.jetbrains.kotlin.gradle.plugin.mpp.compilationImpl.KotlinCompilationProcessorSideEffectKt: loaded 2 times (x 68B)
Class org.jetbrains.kotlin.gradle.utils.FileUtilsKt$localProperties$1                 : loaded 2 times (x 72B)
Class org.jetbrains.kotlin.gradle.dsl.HasConfigurableKotlinCompilerOptions            : loaded 2 times (x 67B)
Class com.google.common.collect.AbstractMultimap                                      : loaded 2 times (x 120B)
Class com.google.common.cache.LocalCache$2                                            : loaded 2 times (x 139B)
Class kotlin.reflect.KCallable                                                        : loaded 2 times (x 67B)
Class org.jetbrains.kotlin.metadata.deserialization.ProtoBufUtilKt                    : loaded 2 times (x 68B)
Class kotlin.io.TerminateException                                                    : loaded 2 times (x 79B)
Class kotlin.io.FilesKt__FilePathComponentsKt                                         : loaded 2 times (x 68B)
Class org.jetbrains.kotlin.gradle.tasks.configuration.AbstractKotlinCompileConfig$2$1 : loaded 2 times (x 76B)
Class org.jetbrains.kotlin.gradle.tasks.DefaultKotlinJavaToolchain_Decorated          : loaded 2 times (x 123B)
Class org.jetbrains.kotlin.gradle.plugin.statistics.KotlinProjectConfigurationMetrics : loaded 2 times (x 68B)
Class org.jetbrains.kotlin.gradle.plugin.KotlinCompilationInfo$TCS                    : loaded 2 times (x 86B)
Class com.google.common.collect.ImmutableRangeSet$1                                   : loaded 2 times (x 207B)
Class org.jetbrains.kotlin.gradle.tasks.abi.KotlinLegacyAbiCheckTaskImpl              : loaded 2 times (x 327B)
Class org.jetbrains.kotlin.gradle.plugin.mpp.HasBinaries                              : loaded 2 times (x 67B)
Class org.jetbrains.kotlin.gradle.dsl.KotlinCommonOptions                             : loaded 2 times (x 67B)
Class org.jetbrains.kotlin.gradle.plugin.diagnostics.checkers.KmpPartiallyResolvedDependenciesChecker: loaded 2 times (x 71B)
Class org.jetbrains.kotlin.gradle.plugin.mpp.compilationImpl.KotlinCreateSourcesJarTaskSideEffectKt: loaded 2 times (x 68B)
Class org.jetbrains.kotlin.gradle.dsl.KotlinJvmProjectExtension                       : loaded 2 times (x 144B)
Class org.jetbrains.kotlin.gradle.plugin.KotlinGradlePluginExtensionPointInternalKt   : loaded 2 times (x 68B)
Class org.jetbrains.kotlin.gradle.targets.native.toolchain.UsesKotlinNativeBundleBuildService: loaded 2 times (x 67B)
Class org.jetbrains.kotlin.gradle.plugin.KotlinCompilerArgumentsProducer              : loaded 2 times (x 67B)
Class org.jetbrains.kotlin.build.report.metrics.ValueType                             : loaded 2 times (x 76B)
Class com.google.common.collect.RegularImmutableAsList                                : loaded 2 times (x 214B)
Class org.jetbrains.kotlin.protobuf.AbstractMessageLite$Builder                       : loaded 2 times (x 119B)
Class org.jetbrains.kotlin.protobuf.Internal$EnumLiteMap                              : loaded 2 times (x 67B)
Class org.jetbrains.kotlin.protobuf.GeneratedMessageLite                              : loaded 2 times (x 98B)
Class org.jetbrains.org.objectweb.asm.tree.InsnList                                   : loaded 2 times (x 100B)
Class build_al45zyc258tpw4gg4f3v1loao                                                 : loaded 2 times (x 177B)
Class build_7uvddy6s8rfdygjw1p5cxq6$_run_closure1$_closure3                           : loaded 2 times (x 136B)
Class org.jetbrains.kotlin.cli.common.messages.MessageCollector$Companion             : loaded 2 times (x 68B)
Class com.google.common.base.Optional                                                 : loaded 2 times (x 77B)
Class org.jetbrains.kotlin.build.report.metrics.BuildTimes$Companion                  : loaded 2 times (x 68B)
Class org.jetbrains.kotlin.gradle.internal.tasks.ProducesKlib                         : loaded 2 times (x 67B)
Class org.jetbrains.kotlin.gradle.tasks.configuration.BaseKotlinCompileConfig$1$classpathConfiguration$1: loaded 2 times (x 72B)
Class com.google.common.collect.Range                                                 : loaded 2 times (x 84B)
Class org.jetbrains.kotlin.gradle.tasks.abi.KotlinLegacyAbiUpdateTask                 : loaded 2 times (x 315B)
Class org.jetbrains.kotlin.gradle.targets.js.npm.NpmDependencyExtensionDelegate       : loaded 2 times (x 164B)
Class org.jetbrains.kotlin.gradle.plugin.sources.FragmentConsistencyChecker           : loaded 2 times (x 69B)
Class org.jetbrains.kotlin.gradle.targets.native.internal.SetupKotlinNativePlatformDependenciesAndStdlibKt$SetupKotlinNativePlatformDependenciesAndStdlib$1: loaded 2 times (x 71B)
Class org.jetbrains.kotlin.gradle.dsl.DefaultToolchainSupport_Decorated               : loaded 2 times (x 121B)
Class org.jetbrains.kotlin.gradle.plugin.statistics.BuildFinishBuildService$Parameters_Decorated: loaded 2 times (x 140B)
Class org.jetbrains.kotlin.gradle.internal.properties.NativePropertiesLoader$jvmArgs$1: loaded 2 times (x 72B)
Class org.jetbrains.kotlin.gradle.report.BuildMetricsService$Companion                : loaded 2 times (x 68B)
Class org.jetbrains.kotlin.gradle.tasks.KotlinCompileTool                             : loaded 2 times (x 67B)
Class org.jetbrains.kotlin.gradle.plugin.VariantImplementationFactories$Parameters_Decorated: loaded 2 times (x 131B)
Class org.jetbrains.kotlin.gradle.plugin.PropertiesProvider$PropertyNames             : loaded 2 times (x 68B)
Class org.jetbrains.kotlin.gradle.utils.SingleAction$PerformedActions                 : loaded 2 times (x 69B)
Class org.jetbrains.kotlin.gradle.utils.GradleUtilsKt                                 : loaded 2 times (x 68B)
Class org.jetbrains.kotlin.gradle.plugin.HasProject                                   : loaded 2 times (x 67B)
Class com.google.common.util.concurrent.AbstractFuture$Trusted                        : loaded 2 times (x 67B)
Class com.google.common.collect.Iterators                                             : loaded 2 times (x 68B)
Class org.jetbrains.kotlin.gradle.plugin.statistics.BuildFinishFlowProviderManager    : loaded 2 times (x 69B)
Class org.jetbrains.kotlin.gradle.plugin.KotlinPlatformType$Companion                 : loaded 2 times (x 68B)
Class org.jetbrains.kotlin.descriptors.Visibilities$Unknown                           : loaded 2 times (x 76B)
Class org.jetbrains.kotlin.descriptors.Visibilities$Inherited                         : loaded 2 times (x 76B)
Class org.jetbrains.kotlin.protobuf.Parser                                            : loaded 2 times (x 67B)
Class org.jetbrains.org.objectweb.asm.tree.MethodInsnNode                             : loaded 2 times (x 76B)
Class org.jetbrains.org.objectweb.asm.tree.MethodNode                                 : loaded 2 times (x 107B)
Class org.jetbrains.kotlin.load.kotlin.KotlinJvmBinaryClass                           : loaded 2 times (x 67B)
Class org.jetbrains.kotlin.gradle.plugin.KotlinPlatformType$DisambiguationRule        : loaded 2 times (x 73B)
Class org.jetbrains.kotlin.config.KotlinCompilerVersion                               : loaded 2 times (x 68B)
Class build_12clkcl0x00ljtrg21teupstz$_run_closure1$_closure2                         : loaded 2 times (x 136B)
Class com.google.common.collect.ExplicitOrdering                                      : loaded 2 times (x 112B)
Class com.google.common.io.ByteSink$AsCharSink                                        : loaded 2 times (x 77B)
Class org.jetbrains.kotlin.gradle.tasks.configuration.AbstractKotlinCompileConfig$2$3 : loaded 2 times (x 72B)
Class org.jetbrains.kotlin.tooling.core.KotlinToolingVersion                          : loaded 2 times (x 72B)
Class org.jetbrains.kotlin.gradle.tasks.configuration.BaseKotlinCompileConfig         : loaded 2 times (x 69B)
Class org.jetbrains.kotlin.gradle.plugin.mpp.compilationImpl.factory.KotlinCompilationImplFactory$KotlinCompilationTaskNamesContainerFactory: loaded 2 times (x 67B)
Class org.jetbrains.kotlin.gradle.internal.KotlinDependenciesManagementKt$CustomizeKotlinDependenciesSetupAction$1$coreLibrariesVersion$1: loaded 2 times (x 76B)
Class org.jetbrains.kotlin.gradle.plugin.diagnostics.checkers.AndroidPublicationNotConfiguredChecker$runChecks$1: loaded 2 times (x 85B)
Class org.jetbrains.kotlin.gradle.plugin.diagnostics.checkers.CInteropInputChecker$runChecks$1: loaded 2 times (x 85B)
Class org.jetbrains.kotlin.gradle.plugin.diagnostics.ToolingDiagnosticRenderingOptionsKt$isAttachedToTerminal$1: loaded 2 times (x 71B)
Class org.jetbrains.kotlin.gradle.ExperimentalKotlinGradlePluginApi                   : loaded 2 times (x 67B)
Class org.jetbrains.kotlin.gradle.internal.properties.NativePropertiesLoader          : loaded 2 times (x 82B)
Class org.jetbrains.kotlin.statistics.metrics.NumberAnonymizationPolicy$SAFE          : loaded 2 times (x 82B)
Class org.jetbrains.kotlin.gradle.plugin.statistics.BuildFusService                   : loaded 2 times (x 81B)
Class org.jetbrains.kotlin.gradle.dsl.KotlinAndroidProjectExtension                   : loaded 2 times (x 136B)
Class com.google.common.collect.Lists$StringAsImmutableList                           : loaded 2 times (x 204B)
Class com.google.common.util.concurrent.UncheckedExecutionException                   : loaded 2 times (x 79B)
Class [Lorg.jetbrains.kotlin.metadata.ProtoBuf$VersionRequirement$Level;              : loaded 2 times (x 66B)
Class org.jetbrains.kotlin.protobuf.WireFormat$JavaType                               : loaded 2 times (x 76B)
Class org.jetbrains.org.objectweb.asm.ClassTooLargeException                          : loaded 2 times (x 80B)
Class org.jetbrains.kotlin.metadata.jvm.deserialization.JvmMemberSignature$Method     : loaded 2 times (x 72B)
Class org.jetbrains.kotlin.gradle.tasks.configuration.AbstractKotlinCompileConfig$2$4 : loaded 2 times (x 72B)
Class org.jetbrains.kotlin.gradle.tasks.KotlinCompile$scriptSources$1                 : loaded 2 times (x 72B)
Class org.jetbrains.kotlin.build.report.metrics.BuildAttribute$Companion              : loaded 2 times (x 68B)
Class org.jetbrains.kotlin.gradle.plugin.diagnostics.checkers.CInteropInputChecker$runChecks$2: loaded 2 times (x 72B)
Class org.jetbrains.kotlin.gradle.tasks.configuration.KaptGenerateStubsConfig$Companion: loaded 2 times (x 68B)
Class org.jetbrains.kotlin.gradle.internal.KotlinTestDependencyManagementKt$maybeAddTestDependencyCapability$1: loaded 2 times (x 72B)
Class org.jetbrains.kotlin.gradle.dsl.abi.AbiValidationLegacyDumpExtension            : loaded 2 times (x 67B)
Class org.jetbrains.kotlin.gradle.plugin.diagnostics.CheckKotlinGradlePluginConfigurationErrorsKt: loaded 2 times (x 68B)
Class org.jetbrains.kotlin.gradle.plugin.diagnostics.ToolingDiagnosticRenderingOptionsKt$isAttachedToTerminal$2: loaded 2 times (x 71B)
Class org.jetbrains.kotlin.gradle.targets.js.npm.NpmDependencyExtensionKt$AddNpmDependencyExtensionProjectSetupAction$1$WhenMappings: loaded 2 times (x 68B)
Class org.jetbrains.kotlin.gradle.plugin.mpp.KotlinJvmAndroidCompilation              : loaded 2 times (x 195B)
Class org.jetbrains.kotlin.gradle.targets.CreateDefaultCompilationsSideEffectKt$CreateDefaultCompilationsSideEffect$1: loaded 2 times (x 71B)
Class org.jetbrains.kotlin.gradle.targets.native.internal.AddKotlinPlatformIntegersSupportLibraryKt$AddKotlinPlatformIntegersSupportLibrary$1: loaded 2 times (x 92B)
Class org.jetbrains.kotlin.gradle.plugin.mpp.ApplyUserDefinedAttributesKt             : loaded 2 times (x 68B)
Class org.jetbrains.kotlin.gradle.utils.FutureImpl                                    : loaded 2 times (x 77B)
Class org.jetbrains.kotlin.gradle.internal.properties.NativePropertiesLoader$isToolchainEnabled$1: loaded 2 times (x 72B)
Class [Lorg.jetbrains.kotlin.statistics.metrics.NumericalMetrics;                     : loaded 2 times (x 66B)
Class org.gradle.internal.InternalTransformer                                         : loaded 2 times (x 67B)
Class org.jetbrains.kotlin.gradle.targets.native.KotilnNativeConfigureBinariesSideEffectKt: loaded 2 times (x 68B)
Class org.jetbrains.kotlin.descriptors.Visibilities$PrivateToThis                     : loaded 2 times (x 76B)
Class org.jetbrains.kotlin.protobuf.SmallSortedMap$1                                  : loaded 2 times (x 127B)
Class org.jetbrains.org.objectweb.asm.tree.IntInsnNode                                : loaded 2 times (x 75B)
Class kotlin.collections.EmptyList                                                    : loaded 2 times (x 171B)
Class kotlin.collections.MapsKt__MapsJVMKt                                            : loaded 2 times (x 68B)
Class com.google.common.collect.HashMultimapGwtSerializationDependencies              : loaded 2 times (x 171B)
Class org.jetbrains.kotlin.gradle.tasks.CompileUsingKotlinDaemonWithNormalization     : loaded 2 times (x 67B)
Class org.jetbrains.kotlin.gradle.plugin.mpp.compilationImpl.factory.KotlinCompilationImplFactory$PostConfigure$Companion: loaded 2 times (x 68B)
Class com.google.common.collect.AbstractMapBasedMultimap$KeySet$1                     : loaded 2 times (x 79B)
Class org.jetbrains.kotlin.gradle.internal.KotlinDomApiDependencyManagementKt$configureKotlinDomApiDefaultDependency$1: loaded 2 times (x 76B)
Class org.jetbrains.kotlin.gradle.targets.js.npm.DefaultDevNpmDependencyExtension     : loaded 2 times (x 142B)
Class [Lorg.jetbrains.kotlin.gradle.plugin.HasKotlinDependencies;                     : loaded 2 times (x 66B)
Class org.jetbrains.kotlin.gradle.tasks.DefaultKotlinJavaToolchain$Companion$wireJvmTargetToToolchain$1: loaded 2 times (x 72B)
Class org.jetbrains.kotlin.gradle.plugin.diagnostics.checkers.JsLikeEnvironmentChecker: loaded 2 times (x 73B)
Class org.jetbrains.kotlin.gradle.plugin.KotlinPlatformType                           : loaded 2 times (x 79B)
Class org.jetbrains.kotlin.gradle.plugin.KotlinGradleBuildServices$Companion          : loaded 2 times (x 68B)
Class org.jetbrains.kotlin.gradle.internal.properties.PropertiesBuildServiceKt        : loaded 2 times (x 68B)
Class org.objectweb.asm.ClassWriter                                                   : loaded 2 times (x 103B)
Class com.google.common.base.CharMatcher$And                                          : loaded 2 times (x 109B)
Class com.google.common.cache.CacheLoader$UnsupportedLoadingOperationException        : loaded 2 times (x 79B)
Class org.gradle.internal.classloader.ClasspathUtil$1                                 : loaded 2 times (x 73B)
Class org.jetbrains.kotlin.gradle.targets.ConfigureNonPackedKlibConsumingSideEffectKt : loaded 2 times (x 68B)
Class org.jetbrains.kotlin.metadata.ProtoBuf$Effect$EffectType$1                      : loaded 2 times (x 71B)
Class org.jetbrains.kotlin.metadata.ProtoBuf$EffectOrBuilder                          : loaded 2 times (x 67B)
Class org.jetbrains.kotlin.protobuf.BoundedByteString                                 : loaded 2 times (x 109B)
Class Build_gradle$3$5$1$1                                                            : loaded 2 times (x 75B)
Class com.google.common.collect.FluentIterable$1                                      : loaded 2 times (x 78B)
Class com.google.common.base.Objects                                                  : loaded 2 times (x 68B)
Class com.google.common.collect.AbstractMapBasedMultimap$Itr                          : loaded 2 times (x 80B)
Class org.jetbrains.kotlin.gradle.plugin.diagnostics.ToolingDiagnosticRenderingOptions$Companion: loaded 2 times (x 68B)
Class org.jetbrains.kotlin.gradle.dsl.KotlinJvmCompilerOptionsHelper                  : loaded 2 times (x 68B)
Class org.jetbrains.kotlin.gradle.tasks.DefaultKotlinJavaToolchain$Companion$wireJvmTargetToToolchain$2: loaded 2 times (x 72B)
Class org.jetbrains.kotlin.gradle.plugin.diagnostics.DiagnosticGroup$KotlinDiagnosticGroup: loaded 2 times (x 78B)
Class org.jetbrains.kotlin.gradle.plugin.ProjectLocalConfigurations$ProjectLocalDisambiguation: loaded 2 times (x 73B)
Class org.jetbrains.kotlin.gradle.plugin.mpp.apple.swiftexport.internal.SwiftExportInitKt: loaded 2 times (x 68B)
Class org.jetbrains.kotlin.gradle.internal.properties.PropertiesBuildService$NullableStringGradleProperty: loaded 2 times (x 73B)
Class org.jetbrains.kotlin.gradle.targets.native.KonanPropertiesBuildService          : loaded 2 times (x 73B)
Class org.jetbrains.kotlin.gradle.plugin.KotlinGradleBuildServices$detectKotlinPluginLoadedInMultipleProjects$onRegister$1$1: loaded 2 times (x 72B)
Class org.jetbrains.kotlin.gradle.plugin.internal.ConfigurationCacheStartParameterAccessor$Factory: loaded 2 times (x 67B)
Class org.objectweb.asm.FieldVisitor                                                  : loaded 2 times (x 74B)
Class com.google.common.collect.IndexedImmutableSet                                   : loaded 2 times (x 149B)
Class com.google.common.collect.ImmutableMap$1                                        : loaded 2 times (x 78B)
Class com.google.common.collect.BiMap                                                 : loaded 2 times (x 67B)
Class org.gradle.api.internal.classpath.DefaultModuleRegistry$DefaultModule           : loaded 2 times (x 83B)
Class org.jetbrains.org.objectweb.asm.tree.TryCatchBlockNode                          : loaded 2 times (x 71B)
Class org.jetbrains.kotlin.descriptors.Visibilities$InvisibleFake                     : loaded 2 times (x 76B)
Class org.jetbrains.kotlin.protobuf.UninitializedMessageException                     : loaded 2 times (x 81B)
Class org.jetbrains.kotlin.metadata.jvm.deserialization.JvmNameResolverKt             : loaded 2 times (x 68B)
Class org.jetbrains.kotlin.metadata.ProtoBuf$TypeParameter$Variance                   : loaded 2 times (x 79B)
Class org.jetbrains.kotlin.metadata.ProtoBuf$Annotation$Argument$Value$1              : loaded 2 times (x 141B)
Class org.jetbrains.kotlin.name.ClassId                                               : loaded 2 times (x 69B)
Class org.jetbrains.kotlin.gradle.internal.transforms.BuildToolsApiClasspathEntrySnapshotTransform$Parameters$Inject: loaded 2 times (x 116B)
Class com.google.common.collect.NullsFirstOrdering                                    : loaded 2 times (x 112B)
Class com.google.common.base.Absent                                                   : loaded 2 times (x 77B)
Class com.google.common.collect.FluentIterable$2                                      : loaded 2 times (x 78B)
Class org.jetbrains.kotlin.gradle.plugin.diagnostics.CheckKotlinGradlePluginConfigurationErrors_Decorated: loaded 2 times (x 366B)
Class org.jetbrains.kotlin.gradle.plugin.mpp.compilationImpl.KotlinCompilationSourceSetInclusion$DefaultAddSourcesToCompileTask$addSources$1: loaded 2 times (x 76B)
Class org.jetbrains.kotlin.gradle.plugin.diagnostics.checkers.WasmSourceSetsNotFoundChecker$wasmSourceSetRegex$2: loaded 2 times (x 75B)
Class org.jetbrains.kotlin.gradle.plugin.mpp.compilationImpl.KotlinCompilationSideEffect: loaded 2 times (x 67B)
Class org.jetbrains.kotlin.gradle.plugin.KotlinGradlePluginExtensionPoint             : loaded 2 times (x 67B)
Class org.jetbrains.kotlin.tooling.core.ExtrasUtilsKt                                 : loaded 2 times (x 68B)
Class org.jetbrains.kotlin.buildtools.api.ExperimentalBuildToolsApi                   : loaded 2 times (x 67B)
Class org.jetbrains.kotlin.gradle.targets.native.KonanPropertiesBuildService$Companion$registerIfAbsent$2$1$1: loaded 2 times (x 72B)
Class org.jetbrains.kotlin.gradle.internal.IsInIdeaSyncValueSource$Inject             : loaded 2 times (x 106B)
Class org.jetbrains.kotlin.gradle.utils.ResourceUtilsKt                               : loaded 2 times (x 68B)
Class org.jetbrains.kotlin.gradle.plugin.KotlinPluginWrapperKt$kotlinPluginVersionFromResources$1: loaded 2 times (x 75B)
Class com.google.common.primitives.Ints                                               : loaded 2 times (x 68B)
Class com.google.common.collect.AbstractIterator                                      : loaded 2 times (x 79B)
Class [Lorg.jetbrains.kotlin.metadata.ProtoBuf$Effect$InvocationKind;                 : loaded 2 times (x 66B)
Class org.jetbrains.kotlin.metadata.ProtoBuf$VersionRequirement$VersionKind           : loaded 2 times (x 79B)
Class org.jetbrains.kotlin.descriptors.Named                                          : loaded 2 times (x 67B)
Class org.jetbrains.kotlin.serialization.deserialization.ProtoEnumFlagsUtilsKt        : loaded 2 times (x 68B)
Class org.jetbrains.kotlin.metadata.ProtoBuf$Visibility$1                             : loaded 2 times (x 71B)
Class org.jetbrains.kotlin.metadata.jvm.JvmProtoBuf$StringTableTypes$Record$Operation$1: loaded 2 times (x 71B)
Class kotlin.collections.IndexingIterable                                             : loaded 2 times (x 76B)
Class org.jetbrains.kotlin.metadata.deserialization.NameResolver                      : loaded 2 times (x 67B)
Class org.jetbrains.kotlin.protobuf.GeneratedMessageLite$ExtensionDescriptor          : loaded 2 times (x 81B)
Class org.jetbrains.kotlin.protobuf.InvalidProtocolBufferException                    : loaded 2 times (x 81B)
Class org.jetbrains.org.objectweb.asm.tree.JumpInsnNode                               : loaded 2 times (x 75B)
Class org.jetbrains.org.objectweb.asm.FieldVisitor                                    : loaded 2 times (x 74B)
Class kotlin.collections.ArraysKt__ArraysKt                                           : loaded 2 times (x 68B)
Class build_1qim1nwc6sxaw44o2wsnn7rga$_run_closure1                                   : loaded 2 times (x 136B)
Class build_epjocmqtmc3tl9jxxgaw69jl6                                                 : loaded 2 times (x 178B)
Class com.google.common.collect.FluentIterable$3                                      : loaded 2 times (x 78B)
Class org.jetbrains.kotlin.gradle.tasks.UsesKotlinJavaToolchain$DefaultImpls          : loaded 2 times (x 68B)
Class org.jetbrains.kotlin.build.report.metrics.BuildAttributeKind$Companion          : loaded 2 times (x 68B)
Class org.jetbrains.kotlin.gradle.plugin.mpp.KotlinTargetSoftwareComponentImplKt$KotlinTargetSoftwareComponent$1$1$1: loaded 2 times (x 72B)
Class org.jetbrains.kotlin.gradle.tasks.configuration.KaptGenerateStubsConfig$Companion$configureLibraries$1: loaded 2 times (x 76B)
Class org.jetbrains.kotlin.gradle.plugin.mpp.compilationImpl.KotlinCompilationSourceSetInclusion$DefaultAddSourcesToCompileTask$addSources$2: loaded 2 times (x 76B)
Class org.jetbrains.kotlin.gradle.tasks.AbstractKotlinCompile                         : loaded 2 times (x 456B)
Class org.jetbrains.kotlin.gradle.plugin.KotlinCompilationOutput                      : loaded 2 times (x 67B)
Class org.jetbrains.kotlin.gradle.plugin.diagnostics.CheckKotlinGradlePluginConfigurationErrorsKt$addDependsOnFromTasksThatShouldFailWhenErrorsReported$1: loaded 2 times (x 72B)
Class org.jetbrains.kotlin.konan.target.KonanTarget$TVOS_X64                          : loaded 2 times (x 75B)
Class org.jetbrains.kotlin.gradle.plugin.diagnostics.KotlinToolingDiagnosticsSetupActionKt: loaded 2 times (x 68B)
Class org.jetbrains.kotlin.gradle.targets.native.KonanPropertiesBuildService$Parameters_Decorated: loaded 2 times (x 131B)
Class org.jetbrains.kotlin.gradle.plugin.KotlinGradleBuildServices$Parameters$Inject  : loaded 2 times (x 103B)
Class org.jetbrains.kotlin.gradle.fus.BuildUidService$Inject                          : loaded 2 times (x 97B)
Class org.jetbrains.kotlin.gradle.plugin.KotlinPluginWrapperKt$kotlinPluginVersionFromResources$1$1: loaded 2 times (x 68B)
Class com.google.common.collect.ObjectArrays                                          : loaded 2 times (x 68B)
Class com.google.common.collect.Multiset                                              : loaded 2 times (x 67B)
Class com.google.common.collect.ArrayListMultimapGwtSerializationDependencies         : loaded 2 times (x 169B)
Class com.google.common.collect.AbstractIndexedListIterator                           : loaded 2 times (x 93B)
Class com.google.common.math.MathPreconditions                                        : loaded 2 times (x 68B)
Class org.jetbrains.kotlin.protobuf.ByteString$ByteIterator                           : loaded 2 times (x 67B)
Class kotlin.collections.SetsKt__SetsJVMKt                                            : loaded 2 times (x 68B)
Class kotlin.Function                                                                 : loaded 2 times (x 67B)
Class build_avc3aq2ii5a85atahz2v1ieed                                                 : loaded 2 times (x 177B)
Class org.jetbrains.kotlin.gradle.plugin.attributes.KlibPackaging$Companion           : loaded 2 times (x 68B)
Class org.jetbrains.kotlin.tooling.core.Extras$Entry                                  : loaded 2 times (x 69B)
Class org.jetbrains.kotlin.gradle.plugin.sources.InternalKotlinSourceSetKt            : loaded 2 times (x 68B)
Class org.jetbrains.kotlin.gradle.utils.WhenEvaluatedKt$whenEvaluated$3               : loaded 2 times (x 76B)
Class org.jetbrains.kotlin.gradle.internal.Kapt3GradleSubplugin$Kapt3SubpluginContext : loaded 2 times (x 69B)
Class org.jetbrains.kotlin.gradle.artifacts.KotlinTargetArtifact                      : loaded 2 times (x 67B)
Class org.jetbrains.kotlin.gradle.dsl.KotlinJvmCompilerOptionsDefault_Decorated       : loaded 2 times (x 168B)
Class org.jetbrains.kotlin.gradle.plugin.HasKotlinDependencies                        : loaded 2 times (x 67B)
Class org.jetbrains.kotlin.gradle.plugin.statistics.BuildFinishFlowAction$Parameters  : loaded 2 times (x 67B)
Class org.jetbrains.kotlin.gradle.internal.ClassLoadersCachingBuildService$Parameters_Decorated: loaded 2 times (x 131B)
Class org.jetbrains.kotlin.gradle.targets.native.toolchain.KotlinNativeBundleBuildService$Companion: loaded 2 times (x 68B)
Class org.jetbrains.kotlin.gradle.plugin.BuildEventsListenerRegistryHolder_Decorated  : loaded 2 times (x 116B)
Class org.jetbrains.kotlin.gradle.plugin.StatisticsBuildFlowManager$subscribeForBuildResultAndConfigurationTimeMetrics$1: loaded 2 times (x 72B)
Class org.jetbrains.kotlin.gradle.plugin.statistics.MetricContainer                   : loaded 2 times (x 69B)
Class org.jetbrains.kotlin.gradle.plugin.statistics.old.Pre232IdeaKotlinBuildStatsMXBean: loaded 2 times (x 67B)
Class org.jetbrains.kotlin.gradle.plugin.statistics.KotlinBuildStatsServicesRegistry  : loaded 2 times (x 75B)
Class org.jetbrains.kotlin.gradle.plugin.VariantImplementationFactoriesConfigurator   : loaded 2 times (x 73B)
Class com.google.common.collect.ImmutableMapEntrySet                                  : loaded 2 times (x 149B)
Class org.gradle.api.internal.classpath.Module                                        : loaded 2 times (x 67B)
Class kotlin.internal.ProgressionUtilKt                                               : loaded 2 times (x 68B)
Class org.jetbrains.kotlin.metadata.deserialization.Flags$FlagField                   : loaded 2 times (x 70B)
Class kotlin.io.FileAlreadyExistsException                                            : loaded 2 times (x 79B)
Class org.jetbrains.kotlin.gradle.tasks.DefaultKotlinJavaToolchain$getToolsJarFromJvm$1$1: loaded 2 times (x 76B)
Class org.jetbrains.kotlin.gradle.tasks.KotlinCompile$ClasspathSnapshotProperties_Decorated: loaded 2 times (x 134B)
Class org.jetbrains.kotlin.gradle.internal.transforms.BuildToolsApiClasspathEntrySnapshotTransform$Parameters_Decorated: loaded 2 times (x 154B)
Class org.jetbrains.kotlin.gradle.plugin.mpp.compilationImpl.KotlinCompilationSourceSetInclusion$Companion$includedSourceSets$2: loaded 2 times (x 75B)
Class org.jetbrains.kotlin.gradle.utils.WhenEvaluatedKt$whenEvaluated$4               : loaded 2 times (x 72B)
Class org.jetbrains.kotlin.gradle.plugin.diagnostics.KotlinToolingDiagnosticsSetupActionKt$KotlinToolingDiagnosticsSetupAction$1$1: loaded 2 times (x 72B)
Class org.jetbrains.kotlin.gradle.targets.js.npm.NpmDirectoryDependencyWithExternalsExtension: loaded 2 times (x 67B)
Class org.jetbrains.kotlin.gradle.plugin.KotlinProjectSetupAction                     : loaded 2 times (x 67B)
Class org.jetbrains.kotlin.gradle.plugin.KotlinGradleFinishBuildHandler$Companion     : loaded 2 times (x 68B)
Class org.jetbrains.kotlin.gradle.internal.IsInIdeaSyncValueSource                    : loaded 2 times (x 75B)
Class com.google.common.cache.Weigher                                                 : loaded 2 times (x 67B)
Class org.gradle.api.internal.classpath.UnknownModuleException                        : loaded 2 times (x 79B)
Class org.jetbrains.kotlin.gradle.plugin.diagnostics.checkers.MissingNativeStdlibChecker: loaded 2 times (x 71B)
Class org.jetbrains.kotlin.metadata.ProtoBuf$TypeAliasOrBuilder                       : loaded 2 times (x 67B)
Class [Lorg.jetbrains.kotlin.metadata.ProtoBuf$Class$Kind;                            : loaded 2 times (x 66B)
Class build_3gczo4jhxcb4rms1jnvh71e1o$_run_closure1                                   : loaded 2 times (x 136B)
Class org.jetbrains.kotlin.gradle.plugin.mpp.InternalKotlinTargetComponentKt          : loaded 2 times (x 68B)
Class org.jetbrains.kotlin.gradle.plugin.mpp.InternalKotlinTarget$DefaultImpls        : loaded 2 times (x 68B)
Class org.jetbrains.kotlin.gradle.plugin.statistics.KotlinBuildStatisticsUtilsKt$collectAppliedPluginsStatistics$1: loaded 2 times (x 72B)
Class org.jetbrains.kotlin.gradle.plugin.KotlinPluginLifecycleImpl$executeCurrentStageAndScheduleNext$3: loaded 2 times (x 72B)
Class org.jetbrains.kotlin.gradle.plugin.mpp.compilationImpl.KotlinCompilationRegisterInSourceSetsConfigurator$configure$1: loaded 2 times (x 76B)
Class org.jetbrains.kotlin.gradle.plugin.diagnostics.KotlinToolingDiagnosticsSetupActionKt$KotlinToolingDiagnosticsSetupAction$1$2: loaded 2 times (x 92B)
Class org.jetbrains.kotlin.gradle.targets.js.npm.NpmDependencyWithExternalsExtension  : loaded 2 times (x 67B)
Class org.jetbrains.kotlin.gradle.plugin.diagnostics.KotlinToolingDiagnosticsCollector$Parameter$Inject: loaded 2 times (x 103B)
Class org.jetbrains.kotlin.gradle.plugin.mpp.KotlinUsageContext                       : loaded 2 times (x 67B)
Class org.jetbrains.kotlin.gradle.plugin.KotlinTargetsContainer                       : loaded 2 times (x 67B)
Class org.jetbrains.kotlin.compilerRunner.GradleCliCommonizerKt                       : loaded 2 times (x 68B)
Class org.jetbrains.kotlin.gradle.utils.ConfigurationsKt                              : loaded 2 times (x 68B)
Class org.jetbrains.kotlin.gradle.plugin.StatisticsBuildFlowManager                   : loaded 2 times (x 69B)
Class org.jetbrains.kotlin.gradle.plugin.statistics.BuildFusService$Parameters        : loaded 2 times (x 67B)
Class org.jetbrains.kotlin.gradle.plugin.diagnostics.DefaultProblemsReporter$Factory  : loaded 2 times (x 73B)
Class org.jetbrains.kotlin.gradle.plugin.PluginWrappersKt                             : loaded 2 times (x 68B)
Class com.google.common.base.Stopwatch                                                : loaded 2 times (x 69B)
Class com.google.common.cache.LocalCache$Strength                                     : loaded 2 times (x 78B)
Class com.google.common.cache.Cache                                                   : loaded 2 times (x 67B)
Class com.google.gson.stream.JsonReader$1                                             : loaded 2 times (x 69B)
Class kotlin.collections.IndexingIterator                                             : loaded 2 times (x 76B)
Class org.jetbrains.kotlin.protobuf.LiteralByteString                                 : loaded 2 times (x 109B)
Class org.jetbrains.kotlin.protobuf.LazyFieldLite                                     : loaded 2 times (x 79B)
Class org.jetbrains.kotlin.gradle.targets.js.npm.NpmDependencyExtensionKt$defaultNpmDependencyDelegate$1: loaded 2 times (x 164B)
Class com.google.common.io.AppendableWriter                                           : loaded 2 times (x 97B)
Class com.google.common.base.NullnessCasts                                            : loaded 2 times (x 68B)
Class org.jetbrains.kotlin.gradle.plugin.statistics.KotlinBuildStatisticsUtilsKt$collectAppliedPluginsStatistics$2: loaded 2 times (x 72B)
Class org.jetbrains.kotlin.gradle.plugin.mpp.InternalKotlinTargetKt                   : loaded 2 times (x 68B)
Class org.jetbrains.kotlin.gradle.plugin.diagnostics.KotlinToolingDiagnosticsSetupActionKt$KotlinToolingDiagnosticsSetupAction$1$3: loaded 2 times (x 72B)
Class org.jetbrains.kotlin.gradle.targets.js.dsl.KotlinTargetWithNodeJsDsl            : loaded 2 times (x 67B)
Class org.jetbrains.kotlin.gradle.plugin.sources.DefaultKotlinSourceSetKt$defaultSourceSetLanguageSettingsChecker$1: loaded 2 times (x 75B)
Class org.jetbrains.kotlin.gradle.plugin.sources.InternalKotlinSourceSet              : loaded 2 times (x 67B)
Class org.jetbrains.kotlin.gradle.plugin.KotlinJvmPlugin                              : loaded 2 times (x 76B)
Class org.jetbrains.kotlin.gradle.plugin.mpp.SyncLanguageSettingsWithKotlinExtensionSetupActionKt$SyncLanguageSettingsWithKotlinExtensionSetupAction$1: loaded 2 times (x 92B)
Class org.jetbrains.kotlin.gradle.dsl.KotlinGradlePluginPublicDsl                     : loaded 2 times (x 67B)
Class org.jetbrains.kotlin.gradle.internal.properties.NativeProperties                : loaded 2 times (x 67B)
Class org.jetbrains.kotlin.gradle.fus.internal.SynchronizedConfigurationMetrics       : loaded 2 times (x 69B)
Class org.jetbrains.kotlin.statistics.BuildSessionLogger                              : loaded 2 times (x 74B)
Class org.jetbrains.kotlin.gradle.plugin.internal.ConfigurationCacheStartParameterAccessor: loaded 2 times (x 67B)
Class org.jetbrains.kotlin.gradle.internal.diagnostics.GradleCompatibilityCheck$DefaultCurrentGradleVersionProvider: loaded 2 times (x 71B)
Class org.jetbrains.kotlin.gradle.dsl.KotlinBaseExtension                             : loaded 2 times (x 67B)
Class com.google.common.util.concurrent.AbstractFuture$Cancellation                   : loaded 2 times (x 69B)
Class com.google.common.collect.ImmutableMap$Builder                                  : loaded 2 times (x 79B)
Class [Lkotlin.reflect.KAnnotatedElement;                                             : loaded 2 times (x 66B)
Class org.jetbrains.org.objectweb.asm.FieldWriter                                     : loaded 2 times (x 75B)
Class org.jetbrains.org.objectweb.asm.tree.VarInsnNode                                : loaded 2 times (x 75B)
Class org.jetbrains.org.objectweb.asm.MethodVisitor                                   : loaded 2 times (x 102B)
Class kotlin.io.ByteStreamsKt                                                         : loaded 2 times (x 68B)
Class com.google.common.base.Present                                                  : loaded 2 times (x 78B)
Class com.google.common.collect.AbstractMapBasedMultimap$WrappedCollection$WrappedIterator: loaded 2 times (x 81B)
Class org.jetbrains.kotlin.gradle.utils.FutureKt$future$2$1                           : loaded 2 times (x 92B)
Class org.jetbrains.kotlin.gradle.plugin.diagnostics.DefaultProblemsReporter$logger$2 : loaded 2 times (x 76B)
Class org.jetbrains.kotlin.gradle.plugin.diagnostics.DefaultProblemsReporter          : loaded 2 times (x 73B)
Class [Lorg.jetbrains.kotlin.gradle.plugin.statistics.plugins.ObservablePlugins;      : loaded 2 times (x 66B)
Class org.jetbrains.kotlin.gradle.plugin.internal.BuildIdService$Companion$registerIfAbsent$1$1: loaded 2 times (x 72B)
Class org.jetbrains.kotlin.gradle.internal.abi.AbiValidationExtensionImpl             : loaded 2 times (x 87B)
Class org.jetbrains.kotlin.konan.target.KonanTarget$IOS_ARM64                         : loaded 2 times (x 75B)
Class org.jetbrains.kotlin.gradle.targets.js.dsl.KotlinWasmTargetDsl                  : loaded 2 times (x 67B)
Class org.jetbrains.kotlin.gradle.plugin.diagnostics.checkers.DisabledCinteropCommonizationInHmppProjectChecker$runChecks$1: loaded 2 times (x 85B)
Class org.jetbrains.kotlin.gradle.plugin.sources.ConsistencyCheck                     : loaded 2 times (x 69B)
Class org.jetbrains.kotlin.gradle.plugin.sources.DefaultKotlinSourceSetKt$defaultSourceSetLanguageSettingsChecker$2: loaded 2 times (x 75B)
Class org.jetbrains.kotlin.gradle.plugin.diagnostics.KotlinToolingDiagnosticsCollectorKt$kotlinToolingDiagnosticsCollectorProvider$1$execute$$inlined$variantImplementationFactoryProvider$1: loaded 2 times (x 71B)
Class org.jetbrains.kotlin.gradle.dsl.KotlinCommonToolOptions                         : loaded 2 times (x 67B)
Class org.jetbrains.kotlin.gradle.plugin.AbstractKotlinPlugin                         : loaded 2 times (x 75B)
Class org.jetbrains.kotlin.gradle.tasks.DefaultKotlinJavaToolchain$Companion$wireJvmTargetToJvm$1: loaded 2 times (x 72B)
Class org.jetbrains.kotlin.gradle.plugin.diagnostics.checkers.ComposePluginSuggestApplyChecker: loaded 2 times (x 71B)
Class org.jetbrains.kotlin.gradle.dsl.KotlinMultiplatformExtension                    : loaded 2 times (x 604B)
Class org.jetbrains.kotlin.gradle.plugin.BuildFinishAndConfigurationTimeMetricsFlowAction: loaded 2 times (x 71B)
Class org.jetbrains.kotlin.gradle.plugin.PropertiesProvider$booleanProvider$1         : loaded 2 times (x 71B)
Class com.google.common.cache.RemovalListener                                         : loaded 2 times (x 67B)
Class org.gradle.api.internal.DefaultClassPathRegistry                                : loaded 2 times (x 73B)
Class org.jetbrains.kotlin.metadata.ProtoBuf$Type$Argument$Projection$1               : loaded 2 times (x 71B)
Class org.jetbrains.kotlin.protobuf.SmallSortedMap$EmptySet$1                         : loaded 2 times (x 75B)
Class org.jetbrains.kotlin.protobuf.AbstractMessageLite$Builder$LimitedInputStream    : loaded 2 times (x 89B)
Class build_3gczo4jhxcb4rms1jnvh71e1o                                                 : loaded 2 times (x 177B)
Class org.jetbrains.kotlin.cli.common.messages.MessageCollector                       : loaded 2 times (x 67B)
Class com.google.common.collect.ImmutableMultimap$Keys                                : loaded 2 times (x 163B)
Class org.jetbrains.kotlin.gradle.plugin.mpp.KotlinTargetSoftwareComponentImplKt$KotlinTargetSoftwareComponent$1$1$configuration$1: loaded 2 times (x 76B)
Class org.jetbrains.kotlin.gradle.internal.abi.AbiValidationExtensionKt               : loaded 2 times (x 68B)
Class org.jetbrains.kotlin.gradle.targets.js.npm.DefaultPeerNpmDependencyExtension$delegate$1: loaded 2 times (x 164B)
Class org.jetbrains.kotlin.gradle.targets.js.npm.NpmDependency                        : loaded 2 times (x 94B)
Class org.jetbrains.kotlin.gradle.targets.js.npm.DefaultNpmDependencyExtension        : loaded 2 times (x 149B)
Class org.jetbrains.kotlin.gradle.targets.js.npm.NpmDependency$Scope                  : loaded 2 times (x 76B)
Class org.jetbrains.kotlin.gradle.plugin.sources.FragmentConsistencyChecks$unstableFeaturesCheck$1: loaded 2 times (x 76B)
Class org.jetbrains.kotlin.gradle.plugin.sources.DefaultKotlinSourceSet               : loaded 2 times (x 138B)
Class org.jetbrains.kotlin.gradle.plugin.diagnostics.KotlinToolingDiagnosticsCollector$Parameter_Decorated: loaded 2 times (x 131B)
Class org.jetbrains.kotlin.gradle.plugin.diagnostics.checkers.AndroidSourceSetLayoutV1SourceSetsNotFoundChecker: loaded 2 times (x 71B)
Class org.jetbrains.kotlin.gradle.utils.ConfigurationsKt$sam$org_gradle_api_Action$0  : loaded 2 times (x 72B)
Class org.jetbrains.kotlin.gradle.plugin.diagnostics.ProblemsReporter                 : loaded 2 times (x 67B)
Class org.jetbrains.kotlin.gradle.plugin.VariantImplementationFactories$Parameters    : loaded 2 times (x 67B)
Class org.jetbrains.kotlin.gradle.plugin.internal.JavaExecTaskParametersCompatibility$Factory: loaded 2 times (x 67B)
Class com.google.common.primitives.IntsMethodsForWeb                                  : loaded 2 times (x 68B)
Class com.google.common.collect.Multimap                                              : loaded 2 times (x 67B)
Class org.gradle.api.internal.ClassPathRegistry                                       : loaded 2 times (x 67B)
Class org.gradle.internal.classpath.DefaultClassPath$ImmutableUniqueList              : loaded 2 times (x 196B)
Class org.jetbrains.kotlin.descriptors.Visibilities$Protected                         : loaded 2 times (x 76B)
Class org.jetbrains.kotlin.metadata.ProtoBuf$PackageOrBuilder                         : loaded 2 times (x 67B)
Class org.jetbrains.kotlin.metadata.jvm.JvmProtoBuf$JvmPropertySignature              : loaded 2 times (x 111B)
Class org.jetbrains.kotlin.metadata.ProtoBuf$ValueParameterOrBuilder                  : loaded 2 times (x 67B)
Class org.jetbrains.kotlin.protobuf.SmallSortedMap$EmptySet$2                         : loaded 2 times (x 75B)
Class org.jetbrains.org.objectweb.asm.ByteVector                                      : loaded 2 times (x 75B)
Class kotlin.text.StringsKt__StringsJVMKt                                             : loaded 2 times (x 68B)
Class jdk.internal.jimage.decompressor.ResourceDecompressor                           : loaded 2 times (x 67B)
Class build_4aui4tclos8c9y2x8xnm6nb58$_run_closure1                                   : loaded 2 times (x 136B)
Class com.google.common.collect.NullnessCasts                                         : loaded 2 times (x 68B)
Class com.google.common.collect.MapMakerInternalMap$Segment                           : loaded 2 times (x 139B)
Class com.google.common.base.ExtraObjectsMethodsForWeb                                : loaded 2 times (x 68B)
Class org.jetbrains.kotlin.gradle.plugin.KotlinCompilation$DefaultImpls               : loaded 2 times (x 68B)
Class org.jetbrains.kotlin.gradle.utils.ProviderApiUtilsKt$providerWithLazyConvention$1: loaded 2 times (x 71B)
Class org.jetbrains.kotlin.konan.target.KonanTarget$Companion$predefinedTargets$2     : loaded 2 times (x 75B)
Class org.jetbrains.kotlin.gradle.plugin.sources.FragmentConsistencyChecks$unstableFeaturesCheck$2: loaded 2 times (x 75B)
Class org.jetbrains.kotlin.gradle.plugin.KotlinPluginLifecycleImpl                    : loaded 2 times (x 77B)
Class org.jetbrains.kotlin.gradle.plugin.diagnostics.KotlinToolingDiagnostics$WasmWasiEnvironmentNotChosenExplicitly: loaded 2 times (x 70B)
Class org.jetbrains.kotlin.gradle.plugin.diagnostics.DiagnosticGroup$Kgp              : loaded 2 times (x 79B)
Class org.jetbrains.kotlin.gradle.artifacts.KotlinNativeKlibArtifactKt$KotlinNativeKlibArtifact$1: loaded 2 times (x 71B)
Class org.jetbrains.kotlin.gradle.dsl.KotlinCommonCompilerOptionsDefault              : loaded 2 times (x 93B)
Class org.jetbrains.kotlin.gradle.dsl.KotlinCommonCompilerToolOptionsDefault          : loaded 2 times (x 81B)
Class org.jetbrains.kotlin.gradle.tasks.publishing.HelpersKt$addPomValidationHelpers$1: loaded 2 times (x 72B)
Class org.jetbrains.kotlin.gradle.plugin.mpp.apple.swiftexport.internal.SwiftExportInitKt$maybeCreateSwiftExportClasspathDependenciesConfiguration$1$1: loaded 2 times (x 72B)
Class org.jetbrains.kotlin.gradle.internal.properties.NativePropertiesLoader$isUseXcodeMessageStyleEnabled$1: loaded 2 times (x 72B)
Class org.jetbrains.kotlin.gradle.internal.ClassLoadersCachingBuildService$Companion$registerIfAbsent$2$1: loaded 2 times (x 76B)
Class org.jetbrains.kotlin.gradle.plugin.statistics.KotlinBuildStatisticsUtilsKt$collectGeneralConfigurationTimeMetrics$statisticOverhead$1$2: loaded 2 times (x 72B)
Class org.jetbrains.kotlin.gradle.plugin.StatisticsBuildFlowManager_Decorated         : loaded 2 times (x 116B)
Class org.jetbrains.kotlin.gradle.report.BuildReportMode$Companion                    : loaded 2 times (x 68B)
Class org.jetbrains.kotlin.gradle.plugin.VariantImplementationFactories$VariantImplementationFactory: loaded 2 times (x 67B)
Class org.jetbrains.kotlin.descriptors.DeclarationDescriptor                          : loaded 2 times (x 67B)
Class org.jetbrains.kotlin.descriptors.DescriptorVisibilities                         : loaded 2 times (x 68B)
Class org.jetbrains.kotlin.load.kotlin.KotlinJvmBinaryClass$AnnotationArrayArgumentVisitor: loaded 2 times (x 67B)
Class org.jetbrains.org.objectweb.asm.tree.LookupSwitchInsnNode                       : loaded 2 times (x 75B)
Class kotlin.collections.SetsKt                                                       : loaded 2 times (x 68B)
Class kotlin.text.StringsKt__IndentKt                                                 : loaded 2 times (x 68B)
Class org.jetbrains.kotlin.gradle.plugin.KotlinPluginLifecycleImpl$launch$coroutine$1 : loaded 2 times (x 73B)
Class org.jetbrains.kotlin.cli.common.messages.CompilerMessageSourceLocation          : loaded 2 times (x 67B)
Class com.google.common.io.ByteSink                                                   : loaded 2 times (x 73B)
Class org.jetbrains.kotlin.gradle.tasks.configuration.BaseKotlinCompileConfig$1$1$classpathEntrySnapshotFiles$1: loaded 2 times (x 71B)
Class org.jetbrains.kotlin.gradle.utils.GradleAttributesContainerUtilsKt              : loaded 2 times (x 68B)
Class org.jetbrains.kotlin.gradle.plugin.mpp.ApplyUserDefinedAttributesKt$UserDefinedAttributesSetupAction$1$1: loaded 2 times (x 76B)
Class org.jetbrains.kotlin.compilerRunner.CompilerSystemPropertiesService             : loaded 2 times (x 77B)
Class org.jetbrains.kotlin.gradle.plugin.mpp.compilationImpl.KotlinCompilationImpl$1  : loaded 2 times (x 76B)
Class org.jetbrains.kotlin.gradle.targets.js.npm.SemVer$Companion                     : loaded 2 times (x 68B)
Class org.jetbrains.kotlin.konan.target.KonanTarget$LINUX_ARM64                       : loaded 2 times (x 75B)
Class org.jetbrains.kotlin.konan.target.KonanTarget$LINUX_X64                         : loaded 2 times (x 75B)
Class [Lorg.jetbrains.kotlin.konan.target.Architecture;                               : loaded 2 times (x 66B)
Class org.jetbrains.kotlin.gradle.targets.native.SetupEmbedAndSignAppleFrameworkTaskSideEffectKt$special$$inlined$KotlinTargetSideEffect$1: loaded 2 times (x 71B)
Class org.jetbrains.kotlin.gradle.plugin.mpp.KotlinUsages$KotlinCinteropCompatibility : loaded 2 times (x 74B)
Class org.jetbrains.kotlin.gradle.plugin.mpp.KotlinUsages$KotlinUsagesCompatibility   : loaded 2 times (x 73B)
Class org.jetbrains.kotlin.gradle.dsl.ExplicitApiMode                                 : loaded 2 times (x 76B)
Class org.jetbrains.kotlin.gradle.tasks.publishing.HelpersKt$addSigningValidationHelpers$1: loaded 2 times (x 72B)
Class org.jetbrains.kotlin.gradle.plugin.VariantImplementationFactories$Companion     : loaded 2 times (x 68B)
Class org.jetbrains.kotlin.gradle.plugin.internal.CustomPropertiesFileValueSource$Parameters_Decorated: loaded 2 times (x 131B)
Class org.jetbrains.kotlin.gradle.dsl.KotlinTopLevelExtensionConfig                   : loaded 2 times (x 67B)
Class com.google.common.cache.CacheBuilder                                            : loaded 2 times (x 69B)
Class com.google.common.collect.SingletonImmutableList                                : loaded 2 times (x 204B)
Class Settings_gradle$1                                                               : loaded 2 times (x 71B)
Class org.gradle.internal.classpath.ClassPath                                         : loaded 2 times (x 67B)
Class org.gradle.api.UncheckedIOException                                             : loaded 2 times (x 79B)
Class kotlin.reflect.KFunction                                                        : loaded 2 times (x 67B)
Class org.jetbrains.kotlin.metadata.deserialization.TypeTable                         : loaded 2 times (x 69B)
Class org.jetbrains.kotlin.load.kotlin.FileBasedKotlinClass$1                         : loaded 2 times (x 85B)
Class kotlin.sequences.SequencesKt__SequencesKt$asSequence$$inlined$Sequence$1        : loaded 2 times (x 72B)
Class com.google.common.collect.Interners$InternerBuilder                             : loaded 2 times (x 73B)
Class com.google.common.io.Files$FileByteSource                                       : loaded 2 times (x 82B)
Class org.jetbrains.kotlin.gradle.incremental.IncrementalModuleInfoProvider           : loaded 2 times (x 67B)
Class org.jetbrains.kotlin.gradle.plugin.mpp.compilationImpl.KotlinCompilationImpl$2  : loaded 2 times (x 76B)
Class com.google.common.base.JdkPattern                                               : loaded 2 times (x 72B)
Class org.jetbrains.kotlin.gradle.tasks.abi.KotlinLegacyAbiCheckTaskImpl$Companion    : loaded 2 times (x 68B)
Class org.jetbrains.kotlin.gradle.dsl.PlatformSourceSetConventionsChecker$runChecks$1 : loaded 2 times (x 85B)
Class org.jetbrains.kotlin.gradle.plugin.mpp.compilationImpl.KotlinCompilationProcessorSideEffectKt$KotlinCompilationProcessorSideEffect$1: loaded 2 times (x 71B)
Class org.jetbrains.kotlin.gradle.dsl.KotlinJvmCompilerOptionsDefault                 : loaded 2 times (x 105B)
Class org.jetbrains.kotlin.gradle.internal.UsesClassLoadersCachingBuildService        : loaded 2 times (x 67B)
Class com.google.common.collect.ImmutableList$ReverseImmutableList                    : loaded 2 times (x 206B)
Class org.jetbrains.kotlin.metadata.ProtoBuf$Type$ArgumentOrBuilder                   : loaded 2 times (x 67B)
Class org.jetbrains.kotlin.protobuf.GeneratedMessageLite$GeneratedExtension           : loaded 2 times (x 76B)
Class org.jetbrains.kotlin.com.intellij.openapi.diagnostic.Logger                     : loaded 2 times (x 96B)
Class org.jetbrains.kotlin.load.kotlin.FileBasedKotlinClass$2                         : loaded 2 times (x 85B)
Class kotlin.collections.MapsKt__MapsKt                                               : loaded 2 times (x 68B)
Class com.google.common.io.CharSource$CharSequenceCharSource                          : loaded 2 times (x 83B)
Class com.google.common.io.CharStreams$NullWriter                                     : loaded 2 times (x 96B)
Class org.jetbrains.kotlin.compilerRunner.KotlinCompilerArgumentsLogLevel$Companion   : loaded 2 times (x 68B)
Class org.jetbrains.kotlin.gradle.plugin.DefaultKotlinBasePlugin$addKotlinCompilerConfiguration$3$1: loaded 2 times (x 76B)
Class org.jetbrains.kotlin.gradle.tasks.AbstractKotlinCompile$defaultKotlinJavaToolchain$1: loaded 2 times (x 75B)
Class org.jetbrains.kotlin.daemon.common.MultiModuleICSettings                        : loaded 2 times (x 69B)
Class org.jetbrains.kotlin.gradle.internal.KotlinDomApiDependencyManagementKt         : loaded 2 times (x 68B)
Class com.google.errorprone.annotations.DoNotMock                                     : loaded 2 times (x 67B)
Class org.jetbrains.kotlin.gradle.internal.transforms.BuildToolsApiClasspathEntrySnapshotTransform$Parameters: loaded 2 times (x 85B)
Class org.jetbrains.kotlin.gradle.plugin.KotlinCompilationInfoKt                      : loaded 2 times (x 68B)
Class org.jetbrains.kotlin.gradle.tasks.KotlinCompile                                 : loaded 2 times (x 501B)
Class org.jetbrains.kotlin.gradle.internal.StdlibDependencyManagementKt               : loaded 2 times (x 68B)
Class org.jetbrains.kotlin.gradle.dsl.PlatformSourceSetConventionsChecker$runChecks$2 : loaded 2 times (x 75B)
Class org.jetbrains.kotlin.konan.target.KonanTarget$MINGW_X64                         : loaded 2 times (x 75B)
Class org.jetbrains.kotlin.gradle.utils.ObservableSet                                 : loaded 2 times (x 67B)
Class org.jetbrains.kotlin.gradle.plugin.diagnostics.KotlinToolingDiagnosticsCollectorKt: loaded 2 times (x 68B)
Class org.jetbrains.kotlin.gradle.plugin.mpp.HierarchyAttributeContainer              : loaded 2 times (x 80B)
Class org.jetbrains.kotlin.gradle.tasks.UsesKotlinJavaToolchain                       : loaded 2 times (x 67B)
Class org.jetbrains.kotlin.gradle.tasks.publishing.HelpersKt$addSigningValidationHelpers$signingTask$1: loaded 2 times (x 76B)
Class org.jetbrains.kotlin.gradle.plugin.DefaultKotlinBasePlugin$apply$1              : loaded 2 times (x 72B)
Class org.jetbrains.kotlin.statistics.metrics.StringOverridePolicy$OVERRIDE           : loaded 2 times (x 82B)
Class org.jetbrains.kotlin.gradle.internal.properties.PropertiesBuildService$Params_Decorated: loaded 2 times (x 131B)
Class org.objectweb.asm.SymbolTable$Entry                                             : loaded 2 times (x 71B)
Class com.google.gson.internal.JsonReaderInternalAccess                               : loaded 2 times (x 69B)
Class org.jetbrains.kotlin.gradle.plugin.abi.AbiValidationTaskSet$addSingleJvmTarget$1: loaded 2 times (x 72B)
Class org.jetbrains.kotlin.metadata.ProtoBuf$Class                                    : loaded 2 times (x 174B)
Class org.jetbrains.kotlin.metadata.ProtoBuf$Property$1                               : loaded 2 times (x 141B)
Class org.jetbrains.kotlin.metadata.ProtoBuf$Type                                     : loaded 2 times (x 142B)
Class org.jetbrains.org.objectweb.asm.ClassWriter                                     : loaded 2 times (x 103B)
Class org.jetbrains.kotlin.load.kotlin.FileBasedKotlinClass$3                         : loaded 2 times (x 75B)
Class org.jetbrains.kotlin.gradle.tasks.CInteropProcess                               : loaded 2 times (x 344B)
Class Native_plugin_loader_gradle                                                     : loaded 2 times (x 127B)
Class org.jetbrains.kotlin.gradle.plugin.mpp.KotlinTargetComponentWithCoordinatesAndPublication: loaded 2 times (x 67B)
Class org.jetbrains.kotlin.gradle.incremental.UsesIncrementalModuleInfoBuildService   : loaded 2 times (x 67B)
Class org.jetbrains.kotlin.konan.target.KonanTarget$ANDROID_X86                       : loaded 2 times (x 75B)
Class org.jetbrains.kotlin.gradle.dsl.PlatformSourceSetConventionsChecker$runChecks$3 : loaded 2 times (x 75B)
Class org.jetbrains.kotlin.gradle.plugin.RegisterKotlinPluginExtensionsKt             : loaded 2 times (x 68B)
Class org.jetbrains.kotlin.gradle.utils.CompilerOptionsKt$configureExperimentalTryNext$1$1: loaded 2 times (x 75B)
Class org.jetbrains.kotlin.gradle.utils.CompilerOptionsKt                             : loaded 2 times (x 68B)
Class org.jetbrains.kotlin.gradle.plugin.PropertiesProvider$Companion                 : loaded 2 times (x 68B)
Class org.jetbrains.kotlin.gradle.utils.SingleAction                                  : loaded 2 times (x 70B)
Class org.objectweb.asm.Edge                                                          : loaded 2 times (x 69B)
Class com.google.common.base.Suppliers$SupplierOfInstance                             : loaded 2 times (x 76B)
Class com.google.common.collect.Iterators$1                                           : loaded 2 times (x 78B)
Class org.jetbrains.kotlin.load.kotlin.FileBasedKotlinClass$4                         : loaded 2 times (x 85B)
Class kotlin.UninitializedPropertyAccessException                                     : loaded 2 times (x 79B)
Class org.jetbrains.kotlin.gradle.tasks.KotlinCompile$defaultKotlinJavaToolchain$1    : loaded 2 times (x 76B)
Class org.jetbrains.kotlin.gradle.tasks.KotlinJavaToolchain$JavaToolchainSetter       : loaded 2 times (x 67B)
Class org.jetbrains.kotlin.gradle.internal.utils.CollectionsKt                        : loaded 2 times (x 68B)
Class org.jetbrains.kotlin.gradle.plugin.diagnostics.KotlinToolingDiagnosticsSetupActionKt$KotlinToolingDiagnosticsSetupAction$1$2$diagnostics$1: loaded 2 times (x 72B)
Class org.jetbrains.kotlin.tooling.core.ExtrasPropertyKt$extrasLazyProperty$1         : loaded 2 times (x 91B)
Class org.jetbrains.kotlin.gradle.dsl.abi.AbiFilterSetSpec                            : loaded 2 times (x 67B)
Class org.jetbrains.kotlin.gradle.dsl.PlatformSourceSetConventionsChecker$runChecks$4 : loaded 2 times (x 75B)
Class org.jetbrains.kotlin.gradle.plugin.diagnostics.checkers.JsLikeEnvironmentChecker$runChecks$1: loaded 2 times (x 85B)
Class org.jetbrains.kotlin.gradle.plugin.diagnostics.checkers.KonanHomeConflictDeclarationChecker: loaded 2 times (x 71B)
Class org.jetbrains.kotlin.gradle.plugin.diagnostics.KotlinToolingDiagnostics$WasmJsEnvironmentNotChosenExplicitly: loaded 2 times (x 70B)
Class org.jetbrains.kotlin.gradle.plugin.diagnostics.UsesKotlinToolingDiagnostics     : loaded 2 times (x 67B)
Class org.jetbrains.kotlin.statistics.metrics.BooleanAnonymizationPolicy$SAFE         : loaded 2 times (x 82B)
Class com.google.common.cache.LocalCache$ComputingValueReference                      : loaded 2 times (x 93B)
Class com.google.common.collect.SingletonImmutableSet                                 : loaded 2 times (x 143B)
Class com.google.common.collect.ImmutableMap$IteratorBasedImmutableMap                : loaded 2 times (x 123B)
Class org.jetbrains.kotlin.gradle.plugin.mpp.KotlinVariantWithCoordinates             : loaded 2 times (x 105B)
Class org.jetbrains.kotlin.metadata.ProtoBuf$Annotation$Argument                      : loaded 2 times (x 105B)
Class org.jetbrains.org.objectweb.asm.tree.LocalVariableNode                          : loaded 2 times (x 70B)
Class org.jetbrains.kotlin.metadata.ProtoBuf$Class$Kind                               : loaded 2 times (x 79B)
Class org.jetbrains.kotlin.protobuf.GeneratedMessageLite$Builder                      : loaded 2 times (x 125B)
Class org.jetbrains.kotlin.protobuf.WireFormat$FieldType$1                            : loaded 2 times (x 80B)
Class org.jetbrains.kotlin.metadata.jvm.JvmProtoBuf$JvmMethodSignatureOrBuilder       : loaded 2 times (x 67B)
Class org.jetbrains.kotlin.protobuf.ByteString                                        : loaded 2 times (x 105B)
Class [Lorg.jetbrains.kotlin.cli.common.messages.CompilerMessageSeverity;             : loaded 2 times (x 66B)
Class com.google.common.collect.AbstractMapBasedMultimap$AsMap$AsMapEntries           : loaded 2 times (x 135B)
Class org.jetbrains.kotlin.gradle.plugin.abi.AbiValidationTaskSet                     : loaded 2 times (x 69B)
Class org.jetbrains.kotlin.gradle.plugin.mpp.compilationImpl.DefaultKotlinCompilationSourceSetsContainer$allKotlinSourceSetsImpl$1$1: loaded 2 times (x 77B)
Class org.jetbrains.kotlin.gradle.plugin.mpp.compilationImpl.DefaultKotlinCompilationSourceSetsContainer: loaded 2 times (x 75B)
Class org.jetbrains.kotlin.konan.target.KonanTarget$TVOS_SIMULATOR_ARM64              : loaded 2 times (x 75B)
Class org.jetbrains.kotlin.konan.target.KonanTarget$Companion                         : loaded 2 times (x 68B)
Class org.jetbrains.kotlin.gradle.plugin.KotlinPluginLifecycle$Stage$Companion        : loaded 2 times (x 68B)
Class org.jetbrains.kotlin.gradle.plugin.diagnostics.checkers.DeprecatedKotlinNativeTargetsChecker: loaded 2 times (x 71B)
Class org.jetbrains.kotlin.gradle.targets.jvm.KotlinJvmCompilationWireJavaSourcesSideEffectKt$KotlinJvmCompilationWireJavaSourcesSideEffect$1: loaded 2 times (x 71B)
Class org.jetbrains.kotlin.gradle.targets.native.ConfigureFrameworkExportSideEffectKt$special$$inlined$KotlinTargetSideEffect$1: loaded 2 times (x 71B)
Class org.jetbrains.kotlin.tooling.core.AbstractExtras                                : loaded 2 times (x 138B)
Class org.jetbrains.kotlin.gradle.fus.BuildUidService$Companion$registerIfAbsent$1    : loaded 2 times (x 71B)
Class org.jetbrains.kotlin.gradle.internal.diagnostics.AgpCompatibilityCheck$AndroidGradlePluginVersionProvider: loaded 2 times (x 67B)
Class com.google.common.cache.LocalCache$Segment                                      : loaded 2 times (x 151B)
Class com.google.common.io.FileWriteMode                                              : loaded 2 times (x 76B)
Class org.jetbrains.kotlin.metadata.ProtoBuf$TypeParameter                            : loaded 2 times (x 127B)
Class org.jetbrains.kotlin.metadata.ProtoBuf$ValueParameter$1                         : loaded 2 times (x 141B)
Class [Lorg.jetbrains.kotlin.protobuf.WireFormat$FieldType;                           : loaded 2 times (x 66B)
Class org.jetbrains.kotlin.protobuf.WireFormat$FieldType$2                            : loaded 2 times (x 80B)
Class Native_plugin_loader_gradle$NativePluginLoader$Companion                        : loaded 2 times (x 68B)
Class org.jetbrains.kotlin.build.report.metrics.BuildTimes                            : loaded 2 times (x 69B)
Class org.jetbrains.kotlin.gradle.tasks.KotlinCompile$ClasspathSnapshotProperties     : loaded 2 times (x 72B)
Class org.jetbrains.kotlin.gradle.internal.StdlibDependencyManagementKt$addStdlibDependency$1$1: loaded 2 times (x 76B)
Class org.jetbrains.kotlin.gradle.tasks.configuration.BaseKotlinCompileConfig$2$1     : loaded 2 times (x 72B)
Class org.jetbrains.kotlin.gradle.plugin.diagnostics.TransformActionUsingKotlinToolingDiagnostics: loaded 2 times (x 67B)
Class com.google.common.collect.SortedIterable                                        : loaded 2 times (x 67B)
Class org.jetbrains.kotlin.gradle.dsl.abi.AbiValidationVariantSpec$Companion          : loaded 2 times (x 68B)
Class org.jetbrains.kotlin.gradle.dsl.abi.AbiValidationVariantSpec                    : loaded 2 times (x 67B)
Class org.jetbrains.kotlin.gradle.dsl.PlatformSourceSetConventionsChecker$runChecks$6 : loaded 2 times (x 85B)
Class org.jetbrains.kotlin.gradle.plugin.sources.DefaultKotlinSourceSet_Decorated     : loaded 2 times (x 189B)
Class org.jetbrains.kotlin.gradle.plugin.mpp.KotlinCompilationsKt                     : loaded 2 times (x 68B)
Class org.jetbrains.kotlin.gradle.targets.native.KonanPropertiesBuildService$Companion: loaded 2 times (x 68B)
Class org.jetbrains.kotlin.statistics.metrics.StringOverridePolicy                    : loaded 2 times (x 82B)
Class org.jetbrains.kotlin.gradle.plugin.statistics.DefaultKotlinBuildStatsBeanService: loaded 2 times (x 89B)
Class org.jetbrains.kotlin.gradle.utils.GradleUtilsKt$registerClassLoaderScopedBuildService$1: loaded 2 times (x 71B)
Class org.jetbrains.kotlin.gradle.internal.diagnostics.AgpCompatibilityCheck$AndroidGradlePluginVersionProvider$Default: loaded 2 times (x 71B)
Class com.google.common.collect.AbstractListMultimap                                  : loaded 2 times (x 169B)
Class [Lorg.objectweb.asm.SymbolTable$Entry;                                          : loaded 2 times (x 66B)
Class com.google.common.cache.CacheLoader                                             : loaded 2 times (x 71B)
Class com.google.common.collect.Iterators$4                                           : loaded 2 times (x 79B)
Class com.google.common.collect.ImmutableBiMap                                        : loaded 2 times (x 140B)
Class org.gradle.internal.installation.GradleInstallation$1                           : loaded 2 times (x 72B)
Class org.gradle.api.internal.classpath.ModuleRegistry                                : loaded 2 times (x 67B)
Class org.jetbrains.kotlin.protobuf.WireFormat$FieldType$3                            : loaded 2 times (x 80B)
Class org.jetbrains.org.objectweb.asm.AnnotationVisitor                               : loaded 2 times (x 75B)
Class jdk.internal.jimage.decompressor.ResourceDecompressorFactory                    : loaded 2 times (x 71B)
Class com.google.common.base.Splitter$SplittingIterator                               : loaded 2 times (x 81B)
Class org.jetbrains.kotlin.gradle.plugin.KotlinPluginLifecycle$ProjectConfigurationResult: loaded 2 times (x 68B)
Class org.jetbrains.kotlin.gradle.internal.KotlinDependenciesManagementKt$configureDefaultVersionsResolutionStrategy$1: loaded 2 times (x 72B)
Class org.jetbrains.kotlin.gradle.internal.StdlibDependencyManagementKt$configureStdlibDefaultDependency$1: loaded 2 times (x 76B)
Class org.jetbrains.kotlin.gradle.utils.ConfigurationCacheOpaqueValue                 : loaded 2 times (x 69B)
Class org.jetbrains.kotlin.gradle.model.builder.KotlinModelBuilder$Companion          : loaded 2 times (x 68B)
Class org.jetbrains.kotlin.gradle.plugin.mpp.compilationImpl.KotlinCreateResourcesTaskSideEffectKt: loaded 2 times (x 68B)
Class org.jetbrains.kotlin.gradle.targets.native.internal.SetupKotlinNativePlatformDependenciesAndStdlibKt: loaded 2 times (x 68B)
Class org.jetbrains.kotlin.gradle.plugin.mpp.KotlinUsages                             : loaded 2 times (x 68B)
Class org.jetbrains.kotlin.gradle.internal.properties.NativePropertiesLoader$Companion: loaded 2 times (x 68B)
Class [Lorg.jetbrains.kotlin.build.report.metrics.GradleBuildPerformanceMetric;       : loaded 2 times (x 66B)
Class org.jetbrains.kotlin.gradle.plugin.statistics.KotlinBuildStatsBeanService$Companion: loaded 2 times (x 68B)
Class org.jetbrains.kotlin.gradle.plugin.statistics.BuildFusService$Companion         : loaded 2 times (x 68B)
Class com.google.common.util.concurrent.internal.InternalFutureFailureAccess          : loaded 2 times (x 69B)
Class com.google.common.collect.Iterators$5                                           : loaded 2 times (x 79B)
Class com.google.common.collect.ImmutableSet$JdkBackedSetBuilderImpl                  : loaded 2 times (x 73B)
Class org.jetbrains.kotlin.metadata.ProtoBuf$VersionRequirement$Level                 : loaded 2 times (x 79B)
Class org.jetbrains.kotlin.metadata.ProtoBuf$VersionRequirementOrBuilder              : loaded 2 times (x 67B)
Class org.jetbrains.kotlin.descriptors.Visibilities$Internal                          : loaded 2 times (x 76B)
Class [Lorg.jetbrains.kotlin.metadata.ProtoBuf$Annotation$Argument$Value$Type;        : loaded 2 times (x 66B)
Class org.jetbrains.kotlin.metadata.ProtoBuf$Contract$1                               : loaded 2 times (x 141B)
Class org.jetbrains.kotlin.metadata.ProtoBuf$Type$1                                   : loaded 2 times (x 141B)
Class org.jetbrains.kotlin.protobuf.WireFormat$FieldType$4                            : loaded 2 times (x 80B)
Class org.jetbrains.kotlin.metadata.jvm.JvmProtoBuf$JvmMethodSignature$1              : loaded 2 times (x 141B)
Class org.jetbrains.kotlin.load.kotlin.FileBasedKotlinClass$3$1                       : loaded 2 times (x 75B)
Class org.jetbrains.kotlin.name.FqNameUnsafe                                          : loaded 2 times (x 69B)
Class com.google.common.collect.ImmutableSortedAsList                                 : loaded 2 times (x 218B)
Class com.google.common.collect.ImmutableMultimap$Values                              : loaded 2 times (x 123B)
Class com.google.common.collect.HashBiMap$Inverse                                     : loaded 2 times (x 139B)
Class org.jetbrains.kotlin.gradle.plugin.HasCompilerOptions                           : loaded 2 times (x 67B)
Class org.jetbrains.kotlin.gradle.plugin.mpp.compilationImpl.DefaultKotlinCompilationFriendPathsResolver$FriendArtifactResolver: loaded 2 times (x 67B)
Class org.jetbrains.kotlin.gradle.dsl.abi.AbiFilterSetSpec_Decorated                  : loaded 2 times (x 134B)
Class org.jetbrains.kotlin.konan.target.KonanTarget$WATCHOS_SIMULATOR_ARM64           : loaded 2 times (x 75B)
Class org.jetbrains.kotlin.gradle.targets.js.ir.KotlinJsIrTarget                      : loaded 2 times (x 251B)
Class org.jetbrains.kotlin.gradle.plugin.mpp.DefaultKotlinUsageContext                : loaded 2 times (x 105B)
Class org.jetbrains.kotlin.gradle.plugin.KotlinPluginLifecycleImpl$start$3            : loaded 2 times (x 76B)
Class org.jetbrains.kotlin.gradle.dsl.KotlinJvmExtension                              : loaded 2 times (x 67B)
Class org.jetbrains.kotlin.gradle.plugin.abi.AbiValidationActionKt$AbiValidationSetupAction$1: loaded 2 times (x 92B)
Class org.jetbrains.kotlin.gradle.plugin.KotlinMultiplatformPluginWrapper             : loaded 2 times (x 83B)
Class [Lorg.jetbrains.kotlin.statistics.metrics.BooleanMetrics;                       : loaded 2 times (x 66B)
Class org.jetbrains.kotlin.gradle.fus.internal.CiUtilKt                               : loaded 2 times (x 68B)
Class org.jetbrains.kotlin.gradle.internal.properties.PropertiesBuildService$Companion: loaded 2 times (x 68B)
Class com.google.common.base.CharMatcher$ForPredicate                                 : loaded 2 times (x 109B)
Class com.google.common.cache.LocalCache$LocalManualCache$1                           : loaded 2 times (x 72B)
Class [Lcom.google.common.base.AbstractIterator$State;                                : loaded 2 times (x 66B)
Class org.jetbrains.kotlin.metadata.ProtoBuf$Expression                               : loaded 2 times (x 117B)
Class kotlin.io.FilesKt__UtilsKt                                                      : loaded 2 times (x 68B)
Class kotlin.collections.CollectionsKt__CollectionsJVMKt                              : loaded 2 times (x 68B)
Class com.google.common.collect.ImmutableSortedMap$1EntrySet                          : loaded 2 times (x 152B)
Class org.jetbrains.kotlin.gradle.plugin.mpp.compilationImpl.KotlinCompilationConfigurationsContainer: loaded 2 times (x 67B)
Class org.jetbrains.kotlin.gradle.internal.StdlibDependencyManagementKt$addStdlibDependency$1: loaded 2 times (x 72B)
Class [Lorg.jetbrains.kotlin.gradle.plugin.KotlinPluginLifecycle$CoroutineStart;      : loaded 2 times (x 66B)
Class org.jetbrains.kotlin.gradle.dsl.IosSourceSetConventionChecker                   : loaded 2 times (x 71B)
Class org.jetbrains.kotlin.gradle.plugin.diagnostics.KotlinGradleProjectChecker       : loaded 2 times (x 67B)
Class org.jetbrains.kotlin.gradle.plugin.sources.KotlinSourceSetFactory$Companion     : loaded 2 times (x 68B)
Class org.jetbrains.kotlin.gradle.dsl.KotlinMultiplatformSourceSetConventions         : loaded 2 times (x 67B)
Class org.jetbrains.kotlin.statistics.metrics.NumberOverridePolicy$SUM                : loaded 2 times (x 82B)
Class com.google.common.base.CharMatcher$AnyOf                                        : loaded 2 times (x 109B)
Class com.google.common.collect.ImmutableCollection                                   : loaded 2 times (x 122B)
Class org.gradle.api.internal.classpath.DefaultModuleRegistry                         : loaded 2 times (x 83B)
Class [Lcom.google.common.collect.MapMakerInternalMap$Segment;                        : loaded 2 times (x 66B)
Class org.jetbrains.kotlin.metadata.ProtoBuf$Annotation$Argument$1                    : loaded 2 times (x 141B)
Class org.jetbrains.kotlin.metadata.deserialization.Flags$BooleanFlagField            : loaded 2 times (x 73B)
Class kotlin.collections.IndexedValue                                                 : loaded 2 times (x 69B)
Class org.jetbrains.kotlin.metadata.ProtoBuf$Function$1                               : loaded 2 times (x 141B)
Class org.jetbrains.kotlin.metadata.jvm.deserialization.JvmProtoBufUtil               : loaded 2 times (x 68B)
Class org.jetbrains.org.objectweb.asm.AnnotationWriter                                : loaded 2 times (x 76B)
Class org.jetbrains.kotlin.load.kotlin.KotlinJvmBinaryClass$AnnotationVisitor         : loaded 2 times (x 67B)
Class kotlin.sequences.SequencesKt                                                    : loaded 2 times (x 68B)
Class kotlin.collections.CollectionsKt__IteratorsKt                                   : loaded 2 times (x 68B)
Class com.google.common.cache.LocalCache$ValueIterator                                : loaded 2 times (x 83B)
Class org.jetbrains.kotlin.gradle.plugin.internal.state.TaskExecutionResults          : loaded 2 times (x 68B)
Class org.jetbrains.kotlin.compilerRunner.KotlinCompilerArgumentsLogLevel             : loaded 2 times (x 76B)
Class org.jetbrains.kotlin.gradle.plugin.mpp.compilationImpl.factory.CompositePostConfigure: loaded 2 times (x 72B)
Class org.jetbrains.kotlin.gradle.plugin.diagnostics.KotlinToolingDiagnosticsSetupActionKt$KotlinToolingDiagnosticsSetupAction$1$reporterProvider$1: loaded 2 times (x 71B)
Class org.jetbrains.kotlin.gradle.targets.native.internal.CInteropConfigurationsKt    : loaded 2 times (x 68B)
Class org.jetbrains.kotlin.gradle.plugin.statistics.BuildFusService$Parameters$Inject : loaded 2 times (x 109B)
Class org.jetbrains.kotlin.statistics.metrics.StatisticsValuesConsumer                : loaded 2 times (x 67B)
Class org.jetbrains.kotlin.gradle.plugin.AndroidGradlePluginVersion$Companion         : loaded 2 times (x 68B)
Class com.google.common.collect.Lists                                                 : loaded 2 times (x 68B)
Class com.google.common.util.concurrent.ListenableFuture                              : loaded 2 times (x 67B)
Class com.google.common.cache.ReferenceEntry                                          : loaded 2 times (x 67B)
Class com.google.common.base.Converter                                                : loaded 2 times (x 87B)
Class com.google.common.collect.ImmutableSet$CachingAsList                            : loaded 2 times (x 145B)
Class Build_gradle$3$2                                                                : loaded 2 times (x 75B)
Class org.jetbrains.kotlin.com.intellij.openapi.diagnostic.Logger$DefaultFactory      : loaded 2 times (x 71B)
Class kotlin.text.StringsKt                                                           : loaded 2 times (x 68B)
Class org.jetbrains.kotlin.gradle.plugin.DefaultKotlinBasePlugin$addKotlinCompilerConfiguration$2$1$1$1: loaded 2 times (x 72B)
Class org.jetbrains.kotlin.gradle.tasks.KotlinCompilerExecutionStrategy$Companion     : loaded 2 times (x 68B)
Class kotlin.collections.CollectionsKt__ReversedViewsKt                               : loaded 2 times (x 68B)
Class org.jetbrains.kotlin.gradle.plugin.diagnostics.KotlinToolingDiagnosticsSetupActionKt$KotlinToolingDiagnosticsSetupAction$1$reporterProvider$2: loaded 2 times (x 72B)
Class org.jetbrains.kotlin.gradle.model.builder.KotlinModelBuilder                    : loaded 2 times (x 73B)
Class [Lorg.jetbrains.kotlin.tooling.core.HasMutableExtras;                           : loaded 2 times (x 66B)
Class org.jetbrains.kotlin.gradle.plugin.diagnostics.checkers.GradleDeprecatedPropertyChecker: loaded 2 times (x 71B)
Class org.jetbrains.kotlin.gradle.artifacts.KotlinJsKlibArtifactKt$KotlinJsKlibArtifact$1: loaded 2 times (x 71B)
Class org.jetbrains.kotlin.gradle.targets.CreateTargetConfigurationsSideEffectKt      : loaded 2 times (x 68B)
Class org.jetbrains.kotlin.gradle.plugin.mpp.ApplyUserDefinedAttributesKt$UserDefinedAttributesSetupAction$1: loaded 2 times (x 92B)
Class org.jetbrains.kotlin.gradle.plugin.mpp.KotlinAndroidTarget                      : loaded 2 times (x 156B)
Class org.jetbrains.kotlin.gradle.plugin.statistics.BuildFinishBuildService$Companion$registerIfAbsent$1$1: loaded 2 times (x 71B)
Class org.jetbrains.kotlin.gradle.plugin.DefaultKotlinBasePlugin$addKotlinCompilerConfiguration$1: loaded 2 times (x 72B)
Class org.jetbrains.kotlin.gradle.plugin.statistics.NonSynchronizedMetricsContainer   : loaded 2 times (x 79B)
Class org.jetbrains.kotlin.gradle.plugin.internal.DefaultCompatibilityConventionRegistrar: loaded 2 times (x 71B)
Class org.jetbrains.kotlin.gradle.plugin.PropertiesProvider                           : loaded 2 times (x 70B)
Class com.google.common.collect.AbstractMapBasedMultimap                              : loaded 2 times (x 136B)
Class com.google.common.util.concurrent.AbstractFuture                                : loaded 2 times (x 103B)
Class com.google.common.base.FunctionalEquivalence                                    : loaded 2 times (x 80B)
Class com.google.common.collect.Iterators$9                                           : loaded 2 times (x 78B)
Class com.google.common.collect.ImmutableAsList                                       : loaded 2 times (x 206B)
Class org.jetbrains.kotlin.descriptors.Visibilities$Private                           : loaded 2 times (x 76B)
Class kotlin.LazyKt__LazyJVMKt                                                        : loaded 2 times (x 68B)
Class build_5h84n3wjbradfpmv6flxns9wl$_run_closure1                                   : loaded 2 times (x 136B)
Class com.google.common.io.CharStreams                                                : loaded 2 times (x 68B)
Class com.google.common.collect.ImmutableMultiset                                     : loaded 2 times (x 160B)
Class [Lorg.jetbrains.kotlin.gradle.dsl.jvm.JvmTargetValidationMode;                  : loaded 2 times (x 66B)
Class org.jetbrains.kotlin.gradle.tasks.DefaultKotlinJavaToolchain$javaVersion$1      : loaded 2 times (x 71B)
Class org.jetbrains.kotlin.gradle.plugin.mpp.MppSourcesJarKt$sourcesJarTask$1         : loaded 2 times (x 92B)
Class org.jetbrains.kotlin.gradle.plugin.mpp.compilationImpl.factory.KotlinCompilationImplFactory$KotlinCompilationOutputFactory: loaded 2 times (x 67B)
Class org.jetbrains.kotlin.konan.target.TargetSupportException                        : loaded 2 times (x 79B)
Class org.jetbrains.kotlin.gradle.internal.IsInIdeaEnvironmentValueSource             : loaded 2 times (x 77B)
Class org.jetbrains.kotlin.gradle.plugin.KotlinCompilationToRunnableFiles             : loaded 2 times (x 67B)
Class org.jetbrains.kotlin.gradle.tooling.BuildKotlinToolingMetadataTaskKt            : loaded 2 times (x 68B)
Class org.jetbrains.kotlin.gradle.plugin.ProjectLocalConfigurations$setupAttributesMatchingStrategy$1$1: loaded 2 times (x 71B)
Class org.jetbrains.kotlin.gradle.plugin.mpp.apple.swiftexport.internal.SwiftExportInitKt$SwiftExportClasspathResolvableConfiguration$1: loaded 2 times (x 76B)
Class org.jetbrains.kotlin.gradle.targets.native.toolchain.KotlinNativeBundleBuildService$Companion$registerIfAbsent$2$1$1: loaded 2 times (x 72B)
Class org.jetbrains.kotlin.statistics.BuildSessionLogger$Companion                    : loaded 2 times (x 68B)
Class org.jetbrains.kotlin.gradle.plugin.diagnostics.ProblemsReporter$Factory         : loaded 2 times (x 67B)
Class org.objectweb.asm.RecordComponentVisitor                                        : loaded 2 times (x 74B)
Class com.google.common.cache.CacheLoader$SupplierToCacheLoader                       : loaded 2 times (x 72B)
Class kotlin.sequences.SequencesKt__SequenceBuilderKt                                 : loaded 2 times (x 68B)
Class kotlin.sequences.FilteringSequence$iterator$1                                   : loaded 2 times (x 76B)
Class org.jetbrains.kotlin.metadata.ProtoBuf$VersionRequirement$VersionKind$1         : loaded 2 times (x 71B)
Class org.jetbrains.kotlin.metadata.ProtoBuf$Annotation$1                             : loaded 2 times (x 141B)
Class org.jetbrains.kotlin.protobuf.AbstractParser                                    : loaded 2 times (x 141B)
Class kotlin.io.FilesKt__FileReadWriteKt                                              : loaded 2 times (x 68B)
Class kotlin.text.StringsKt__StringNumberConversionsKt                                : loaded 2 times (x 68B)
Class kotlin.io.FilesKt__FileTreeWalkKt                                               : loaded 2 times (x 68B)
Class org.jetbrains.kotlin.cli.common.CompilerSystemProperties$value$1                : loaded 2 times (x 122B)
Class com.google.common.collect.UsingToStringOrdering                                 : loaded 2 times (x 111B)
Class org.jetbrains.kotlin.gradle.targets.js.npm.SemverKt                             : loaded 2 times (x 68B)
Class org.jetbrains.kotlin.gradle.internal.StdlibDependencyManagementKt$isStdlibAddedByUser$1: loaded 2 times (x 76B)
Class org.jetbrains.kotlin.gradle.plugin.mpp.KotlinCompilationsKt$sam$java_util_concurrent_Callable$0: loaded 2 times (x 72B)
Class org.jetbrains.kotlin.gradle.tasks.KotlinCompilerPluginData                      : loaded 2 times (x 69B)
Class org.jetbrains.kotlin.gradle.plugin.mpp.MppSourcesJarKt                          : loaded 2 times (x 68B)
Class org.jetbrains.kotlin.compilerRunner.CompilerSystemPropertiesService$Companion$registerIfAbsent$2$1$1: loaded 2 times (x 72B)
Class org.jetbrains.kotlin.gradle.plugin.KotlinCompilationInfo                        : loaded 2 times (x 85B)
Class org.jetbrains.kotlin.tooling.core.ExtrasPropertyKt                              : loaded 2 times (x 68B)
Class org.jetbrains.kotlin.gradle.tasks.BaseKotlinCompile                             : loaded 2 times (x 67B)
Class org.jetbrains.kotlin.gradle.plugin.internal.UsesBuildIdProviderService          : loaded 2 times (x 67B)
Class org.jetbrains.kotlin.gradle.plugin.mpp.compilationImpl.KotlinCompilationSourceSetInclusion$include$1: loaded 2 times (x 76B)
Class org.jetbrains.kotlin.gradle.plugin.mpp.compilationImpl.factory.KotlinCompilationImplFactory$KotlinCompilationDependencyConfigurationsFactory: loaded 2 times (x 67B)
Class org.jetbrains.kotlin.gradle.tasks.abi.KotlinLegacyAbiCheckTask                  : loaded 2 times (x 67B)
Class org.jetbrains.kotlin.gradle.internal.abi.AbiValidationExtensionImpl_Decorated   : loaded 2 times (x 138B)
Class org.jetbrains.kotlin.gradle.plugin.KotlinPluginLifecycleCoroutineContextElement$Key: loaded 2 times (x 68B)
Class org.jetbrains.kotlin.gradle.plugin.diagnostics.KotlinToolingDiagnosticsSetupActionKt$KotlinToolingDiagnosticsSetupAction$1: loaded 2 times (x 71B)
Class org.jetbrains.kotlin.gradle.dsl.KotlinProjectExtensionKt                        : loaded 2 times (x 68B)
Class org.jetbrains.kotlin.gradle.internal.ClassLoadersCachingBuildService$Companion$registerIfAbsent$1: loaded 2 times (x 72B)
Class org.jetbrains.kotlin.gradle.plugin.UsesKotlinGradleBuildServices                : loaded 2 times (x 67B)
Class org.jetbrains.kotlin.gradle.plugin.KotlinGradleBuildServices$Parameters_Decorated: loaded 2 times (x 131B)
Class org.jetbrains.kotlin.gradle.plugin.DefaultKotlinBasePlugin$addKotlinCompilerConfiguration$3: loaded 2 times (x 72B)
Class [Lorg.jetbrains.kotlin.statistics.metrics.IMetricContainerFactory;              : loaded 2 times (x 66B)
Class org.jetbrains.kotlin.gradle.internal.IdeaKt                                     : loaded 2 times (x 68B)
Class com.google.common.collect.Maps$EntryTransformer                                 : loaded 2 times (x 67B)
Class org.gradle.internal.service.ServiceLookupException                              : loaded 2 times (x 79B)
Class org.jetbrains.kotlin.load.kotlin.FileBasedKotlinClass$OuterAndInnerName         : loaded 2 times (x 69B)
Class org.jetbrains.kotlin.metadata.ProtoBuf$Expression$ConstantValue                 : loaded 2 times (x 79B)
Class [Lorg.jetbrains.kotlin.protobuf.Internal$EnumLite;                              : loaded 2 times (x 66B)
Class org.jetbrains.kotlin.com.intellij.openapi.diagnostic.LogLevel                   : loaded 2 times (x 76B)
Class org.jetbrains.kotlin.gradle.internal.StdlibDependencyManagementKt$isStdlibAddedByUser$2: loaded 2 times (x 75B)
Class org.jetbrains.kotlin.gradle.tasks.GradleCompileTaskProvider_Decorated           : loaded 2 times (x 118B)
Class org.jetbrains.kotlin.gradle.plugin.hierarchy.KotlinSourceSetTreeClassifierKt$sourceSetTreeClassifier$2: loaded 2 times (x 75B)
Class com.google.common.collect.Lists$ReverseList                                     : loaded 2 times (x 197B)
Class com.google.common.collect.ImmutableSortedSet                                    : loaded 2 times (x 297B)
Class org.jetbrains.kotlin.konan.target.HostManager                                   : loaded 2 times (x 69B)
Class org.jetbrains.kotlin.gradle.targets.js.npm.NpmDirectoryDependencyExtension      : loaded 2 times (x 67B)
Class org.jetbrains.kotlin.gradle.plugin.mpp.KotlinUsageContext$MavenScope            : loaded 2 times (x 76B)
Class org.jetbrains.kotlin.gradle.targets.native.KotilnNativeConfigureBinariesSideEffectKt$special$$inlined$KotlinTargetSideEffect$1: loaded 2 times (x 71B)
Class org.jetbrains.kotlin.gradle.plugin.KotlinProjectSetupAction$Companion           : loaded 2 times (x 68B)
Class [Lcom.google.common.cache.LocalCache$EntryFactory;                              : loaded 2 times (x 66B)
Class org.gradle.internal.classloader.ClassLoaderFactory                              : loaded 2 times (x 67B)
Class org.jetbrains.org.objectweb.asm.tree.ParameterNode                              : loaded 2 times (x 70B)
Class org.jetbrains.kotlin.gradle.tasks.DefaultKotlinJavaToolchain$currentJvmJdkToolsJar$1: loaded 2 times (x 71B)
Class org.jetbrains.kotlin.gradle.plugin.diagnostics.ProblemsReporterKt               : loaded 2 times (x 68B)
Class org.jetbrains.kotlin.gradle.plugin.SubpluginEnvironment                         : loaded 2 times (x 69B)
Class org.jetbrains.kotlin.gradle.internal.StdlibDependencyManagementKt$addStdlibDependency$1$1$1: loaded 2 times (x 72B)
Class com.google.common.base.CommonPattern                                            : loaded 2 times (x 71B)
Class org.jetbrains.kotlin.gradle.plugin.diagnostics.IsAttachedToTerminalValueSource$Inject: loaded 2 times (x 97B)
Class org.jetbrains.kotlin.gradle.plugin.sources.AbstractKotlinSourceSet              : loaded 2 times (x 138B)
Class org.jetbrains.kotlin.gradle.tooling.BuildKotlinToolingMetadataTaskKt$RegisterBuildKotlinToolingMetadataTask$1: loaded 2 times (x 71B)
Class org.jetbrains.kotlin.compilerRunner.GradleCliCommonizerKt$maybeCreateCommonizerClasspathConfiguration$1$1: loaded 2 times (x 72B)
Class org.jetbrains.kotlin.gradle.internal.properties.NativePropertiesLoader$nativeCacheKind$1: loaded 2 times (x 72B)
Class [Lorg.jetbrains.kotlin.build.report.metrics.ValueType;                          : loaded 2 times (x 66B)
Class org.jetbrains.kotlin.gradle.internal.diagnostics.AgpCompatibilityCheck          : loaded 2 times (x 68B)
Class com.google.common.base.CharMatcher$IsNot                                        : loaded 2 times (x 108B)
Class com.google.common.cache.LocalCache$LocalManualCache                             : loaded 2 times (x 96B)
Class org.gradle.internal.service.CachingServiceLocator                               : loaded 2 times (x 79B)
Class kotlin.jvm.internal.CallableReference                                           : loaded 2 times (x 103B)
Class org.jetbrains.kotlin.descriptors.Visibilities$Public                            : loaded 2 times (x 76B)
Class org.jetbrains.kotlin.protobuf.ExtensionRegistryLite$ObjectIntPair               : loaded 2 times (x 69B)
Class org.jetbrains.kotlin.metadata.ProtoBuf$Class$1                                  : loaded 2 times (x 141B)
Class org.jetbrains.kotlin.load.kotlin.header.ReadKotlinClassHeaderAnnotationVisitor$KotlinMetadataArgumentVisitor$1: loaded 2 times (x 82B)
Class org.jetbrains.kotlin.gradle.dsl.jvm.JvmTargetValidationMode                     : loaded 2 times (x 76B)
Class org.jetbrains.kotlin.gradle.plugin.KotlinTargetConfiguratorKt$WhenMappings      : loaded 2 times (x 68B)
Class com.google.common.collect.AbstractMapBasedMultimap$KeySet                       : loaded 2 times (x 134B)
Class com.google.common.collect.RegularImmutableSortedSet                             : loaded 2 times (x 297B)
Class org.jetbrains.kotlin.gradle.internal.KotlinTestDependencyManagementKt$configureKotlinTestDependency$1: loaded 2 times (x 76B)
Class org.jetbrains.kotlin.gradle.plugin.diagnostics.checkers.OverriddenKotlinNativeHomeChecker$StdlibExistenceCheckerValueSource$Params_Decorated: loaded 2 times (x 131B)
Class org.jetbrains.kotlin.project.model.LanguageSettings                             : loaded 2 times (x 67B)
Class org.jetbrains.kotlin.gradle.plugin.KotlinPluginLifecycleKt$kotlinPluginLifecycle$2: loaded 2 times (x 75B)
Class org.jetbrains.kotlin.gradle.targets.native.KonanPropertiesBuildService$Parameters: loaded 2 times (x 67B)
Class org.jetbrains.kotlin.gradle.plugin.statistics.BuildFusService$Companion$registerIfAbsent$1$1: loaded 2 times (x 76B)
Class org.jetbrains.kotlin.gradle.plugin.PropertiesProvider$booleanPropertyWithValueReporting$1: loaded 2 times (x 75B)
Class org.jetbrains.kotlin.gradle.plugin.internal.CompatibilityConventionRegistrar$Factory: loaded 2 times (x 67B)
Class com.google.common.math.IntMath                                                  : loaded 2 times (x 68B)
Class org.jetbrains.kotlin.metadata.ProtoBuf$VersionRequirement$1                     : loaded 2 times (x 141B)
Class org.jetbrains.kotlin.metadata.jvm.JvmProtoBuf$StringTableTypes$Record$1         : loaded 2 times (x 141B)
Class org.jetbrains.kotlin.load.kotlin.header.ReadKotlinClassHeaderAnnotationVisitor$KotlinMetadataArgumentVisitor$2: loaded 2 times (x 82B)
Class org.jetbrains.org.objectweb.asm.tree.AnnotationNode                             : loaded 2 times (x 77B)
Class org.jetbrains.kotlin.metadata.ProtoBuf$ContractOrBuilder                        : loaded 2 times (x 67B)
Class org.jetbrains.kotlin.gradle.plugin.mpp.KotlinMetadataTarget                     : loaded 2 times (x 158B)
Class com.google.common.collect.MapMakerInternalMap$InternalEntry                     : loaded 2 times (x 67B)
Class [Lcom.google.common.collect.HashBiMap$BiEntry;                                  : loaded 2 times (x 66B)
Class org.jetbrains.kotlin.gradle.tasks.configuration.BaseKotlinCompileConfig$1$jvmToolchain$1: loaded 2 times (x 71B)
Class org.jetbrains.kotlin.gradle.plugin.mpp.InternalKotlinCompilation$DefaultImpls   : loaded 2 times (x 68B)
Class org.jetbrains.kotlin.gradle.plugin.mpp.compilationImpl.KotlinCompilationSourceSetInclusion$DefaultAddSourcesToCompileTask: loaded 2 times (x 71B)
Class org.jetbrains.kotlin.gradle.internal.KotlinTestDependencyManagementKt$configureKotlinTestDependency$2: loaded 2 times (x 72B)
Class org.jetbrains.kotlin.gradle.dsl.PlatformSourceSetConventionsChecker$runChecks$$inlined$CheckedPlatformInfo$default$1: loaded 2 times (x 75B)
Class [Lorg.jetbrains.kotlin.gradle.plugin.KotlinPluginLifecycle$Stage;               : loaded 2 times (x 66B)
Class org.jetbrains.kotlin.gradle.artifacts.KotlinTargetArtifact$Companion            : loaded 2 times (x 68B)
Class org.jetbrains.kotlin.gradle.plugin.mpp.compilationImpl.KotlinCreateLifecycleTasksSideEffectKt$KotlinCreateLifecycleTasksSideEffect$1: loaded 2 times (x 71B)
Class org.jetbrains.kotlin.gradle.dsl.KotlinGradlePluginDsl                           : loaded 2 times (x 67B)
Class org.jetbrains.kotlin.tooling.core.MutableExtras                                 : loaded 2 times (x 67B)
Class org.jetbrains.kotlin.gradle.plugin.KotlinGradleBuildServices$detectKotlinPluginLoadedInMultipleProjects$onRegister$1: loaded 2 times (x 76B)
Class org.jetbrains.kotlin.gradle.plugin.BuildFinishAndConfigurationTimeMetricsFlowAction$Parameters_Decorated: loaded 2 times (x 140B)
Class org.jetbrains.kotlin.gradle.plugin.BuildFinishAndConfigurationTimeMetricsFlowAction$Parameters: loaded 2 times (x 67B)
Class org.objectweb.asm.commons.InstructionAdapter                                    : loaded 2 times (x 185B)
Class com.google.common.collect.ImmutableMapEntry                                     : loaded 2 times (x 82B)
Class org.jetbrains.kotlin.descriptors.CallableMemberDescriptor$Kind                  : loaded 2 times (x 76B)
Class org.jetbrains.kotlin.metadata.ProtoBuf$TypeParameterOrBuilder                   : loaded 2 times (x 67B)
Class org.jetbrains.kotlin.metadata.ProtoBuf$Property                                 : loaded 2 times (x 169B)
Class org.jetbrains.org.objectweb.asm.Type                                            : loaded 2 times (x 69B)
Class org.jetbrains.kotlin.name.FqName                                                : loaded 2 times (x 69B)
Class kotlin.enums.EnumEntries                                                        : loaded 2 times (x 67B)
Class org.jetbrains.kotlin.build.report.metrics.DoNothingBuildMetricsReporter         : loaded 2 times (x 84B)
Class com.google.common.collect.ImmutableMultimap                                     : loaded 2 times (x 144B)
Class org.jetbrains.kotlin.gradle.plugin.diagnostics.CheckKotlinGradlePluginConfigurationErrorsKt$locateOrRegisterCheckKotlinGradlePluginErrorsTask$taskProvider$1$2: loaded 2 times (x 72B)
Class org.jetbrains.kotlin.gradle.tasks.CompileUsingKotlinDaemon                      : loaded 2 times (x 67B)
Class org.jetbrains.kotlin.gradle.plugin.mpp.KotlinWithJavaTarget                     : loaded 2 times (x 157B)
Class org.jetbrains.kotlin.gradle.utils.StoredPropertyKt$extrasStoredProperty$1       : loaded 2 times (x 75B)
Class org.jetbrains.kotlin.gradle.internal.abi.AbiFiltersSpecImplKt                   : loaded 2 times (x 68B)
Class org.jetbrains.kotlin.gradle.plugin.mpp.compilationImpl.KotlinCreateNativeCompileTasksSideEffectKt$special$$inlined$KotlinCompilationSideEffect$1: loaded 2 times (x 71B)
Class org.jetbrains.kotlin.gradle.targets.KotlinTargetSideEffect$Companion            : loaded 2 times (x 68B)
Class org.jetbrains.kotlin.gradle.dsl.KotlinSingleJavaTargetExtension                 : loaded 2 times (x 121B)
Class org.jetbrains.kotlin.gradle.plugin.KotlinPluginLifecycle$IllegalLifecycleException: loaded 2 times (x 79B)
Class org.jetbrains.kotlin.gradle.internal.properties.NativePropertiesLoader$userProvidedNativeHome$1: loaded 2 times (x 72B)
Class org.jetbrains.kotlin.gradle.plugin.KotlinGradleFinishBuildHandler               : loaded 2 times (x 69B)
Class [Lorg.jetbrains.kotlin.build.report.metrics.BuildPerformanceMetric;             : loaded 2 times (x 66B)
Class org.jetbrains.kotlin.statistics.metrics.StringOverridePolicy$CONCAT             : loaded 2 times (x 82B)
Class org.jetbrains.kotlin.gradle.dsl.KotlinTopLevelExtension                         : loaded 2 times (x 67B)
Class com.google.common.base.Equivalence                                              : loaded 2 times (x 79B)
Class com.google.common.base.Function                                                 : loaded 2 times (x 67B)
Class com.google.common.collect.ImmutableMapEntry$NonTerminalImmutableMapEntry        : loaded 2 times (x 82B)
Class org.jetbrains.org.objectweb.asm.TypePath                                        : loaded 2 times (x 69B)
Class org.jetbrains.kotlin.metadata.jvm.deserialization.UtfEncodingKt                 : loaded 2 times (x 68B)
Class org.jetbrains.kotlin.metadata.jvm.JvmProtoBuf$JvmFieldSignature$1               : loaded 2 times (x 141B)
Class org.jetbrains.kotlin.metadata.ProtoBuf$TypeTable                                : loaded 2 times (x 106B)
Class org.jetbrains.kotlin.metadata.jvm.JvmProtoBuf$JvmMethodSignature                : loaded 2 times (x 105B)
Class org.jetbrains.kotlin.protobuf.MessageLiteOrBuilder                              : loaded 2 times (x 67B)
Class org.jetbrains.kotlin.load.kotlin.header.ReadKotlinClassHeaderAnnotationVisitor$KotlinMetadataArgumentVisitor: loaded 2 times (x 83B)
Class org.jetbrains.kotlin.name.ClassId$Companion                                     : loaded 2 times (x 68B)
Class [Lorg.jetbrains.kotlin.cli.common.CompilerSystemProperties;                     : loaded 2 times (x 66B)
Class org.jetbrains.kotlin.gradle.plugin.diagnostics.CheckKotlinGradlePluginConfigurationErrorsKt$locateOrRegisterCheckKotlinGradlePluginErrorsTask$taskProvider$1$3: loaded 2 times (x 72B)
Class org.jetbrains.kotlin.gradle.plugin.ProjectLocalConfigurationsKt                 : loaded 2 times (x 68B)
Class org.jetbrains.kotlin.gradle.plugin.mpp.compilationImpl.factory.KotlinCompilationImplFactory: loaded 2 times (x 69B)
Class org.jetbrains.kotlin.gradle.internal.abi.ConfigsKt$configureLegacyTasks$dumpTaskProvider$1: loaded 2 times (x 72B)
Class org.jetbrains.kotlin.gradle.internal.KotlinDomApiDependencyManagementKt$addKotlinDomApiDependency$1: loaded 2 times (x 72B)
Class org.jetbrains.kotlin.gradle.plugin.diagnostics.checkers.KotlinTargetAlreadyDeclaredChecker$runChecks$1: loaded 2 times (x 85B)
Class org.jetbrains.kotlin.gradle.plugin.mpp.KotlinTargetWithBinaries                 : loaded 2 times (x 154B)
Class [Lorg.jetbrains.kotlin.gradle.plugin.KotlinSourceSet;                           : loaded 2 times (x 66B)
Class org.jetbrains.kotlin.gradle.plugin.diagnostics.checkers.JsEnvironmentChecker$1  : loaded 2 times (x 75B)
Class org.jetbrains.kotlin.gradle.plugin.diagnostics.KotlinToolingDiagnostics$JsLikeEnvironmentNotChosenExplicitly: loaded 2 times (x 70B)
Class org.jetbrains.kotlin.gradle.utils.StoredLazyProperty$getValue$1                 : loaded 2 times (x 76B)
Class org.jetbrains.kotlin.statistics.metrics.IMetricContainerFactory                 : loaded 2 times (x 67B)
Class org.jetbrains.kotlin.statistics.MetricValueValidationFailed                     : loaded 2 times (x 79B)
Class org.jetbrains.kotlin.gradle.plugin.PropertiesProvider$localProperties$2         : loaded 2 times (x 76B)
Class com.google.common.collect.IndexedImmutableSet$1                                 : loaded 2 times (x 210B)
Class com.google.common.cache.CacheBuilder$OneWeigher                                 : loaded 2 times (x 79B)
Class com.google.common.collect.RegularImmutableList                                  : loaded 2 times (x 210B)
Class [Lorg.jetbrains.kotlin.metadata.ProtoBuf$Visibility;                            : loaded 2 times (x 66B)
Class kotlin.jvm.internal.CollectionToArray                                           : loaded 2 times (x 68B)
Class org.jetbrains.kotlin.metadata.ProtoBuf$AnnotationOrBuilder                      : loaded 2 times (x 67B)
Class org.jetbrains.kotlin.protobuf.WireFormat$FieldType                              : loaded 2 times (x 80B)
Class org.jetbrains.kotlin.com.intellij.openapi.diagnostic.Logger$Factory             : loaded 2 times (x 67B)
Class org.jetbrains.kotlin.load.kotlin.FileBasedKotlinClass                           : loaded 2 times (x 87B)
Class org.jetbrains.org.objectweb.asm.TypeReference                                   : loaded 2 times (x 77B)
Class org.gradle.internal.classloader.FilteringClassLoader                            : loaded 2 times (x 102B)
Class com.google.common.collect.ImmutableSortedMap                                    : loaded 2 times (x 214B)
Class org.jetbrains.kotlin.gradle.plugin.mpp.compilationImpl.DefaultKotlinCompilationFriendPathsResolver$resolveFriendPaths$1$1: loaded 2 times (x 76B)
Class org.jetbrains.kotlin.gradle.plugin.diagnostics.CheckKotlinGradlePluginConfigurationErrorsKt$locateOrRegisterCheckKotlinGradlePluginErrorsTask$taskProvider$1$4: loaded 2 times (x 71B)
Class org.jetbrains.kotlin.build.report.metrics.BuildMetricsReporterImpl              : loaded 2 times (x 97B)
Class org.jetbrains.kotlin.gradle.tasks.configuration.KaptGenerateStubsConfig         : loaded 2 times (x 69B)
Class org.jetbrains.kotlin.gradle.targets.js.npm.SemVer                               : loaded 2 times (x 72B)
Class org.jetbrains.kotlin.gradle.internal.properties.NativePropertiesLoader$konanDataDirProperty$1$1: loaded 2 times (x 71B)
Class org.jetbrains.kotlin.gradle.plugin.diagnostics.checkers.JsEnvironmentChecker$2  : loaded 2 times (x 75B)
Class org.jetbrains.kotlin.gradle.utils.WhenPluginEnabledKt$whenPluginsEnabled$1      : loaded 2 times (x 72B)
Class org.jetbrains.kotlin.gradle.plugin.statistics.BuildFinishFlowProviderManager$subscribeForBuildResults$1$1: loaded 2 times (x 71B)
Class org.jetbrains.kotlin.gradle.tasks.AbstractKotlinCompileTool                     : loaded 2 times (x 363B)
Class org.jetbrains.kotlin.gradle.internal.report.BuildScanApi                        : loaded 2 times (x 67B)
Class org.jetbrains.kotlin.gradle.plugin.statistics.FlowActionBuildFusService$Companion$registerIfAbsentImpl$1$1: loaded 2 times (x 71B)
Class [Lorg.jetbrains.kotlin.gradle.report.BuildReportType;                           : loaded 2 times (x 66B)
Class org.jetbrains.kotlin.gradle.plugin.statistics.KotlinBuildStatsConfiguration     : loaded 2 times (x 69B)
Class org.jetbrains.kotlin.gradle.internal.properties.PropertiesBuildService$localProperties$2: loaded 2 times (x 76B)
Class org.gradle.internal.classloader.ClasspathUtil                                   : loaded 2 times (x 68B)
Class org.jetbrains.kotlin.metadata.ProtoBuf$TypeAlias                                : loaded 2 times (x 137B)
Class [Lorg.jetbrains.kotlin.metadata.ProtoBuf$TypeParameter$Variance;                : loaded 2 times (x 66B)
Class org.jetbrains.kotlin.metadata.ProtoBuf$Constructor                              : loaded 2 times (x 127B)
Class org.jetbrains.kotlin.metadata.jvm.deserialization.JvmMemberSignature            : loaded 2 times (x 71B)
Class org.jetbrains.kotlin.load.kotlin.header.KotlinClassHeader$Kind                  : loaded 2 times (x 76B)
Class org.jetbrains.kotlin.load.kotlin.KotlinJvmBinaryClass$AnnotationArgumentVisitor : loaded 2 times (x 67B)
Class kotlin.io.FileSystemException                                                   : loaded 2 times (x 79B)
Class build_12clkcl0x00ljtrg21teupstz$_run_closure1                                   : loaded 2 times (x 136B)
Class org.jetbrains.kotlin.gradle.plugin.diagnostics.CheckKotlinGradlePluginConfigurationErrorsKt$locateOrRegisterCheckKotlinGradlePluginErrorsTask$taskProvider$1$5: loaded 2 times (x 71B)
Class org.jetbrains.kotlin.gradle.plugin.abi.JvmOrAndroidKt                           : loaded 2 times (x 68B)
Class org.jetbrains.kotlin.gradle.dsl.KotlinCompile                                   : loaded 2 times (x 67B)
Class org.jetbrains.kotlin.gradle.plugin.mpp.compilationImpl.DefaultKotlinCompilationFriendPathsResolver$DefaultFriendArtifactResolver: loaded 2 times (x 71B)
Class org.jetbrains.kotlin.gradle.internal.abi.AbiFiltersSpecImpl_Decorated           : loaded 2 times (x 133B)
Class org.jetbrains.kotlin.gradle.plugin.diagnostics.checkers.InternalGradlePropertiesUsageChecker$runChecks$1: loaded 2 times (x 85B)
Class org.jetbrains.kotlin.gradle.utils.StringUtilsKt$lowerCamelCaseName$1            : loaded 2 times (x 122B)
Class org.jetbrains.kotlin.gradle.plugin.diagnostics.checkers.JsEnvironmentChecker$3  : loaded 2 times (x 75B)
Class org.jetbrains.kotlin.gradle.dsl.JvmTarget$Companion                             : loaded 2 times (x 68B)
Class org.jetbrains.kotlin.gradle.plugin.statistics.BuildFinishBuildService$Inject    : loaded 2 times (x 97B)
Class org.jetbrains.kotlin.gradle.internal.properties.NativePropertiesLoader$downloadFromMaven$1: loaded 2 times (x 72B)
Class org.jetbrains.kotlin.gradle.plugin.internal.DefaultConfigurationCacheStartParameterAccessor_Decorated: loaded 2 times (x 122B)
Class org.jetbrains.kotlin.gradle.plugin.internal.DefaultConfigurationCacheStartParameterAccessor: loaded 2 times (x 74B)
Class org.jetbrains.kotlin.tooling.core.HasExtras                                     : loaded 2 times (x 67B)
Class com.google.common.util.concurrent.Uninterruptibles                              : loaded 2 times (x 68B)
Class org.jetbrains.kotlin.resolve.scopes.receivers.ReceiverValue                     : loaded 2 times (x 67B)
Class org.jetbrains.kotlin.metadata.jvm.JvmProtoBuf$JvmMethodSignature$Builder        : loaded 2 times (x 131B)
Class org.jetbrains.kotlin.metadata.ProtoBuf$VersionRequirementTableOrBuilder         : loaded 2 times (x 67B)
Class org.jetbrains.kotlin.metadata.jvm.JvmProtoBuf$JvmFieldSignatureOrBuilder        : loaded 2 times (x 67B)
Class kotlin.jvm.internal.DefaultConstructorMarker                                    : loaded 2 times (x 68B)
Class org.jetbrains.org.objectweb.asm.ModuleVisitor                                   : loaded 2 times (x 78B)
Class build_avc3aq2ii5a85atahz2v1ieed$_run_closure1                                   : loaded 2 times (x 136B)
Class com.google.common.io.CharSource                                                 : loaded 2 times (x 82B)
Class com.google.common.collect.AbstractMapBasedMultimap$WrappedSet                   : loaded 2 times (x 139B)
Class org.jetbrains.kotlin.gradle.plugin.KotlinCompilationInfo$TCS$friendPaths$1      : loaded 2 times (x 76B)
Class org.jetbrains.kotlin.gradle.fus.internal.SynchronizedConfigurationMetrics$add$1 : loaded 2 times (x 76B)
Class org.jetbrains.kotlin.gradle.plugin.sources.DefaultLanguageSettingsBuilder$freeCompilerArgsProvider$1: loaded 2 times (x 92B)
Class org.jetbrains.kotlin.gradle.tasks.abi.KotlinLegacyAbiUpdateTask$Companion       : loaded 2 times (x 68B)
Class org.jetbrains.kotlin.konan.target.HostManager$Companion                         : loaded 2 times (x 68B)
Class org.jetbrains.kotlin.gradle.targets.js.npm.DevNpmDependencyExtension            : loaded 2 times (x 67B)
Class org.jetbrains.kotlin.gradle.plugin.diagnostics.checkers.PreHmppDependenciesUsageChecker: loaded 2 times (x 71B)
Class org.jetbrains.kotlin.gradle.targets.CreateArtifactsSideEffectKt                 : loaded 2 times (x 68B)
Class org.jetbrains.kotlin.gradle.plugin.AbstractKotlinMultiplatformPluginWrapper     : loaded 2 times (x 83B)
Class org.jetbrains.kotlin.gradle.utils.GradleConfigurationUtilsKt$addGradlePluginMetadataAttributes$1: loaded 2 times (x 72B)
Class org.jetbrains.kotlin.gradle.plugin.internal.DefaultProjectIsolationStartParameterAccessor: loaded 2 times (x 74B)
Class org.jetbrains.kotlin.gradle.dsl.KotlinAndroidExtension                          : loaded 2 times (x 67B)
Class com.google.common.util.concurrent.LazyLogger                                    : loaded 2 times (x 69B)
Class com.google.common.collect.Maps                                                  : loaded 2 times (x 68B)
Class org.gradle.api.specs.Spec                                                       : loaded 2 times (x 67B)
Class com.google.common.collect.RegularImmutableMap$KeySet                            : loaded 2 times (x 149B)
Class org.jetbrains.kotlin.descriptors.DelegatedDescriptorVisibility                  : loaded 2 times (x 76B)
Class org.jetbrains.kotlin.serialization.deserialization.ProtoEnumFlagsUtilsKt$WhenMappings: loaded 2 times (x 68B)
Class org.jetbrains.kotlin.load.kotlin.header.KotlinClassHeader                       : loaded 2 times (x 69B)
Class org.jetbrains.kotlin.name.Name                                                  : loaded 2 times (x 72B)
Class com.google.common.collect.MapMaker                                              : loaded 2 times (x 69B)
Class org.jetbrains.kotlin.gradle.tasks.KotlinCompile$disableMultiModuleIC$2          : loaded 2 times (x 76B)
Class org.jetbrains.kotlin.gradle.tasks.GradleCompileTaskProviderKt                   : loaded 2 times (x 68B)
Class org.jetbrains.kotlin.gradle.plugin.SubpluginEnvironment$Companion               : loaded 2 times (x 68B)
Class org.jetbrains.kotlin.gradle.plugin.mpp.ApplyUserDefinedAttributesKt$UserDefinedAttributesSetupAction$1$1$3: loaded 2 times (x 72B)
Class org.jetbrains.kotlin.gradle.tasks.configuration.BaseKotlinCompileConfig$Companion: loaded 2 times (x 68B)
Class org.jetbrains.kotlin.gradle.plugin.mpp.compilationImpl.KotlinCompilationImpl$Params: loaded 2 times (x 69B)
Class org.jetbrains.kotlin.gradle.plugin.abi.UtilsKt$prepareAbiClasspath$1$1          : loaded 2 times (x 72B)
Class org.jetbrains.kotlin.konan.target.UtilsKt                                       : loaded 2 times (x 68B)
Class org.jetbrains.kotlin.gradle.tooling.BuildKotlinToolingMetadataTask              : loaded 2 times (x 314B)
Class org.jetbrains.kotlin.gradle.plugin.internal.CompatibilityConventionRegistrarKt  : loaded 2 times (x 68B)
Class org.jetbrains.kotlin.gradle.artifacts.KotlinJvmJarArtifactKt                    : loaded 2 times (x 68B)
Class org.jetbrains.kotlin.gradle.plugin.mpp.compilationImpl.CreateCInteropTasksSideEffectKt$special$$inlined$KotlinCompilationSideEffect$1: loaded 2 times (x 71B)
Class org.jetbrains.kotlin.gradle.plugin.statistics.FinalizeConfigurationFusMetricActionKt: loaded 2 times (x 68B)
Class org.jetbrains.kotlin.gradle.tasks.publishing.UploadPgpKeyTask                   : loaded 2 times (x 314B)
Class org.jetbrains.kotlin.gradle.targets.native.toolchain.KotlinNativeBundleBuildService$Companion$registerIfAbsent$2$1: loaded 2 times (x 76B)
Class org.jetbrains.kotlin.build.report.metrics.GradleBuildPerformanceMetric$Companion: loaded 2 times (x 68B)
Class org.jetbrains.kotlin.gradle.plugin.statistics.KotlinBuildStatsBeanService       : loaded 2 times (x 84B)
Class org.jetbrains.kotlin.gradle.plugin.internal.MavenPublicationComponentAccessor$Factory: loaded 2 times (x 67B)
Class [Lcom.google.common.collect.ImmutableEntry;                                     : loaded 2 times (x 66B)
Class org.jetbrains.kotlin.metadata.deserialization.Flags                             : loaded 2 times (x 68B)
Class org.jetbrains.kotlin.metadata.ProtoBuf$TypeTable$1                              : loaded 2 times (x 141B)
Class org.jetbrains.org.objectweb.asm.Symbol                                          : loaded 2 times (x 70B)
Class org.jetbrains.kotlin.gradle.tasks.configuration.AbstractKotlinCompileConfig$1$1 : loaded 2 times (x 71B)
Class org.jetbrains.kotlin.gradle.tasks.KotlinCompile$kotlinOptions$1                 : loaded 2 times (x 76B)
Class org.jetbrains.kotlin.tooling.core.ExtrasLazyProperty                            : loaded 2 times (x 67B)
Class org.jetbrains.kotlin.gradle.internal.properties.NativeProperties$Companion      : loaded 2 times (x 68B)
Class org.jetbrains.kotlin.gradle.utils.StringUtilsKt                                 : loaded 2 times (x 68B)
Class org.jetbrains.kotlin.gradle.plugin.diagnostics.DiagnosticGroup$Kgp$Misconfiguration: loaded 2 times (x 79B)
Class org.jetbrains.kotlin.gradle.targets.ConfigureBuildSideEffectKt$ConfigureBuildSideEffect$1: loaded 2 times (x 71B)
Class org.jetbrains.kotlin.gradle.utils.CompletableFuture                             : loaded 2 times (x 67B)
Class org.jetbrains.kotlin.build.report.metrics.BuildPerformanceMetric                : loaded 2 times (x 67B)
Class [Lorg.jetbrains.kotlin.statistics.metrics.StringOverridePolicy;                 : loaded 2 times (x 66B)
Class org.jetbrains.kotlin.gradle.plugin.internal.JavaExecTaskParametersCompatibility : loaded 2 times (x 67B)
Class com.google.common.cache.LocalCache$LoadingValueReference                        : loaded 2 times (x 93B)
Class kotlin.collections.EmptyIterator                                                : loaded 2 times (x 86B)
Class org.jetbrains.kotlin.metadata.ProtoBuf$Function                                 : loaded 2 times (x 158B)
Class kotlin.SynchronizedLazyImpl                                                     : loaded 2 times (x 73B)
Class kotlin.text.StringsKt__RegexExtensionsKt                                        : loaded 2 times (x 68B)
Class com.google.common.base.Equivalence$Identity                                     : loaded 2 times (x 79B)
Class jdk.internal.jimage.decompressor.ResourceDecompressorRepository                 : loaded 2 times (x 68B)
Class com.google.common.io.LineReader$1                                               : loaded 2 times (x 72B)
Class com.google.common.collect.CollectSpliterators                                   : loaded 2 times (x 68B)
Class com.google.common.collect.AbstractMapBasedMultimap$AsMap                        : loaded 2 times (x 125B)
Class com.google.common.collect.MapMakerInternalMap$StrongKeyDummyValueEntry          : loaded 2 times (x 79B)
Class org.jetbrains.kotlin.gradle.tasks.configuration.AbstractKotlinCompileConfig$getClasspathSnapshotDir$1: loaded 2 times (x 71B)
Class org.jetbrains.kotlin.gradle.tasks.configuration.AbstractKotlinCompileConfig$1$2 : loaded 2 times (x 71B)
Class org.jetbrains.kotlin.gradle.plugin.statistics.ConfigurationMetricsBuildFusParameters: loaded 2 times (x 67B)
Class org.jetbrains.kotlin.gradle.tasks.configuration.AbstractKotlinCompileConfigKt$explicitApiMode$1: loaded 2 times (x 72B)
Class com.google.common.base.Platform                                                 : loaded 2 times (x 68B)
Class org.jetbrains.kotlin.gradle.plugin.abi.UtilsKt                                  : loaded 2 times (x 68B)
Class org.jetbrains.kotlin.gradle.plugin.diagnostics.checkers.OverriddenKotlinNativeHomeChecker$StdlibExistenceCheckerValueSource$Params$Inject: loaded 2 times (x 103B)
Class org.jetbrains.kotlin.gradle.plugin.diagnostics.checkers.CommonMainOrTestWithDependsOnChecker: loaded 2 times (x 71B)
Class org.jetbrains.kotlin.gradle.artifacts.KotlinNativeHostSpecificMetadataArtifactKt: loaded 2 times (x 68B)
Class org.jetbrains.kotlin.gradle.plugin.mpp.compilationImpl.KotlinCreateLifecycleTasksSideEffectKt: loaded 2 times (x 68B)
Class org.jetbrains.kotlin.gradle.plugin.KotlinTarget                                 : loaded 2 times (x 67B)
Class org.jetbrains.kotlin.gradle.utils.ConfigurationsKt$createResolvable$1           : loaded 2 times (x 75B)
Class [Lorg.jetbrains.kotlin.statistics.metrics.BooleanAnonymizationPolicy;           : loaded 2 times (x 66B)
Class com.google.common.base.PairwiseEquivalence                                      : loaded 2 times (x 80B)
Class org.jetbrains.kotlin.metadata.ProtoBuf$Effect$InvocationKind                    : loaded 2 times (x 79B)
Class org.jetbrains.kotlin.metadata.ProtoBuf$VersionRequirementTable                  : loaded 2 times (x 104B)
Class org.jetbrains.kotlin.protobuf.LazyField                                         : loaded 2 times (x 80B)
Class org.jetbrains.kotlin.load.kotlin.header.ReadKotlinClassHeaderAnnotationVisitor  : loaded 2 times (x 77B)
Class kotlin.sequences.SequencesKt__SequencesJVMKt                                    : loaded 2 times (x 68B)
Class kotlin.collections.AbstractList                                                 : loaded 2 times (x 194B)
Class kotlin.collections.AbstractCollection                                           : loaded 2 times (x 114B)
Class org.jetbrains.kotlin.gradle.fus.internal.SynchronizedConfigurationMetrics$Companion: loaded 2 times (x 68B)
Class com.google.common.collect.CompoundOrdering                                      : loaded 2 times (x 112B)
Class com.google.common.collect.AbstractMapBasedMultimap$WrappedList                  : loaded 2 times (x 202B)
Class org.jetbrains.kotlin.gradle.internal.KotlinDependenciesManagementKt$allNonProjectDependencies$1: loaded 2 times (x 71B)
Class [Lorg.jetbrains.kotlin.build.report.metrics.BuildAttributeKind;                 : loaded 2 times (x 66B)
Class org.jetbrains.kotlin.gradle.tasks.K2MultiplatformStructure                      : loaded 2 times (x 71B)
Class org.jetbrains.kotlin.compilerRunner.CompilerSystemPropertiesService$Parameters  : loaded 2 times (x 67B)
Class org.jetbrains.kotlin.gradle.plugin.mpp.compilationImpl.KotlinCompilationSourceSetsContainer: loaded 2 times (x 67B)
Class org.jetbrains.kotlin.gradle.plugin.diagnostics.KotlinToolingDiagnosticsCollector$Parameter: loaded 2 times (x 67B)
Class org.jetbrains.kotlin.gradle.plugin.diagnostics.KotlinToolingDiagnosticsCollectorKt$kotlinToolingDiagnosticsCollectorProvider$1: loaded 2 times (x 72B)
Class org.jetbrains.kotlin.gradle.artifacts.KotlinNativeKlibArtifactKt                : loaded 2 times (x 68B)
Class org.jetbrains.kotlin.gradle.plugin.ProjectLocalConfigurations                   : loaded 2 times (x 68B)
Class org.jetbrains.kotlin.gradle.plugin.mpp.KotlinUsages$KotlinUsagesDisambiguation  : loaded 2 times (x 73B)
Class org.jetbrains.kotlin.tooling.core.Extras$Key$Companion                          : loaded 2 times (x 68B)
Class org.jetbrains.kotlin.tooling.core.Extras$Key                                    : loaded 2 times (x 69B)
Class [Lorg.objectweb.asm.AnnotationWriter;                                           : loaded 2 times (x 66B)
Class com.google.common.collect.Maps$8                                                : loaded 2 times (x 79B)
Class org.jetbrains.kotlin.metadata.ProtoBuf$Expression$ConstantValue$1               : loaded 2 times (x 71B)
Class org.jetbrains.kotlin.descriptors.DescriptorVisibilities$10                      : loaded 2 times (x 73B)
Class kotlin.collections.ArrayAsCollection                                            : loaded 2 times (x 102B)
Class org.jetbrains.kotlin.metadata.ProtoBuf$TypeParameter$1                          : loaded 2 times (x 141B)
Class org.jetbrains.org.objectweb.asm.tree.LineNumberNode                             : loaded 2 times (x 76B)
Class kotlin.LazyKt__LazyKt                                                           : loaded 2 times (x 68B)
Class kotlin.text.StringsKt__StringBuilderJVMKt                                       : loaded 2 times (x 68B)
Class org.jetbrains.kotlin.gradle.plugin.KotlinGradleBuildServices$Inject             : loaded 2 times (x 97B)
Class org.jetbrains.kotlin.com.google.common.base.Function                            : loaded 2 times (x 67B)
Class org.jetbrains.kotlin.gradle.tasks.configuration.AbstractKotlinCompileConfig$1$4 : loaded 2 times (x 72B)
Class com.google.common.collect.Lists$ReverseList$1                                   : loaded 2 times (x 96B)
Class com.google.common.collect.ImmutableRangeSet$Builder                             : loaded 2 times (x 74B)
Class [Lcom.google.common.collect.Iterators$EmptyModifiableIterator;                  : loaded 2 times (x 66B)
Class org.jetbrains.kotlin.gradle.plugin.diagnostics.CheckKotlinGradlePluginConfigurationErrors: loaded 2 times (x 316B)
Class org.jetbrains.kotlin.gradle.plugin.sources.DefaultKotlinSourceSetKt             : loaded 2 times (x 68B)
Class org.jetbrains.kotlin.gradle.dsl.KotlinJvmOptions                                : loaded 2 times (x 67B)
Class org.jetbrains.kotlin.gradle.plugin.mpp.HierarchyAttributeContainer$1            : loaded 2 times (x 75B)
Class org.jetbrains.kotlin.gradle.plugin.KotlinPluginLifecycle                        : loaded 2 times (x 67B)
Class org.jetbrains.kotlin.gradle.plugin.KotlinJsPluginWrapper                        : loaded 2 times (x 83B)
Class org.jetbrains.kotlin.gradle.dsl.ToolchainSupport                                : loaded 2 times (x 67B)
Class org.jetbrains.kotlin.tooling.core.Extras                                        : loaded 2 times (x 67B)
Class org.jetbrains.kotlin.gradle.plugin.mpp.InternalKotlinTarget                     : loaded 2 times (x 67B)
Class org.jetbrains.kotlin.statistics.metrics.NumberAnonymizationPolicy$RANDOM_10_PERCENT: loaded 2 times (x 82B)
Class org.jetbrains.kotlin.statistics.metrics.StringMetrics                           : loaded 2 times (x 77B)
Class com.google.common.collect.Sets$SetView                                          : loaded 2 times (x 135B)
Class com.google.common.cache.LocalCache$StrongValueReference                         : loaded 2 times (x 87B)
Class org.jetbrains.kotlin.descriptors.DescriptorVisibilities$11                      : loaded 2 times (x 73B)
Class org.jetbrains.kotlin.metadata.deserialization.BinaryVersion$Companion           : loaded 2 times (x 68B)
Class kotlin.UNINITIALIZED_VALUE                                                      : loaded 2 times (x 68B)
Class org.jetbrains.kotlin.gradle.internal.ClassLoadersCachingBuildService$Companion$registerIfAbsent$2$1$1: loaded 2 times (x 72B)
Class build_12clkcl0x00ljtrg21teupstz                                                 : loaded 2 times (x 178B)
Class com.google.common.graph.SuccessorsFunction                                      : loaded 2 times (x 67B)
Class org.jetbrains.kotlin.gradle.tasks.CompilerPluginOptions                         : loaded 2 times (x 69B)
Class org.jetbrains.kotlin.gradle.tasks.configuration.AbstractKotlinCompileConfig$1$5 : loaded 2 times (x 73B)
Class org.jetbrains.kotlin.gradle.plugin.mpp.KotlinTargetSoftwareComponentImpl        : loaded 2 times (x 87B)
Class org.jetbrains.kotlin.gradle.plugin.mpp.DefaultKotlinUsageContext$PublishOnlyIf  : loaded 2 times (x 67B)
Class [Lcom.google.gson.stream.JsonToken;                                             : loaded 2 times (x 66B)
Class org.jetbrains.kotlin.gradle.dsl.KotlinCommonCompilerOptionsHelper               : loaded 2 times (x 68B)
Class org.jetbrains.kotlin.gradle.plugin.KotlinJvmPlugin$Companion                    : loaded 2 times (x 68B)
Class org.jetbrains.kotlin.gradle.plugin.diagnostics.KotlinToolingDiagnostics         : loaded 2 times (x 68B)
Class org.jetbrains.kotlin.gradle.artifacts.KotlinMetadataArtifactKt                  : loaded 2 times (x 68B)
Class org.jetbrains.kotlin.gradle.targets.CreateArtifactsSideEffectKt$CreateArtifactsSideEffect$1: loaded 2 times (x 71B)
Class org.jetbrains.kotlin.gradle.internal.properties.PropertiesBuildService$property$1$valueFromGradleAndLocalProperties$1: loaded 2 times (x 72B)
Class org.jetbrains.kotlin.gradle.plugin.KotlinPluginWrapperKt$kotlinToolingVersion$2 : loaded 2 times (x 75B)
Class org.objectweb.asm.Type                                                          : loaded 2 times (x 69B)
Class org.gradle.internal.classloader.VisitableURLClassLoader$InstrumentingVisitableURLClassLoader: loaded 2 times (x 120B)
Class org.jetbrains.kotlin.descriptors.DescriptorVisibilities$12                      : loaded 2 times (x 73B)
Class org.jetbrains.kotlin.metadata.ProtoBuf$ClassOrBuilder                           : loaded 2 times (x 67B)
Class org.jetbrains.kotlin.metadata.ProtoBuf$ValueParameter                           : loaded 2 times (x 130B)
Class kotlin.comparisons.ComparisonsKt__ComparisonsKt                                 : loaded 2 times (x 68B)
Class kotlin.ranges.RangesKt__RangesKt                                                : loaded 2 times (x 68B)
Class kotlin.collections.SetsKt___SetsKt                                              : loaded 2 times (x 68B)
Class kotlin.sequences.SequencesKt__SequencesKt                                       : loaded 2 times (x 68B)
Class build_ej74zbrkwo14kkpmu7rttzgho$_run_closure1                                   : loaded 2 times (x 136B)
Class com.google.common.collect.MapMakerInternalMap$StrongKeyDummyValueEntry$Helper   : loaded 2 times (x 76B)
Class com.google.common.io.Files$FileByteSink                                         : loaded 2 times (x 74B)
Class org.jetbrains.kotlin.gradle.tasks.configuration.AbstractKotlinCompileConfig$1$6 : loaded 2 times (x 72B)
Class [Lorg.jetbrains.kotlin.gradle.tasks.KotlinCompilerExecutionStrategy;            : loaded 2 times (x 66B)
Class org.jetbrains.kotlin.gradle.tasks.FailedCompilationException                    : loaded 2 times (x 79B)
Class org.jetbrains.kotlin.gradle.plugin.mpp.DefaultKotlinUsageContext$1              : loaded 2 times (x 71B)
Class org.jetbrains.kotlin.gradle.plugin.mpp.compilationImpl.KotlinCompilationImpl$associateWith$2: loaded 2 times (x 76B)
Class org.jetbrains.kotlin.gradle.plugin.hierarchy.KotlinSourceSetTreeClassifier      : loaded 2 times (x 67B)
Class org.jetbrains.kotlin.gradle.plugin.mpp.compilationImpl.KotlinCompilationAssociator: loaded 2 times (x 67B)
Class org.jetbrains.kotlin.gradle.utils.WhenEvaluatedKt$whenEvaluated$afterAndroidDispatchQueue$1$1$1: loaded 2 times (x 72B)
Class org.jetbrains.kotlin.konan.target.UtilsKt$evaluatePresetName$1                  : loaded 2 times (x 75B)
Class org.jetbrains.kotlin.gradle.plugin.mpp.KotlinNativeTarget                       : loaded 2 times (x 164B)
Class org.jetbrains.kotlin.gradle.plugin.diagnostics.checkers.KotlinSourceSetTreeDependsOnMismatchChecker$runChecks$1: loaded 2 times (x 85B)
Class org.jetbrains.kotlin.gradle.plugin.diagnostics.checkers.PreHmppDependenciesUsageChecker$runChecks$1: loaded 2 times (x 85B)
Class org.jetbrains.kotlin.gradle.utils.ProjectExtensionsKt                           : loaded 2 times (x 68B)
Class org.jetbrains.kotlin.gradle.plugin.KotlinSourceSetTree$Companion                : loaded 2 times (x 68B)
Class org.jetbrains.kotlin.gradle.plugin.diagnostics.KotlinGradleProjectChecker$Companion: loaded 2 times (x 68B)
Class org.jetbrains.kotlin.gradle.plugin.KotlinGradleBuildServices$Parameters         : loaded 2 times (x 67B)
Class org.jetbrains.kotlin.gradle.plugin.statistics.BuildFusService$Companion$registerIfAbsent$1$1$1: loaded 2 times (x 72B)
Class org.jetbrains.kotlin.statistics.fileloggers.MetricsContainer$Companion          : loaded 2 times (x 68B)
Class org.objectweb.asm.ByteVector                                                    : loaded 2 times (x 76B)
Class [Lcom.google.common.cache.CacheBuilder$NullListener;                            : loaded 2 times (x 66B)
Class com.google.common.math.IntMath$1                                                : loaded 2 times (x 68B)
Class org.gradle.internal.classloader.VisitableURLClassLoader$Spec                    : loaded 2 times (x 71B)
Class org.gradle.internal.classpath.DefaultClassPath                                  : loaded 2 times (x 87B)
Class org.jetbrains.kotlin.metadata.ProtoBuf$TypeAlias$1                              : loaded 2 times (x 141B)
Class org.jetbrains.org.objectweb.asm.Handler                                         : loaded 2 times (x 69B)
Class org.jetbrains.kotlin.metadata.ProtoBuf$Annotation$Argument$ValueOrBuilder       : loaded 2 times (x 67B)
Class kotlin.comparisons.ComparisonsKt                                                : loaded 2 times (x 68B)
Class kotlin.comparisons.ComparisonsKt___ComparisonsKt                                : loaded 2 times (x 68B)
Class kotlin.sequences.FilteringSequence                                              : loaded 2 times (x 72B)
Class org.jetbrains.kotlin.gradle.targets.native.KonanPropertiesBuildService$Companion$registerIfAbsent$1: loaded 2 times (x 72B)
Class jdk.internal.jimage.decompressor.ZipDecompressorFactory                         : loaded 2 times (x 71B)
Class org.jetbrains.kotlin.gradle.plugin.DefaultKotlinBasePlugin$addKotlinCompilerConfiguration$2$1$1: loaded 2 times (x 72B)
Class com.google.common.collect.ImmutableSortedMap$1EntrySet$1                        : loaded 2 times (x 210B)
Class com.google.common.base.AbstractIterator                                         : loaded 2 times (x 77B)
Class org.jetbrains.kotlin.gradle.plugin.mpp.KotlinSoftwareComponentKt                : loaded 2 times (x 68B)
Class org.jetbrains.kotlin.gradle.plugin.mpp.compilationImpl.KotlinCompilationSourceSetInclusion$AddSourcesToCompileTask: loaded 2 times (x 67B)
Class org.jetbrains.kotlin.konan.target.Architecture                                  : loaded 2 times (x 76B)
Class [Lorg.jetbrains.kotlin.gradle.plugin.HasProject;                                : loaded 2 times (x 66B)
Class org.jetbrains.kotlin.gradle.utils.MutableObservableSetImpl                      : loaded 2 times (x 160B)
Class org.jetbrains.kotlin.gradle.tasks.KotlinTasksProvider                           : loaded 2 times (x 69B)
Class org.jetbrains.kotlin.gradle.dsl.DefaultToolchainSupport$wireToolchainToTasks$1  : loaded 2 times (x 72B)
Class org.jetbrains.kotlin.gradle.dsl.KotlinCommonCompilerOptions                     : loaded 2 times (x 67B)
Class org.jetbrains.kotlin.gradle.plugin.KotlinJsCompilerTypeHolder                   : loaded 2 times (x 67B)
Class org.jetbrains.kotlin.gradle.internal.properties.PropertiesBuildService$MemoizedCallable: loaded 2 times (x 72B)
Class org.jetbrains.kotlin.gradle.plugin.internal.DefaultMavenPublicationComponentAccessorFactory: loaded 2 times (x 73B)
Class org.objectweb.asm.Symbol                                                        : loaded 2 times (x 70B)
Class org.jetbrains.kotlin.metadata.ProtoBuf$Effect$1                                 : loaded 2 times (x 141B)
Class org.jetbrains.kotlin.metadata.ProtoBuf$Visibility                               : loaded 2 times (x 79B)
Class org.jetbrains.kotlin.metadata.ProtoBuf$ConstructorOrBuilder                     : loaded 2 times (x 67B)
Class org.jetbrains.kotlin.metadata.jvm.JvmProtoBuf                                   : loaded 2 times (x 68B)
Class org.jetbrains.kotlin.metadata.jvm.deserialization.JvmMemberSignature$Field      : loaded 2 times (x 72B)
Class com.google.common.io.Java8Compatibility                                         : loaded 2 times (x 68B)
Class com.google.common.io.Closer                                                     : loaded 2 times (x 75B)
Class org.jetbrains.kotlin.gradle.tasks.AbstractKotlinCompile$friendPathsSet$1        : loaded 2 times (x 72B)
Class org.jetbrains.kotlin.build.report.metrics.BuildAttributes                       : loaded 2 times (x 69B)
Class org.jetbrains.kotlin.gradle.plugin.cocoapods.KotlinCocoapodsPlugin$Companion    : loaded 2 times (x 68B)
Class org.jetbrains.kotlin.gradle.plugin.mpp.compilationImpl.KotlinCompilationImpl    : loaded 2 times (x 137B)
Class [Lorg.jetbrains.kotlin.gradle.plugin.mpp.compilationImpl.factory.KotlinCompilationImplFactory$PostConfigure;: loaded 2 times (x 66B)
Class org.jetbrains.kotlin.konan.target.KonanTarget$MACOS_X64                         : loaded 2 times (x 75B)
Class org.jetbrains.kotlin.gradle.plugin.KotlinSourceSet$Companion                    : loaded 2 times (x 68B)
Class org.jetbrains.kotlin.konan.util.Named                                           : loaded 2 times (x 67B)
Class [Lorg.jetbrains.kotlin.gradle.report.BuildReportMode;                           : loaded 2 times (x 66B)
Class org.jetbrains.kotlin.statistics.metrics.BooleanOverridePolicy                   : loaded 2 times (x 82B)
Class org.jetbrains.kotlin.gradle.plugin.AbstractKotlinAndroidPluginWrapper           : loaded 2 times (x 83B)
Class com.google.common.base.CharMatcher$BitSetMatcher                                : loaded 2 times (x 109B)
Class com.google.common.collect.RegularImmutableMap$Values                            : loaded 2 times (x 204B)
Class com.google.common.collect.ImmutableSet                                          : loaded 2 times (x 142B)
Class org.gradle.internal.classloader.ClassLoaderSpec                                 : loaded 2 times (x 68B)
Class kotlin.jvm.internal.FunctionReferenceImpl                                       : loaded 2 times (x 119B)
Class org.jetbrains.kotlin.descriptors.DeclarationDescriptorWithVisibility            : loaded 2 times (x 67B)
Class org.jetbrains.kotlin.protobuf.SmallSortedMap                                    : loaded 2 times (x 127B)
Class org.jetbrains.org.objectweb.asm.tree.AbstractInsnNode                           : loaded 2 times (x 75B)
Class kotlin.collections.CollectionsKt___CollectionsJvmKt                             : loaded 2 times (x 68B)
Class com.google.common.io.ByteSource$EmptyByteSource                                 : loaded 2 times (x 82B)
Class org.jetbrains.kotlin.gradle.tasks.DefaultKotlinJavaToolchain$DefaultJavaToolchainSetter: loaded 2 times (x 72B)
Class org.jetbrains.kotlin.build.report.metrics.BuildAttributeKind                    : loaded 2 times (x 76B)
Class org.jetbrains.kotlin.gradle.plugin.mpp.KotlinCompilationsKt$moduleNameForCompilation$1: loaded 2 times (x 72B)
Class org.jetbrains.kotlin.gradle.plugin.sources.KotlinDependencyScopeKt              : loaded 2 times (x 68B)
Class org.jetbrains.kotlin.gradle.plugin.diagnostics.TransformActionUsingKotlinToolingDiagnostics$Parameters: loaded 2 times (x 67B)
Class org.jetbrains.kotlin.compilerRunner.CompilerSystemPropertiesService$Companion$registerIfAbsent$2$1: loaded 2 times (x 76B)
Class org.jetbrains.kotlin.gradle.plugin.mpp.KotlinCompilationsKt$addSourcesToKotlinCompileTask$1: loaded 2 times (x 72B)
Class org.jetbrains.kotlin.gradle.internal.KotlinDependenciesManagementKt$configureDefaultVersionsResolutionStrategy$1$1: loaded 2 times (x 72B)
Class org.jetbrains.kotlin.gradle.utils.KotlinExtensionUtilsKt$forAllTargets$1        : loaded 2 times (x 92B)
Class org.jetbrains.kotlin.gradle.plugin.diagnostics.CheckKotlinGradlePluginConfigurationErrorsKt$locateOrRegisterCheckKotlinGradlePluginErrorsTask$taskProvider$1: loaded 2 times (x 72B)
Class org.jetbrains.kotlin.gradle.plugin.diagnostics.checkers.KmpPartiallyResolvedDependenciesChecker$runChecks$1: loaded 2 times (x 85B)
Class org.jetbrains.kotlin.gradle.plugin.diagnostics.checkers.OverriddenKotlinNativeHomeChecker$StdlibExistenceCheckerValueSource$Params: loaded 2 times (x 67B)
Class org.jetbrains.kotlin.gradle.dsl.PlatformSourceSetConventionsChecker$nativeTargetPresets$1$1: loaded 2 times (x 76B)
Class org.jetbrains.kotlin.gradle.tooling.BuildKotlinToolingMetadataTaskKt$buildKotlinToolingMetadataTask$1: loaded 2 times (x 75B)
Class org.jetbrains.kotlin.gradle.internal.Kapt3GradleSubplugin$Companion             : loaded 2 times (x 68B)
Class org.jetbrains.kotlin.gradle.plugin.mpp.compilationImpl.KotlinCreateCompilationArchiveTaskKt$KotlinRegisterCompilationArchiveTasksExtension$1: loaded 2 times (x 71B)
Class org.jetbrains.kotlin.gradle.plugin.statistics.BuildFinishBuildService$Companion : loaded 2 times (x 68B)
Class [Lorg.jetbrains.kotlin.statistics.metrics.NumberOverridePolicy;                 : loaded 2 times (x 66B)
Class org.jetbrains.kotlin.gradle.internal.properties.PropertiesBuildService$GradleProperty: loaded 2 times (x 67B)
Class org.jetbrains.kotlin.gradle.utils.StoredPropertyKt$projectStoredProperty$1      : loaded 2 times (x 75B)
Class org.objectweb.asm.AnnotationWriter                                              : loaded 2 times (x 76B)
Class com.google.common.cache.CacheStats                                              : loaded 2 times (x 68B)
Class org.jetbrains.kotlin.protobuf.SmallSortedMap$EmptySet                           : loaded 2 times (x 68B)
Class org.jetbrains.kotlin.protobuf.MessageLite                                       : loaded 2 times (x 67B)
Class kotlin.TuplesKt                                                                 : loaded 2 times (x 68B)
Class kotlin.Unit                                                                     : loaded 2 times (x 68B)
Class org.jetbrains.kotlin.load.kotlin.header.KotlinClassHeader$Kind$Companion        : loaded 2 times (x 68B)
Class kotlin.sequences.SequencesKt___SequencesJvmKt                                   : loaded 2 times (x 68B)
Class Build_gradle$3$5$1                                                              : loaded 2 times (x 75B)
Class com.google.common.collect.ImmutableMultisetGwtSerializationDependencies         : loaded 2 times (x 122B)
Class com.google.common.collect.Interners                                             : loaded 2 times (x 68B)
Class com.google.common.io.Closer$Suppressor                                          : loaded 2 times (x 67B)
Class com.google.common.io.LineProcessor                                              : loaded 2 times (x 67B)
Class org.jetbrains.kotlin.gradle.tasks.K2MultiplatformStructure$RefinesEdge          : loaded 2 times (x 69B)
Class org.jetbrains.kotlin.gradle.plugin.mpp.SyncLanguageSettingsWithKotlinExtensionSetupActionKt$SyncLanguageSettingsWithKotlinExtensionSetupAction$1$1: loaded 2 times (x 72B)
Class org.jetbrains.kotlin.gradle.tasks.configuration.TaskConfigAction$configureTask$1: loaded 2 times (x 76B)
Class org.jetbrains.kotlin.gradle.dsl.abi.AbiValidationExtension                      : loaded 2 times (x 67B)
Class org.jetbrains.kotlin.gradle.plugin.diagnostics.checkers.DuplicateSourceSetChecker$runChecks$1: loaded 2 times (x 85B)
Class org.jetbrains.kotlin.gradle.plugin.diagnostics.ToolingDiagnostic$Severity       : loaded 2 times (x 76B)
Class org.jetbrains.kotlin.gradle.dsl.JvmTarget                                       : loaded 2 times (x 76B)
Class org.jetbrains.kotlin.gradle.plugin.statistics.BuildFinishFlowAction$Parameters_Decorated: loaded 2 times (x 134B)
Class org.jetbrains.kotlin.gradle.internal.ClassLoadersCachingBuildService            : loaded 2 times (x 73B)
Class org.jetbrains.kotlin.gradle.plugin.VariantImplementationFactories$Inject        : loaded 2 times (x 103B)
Class org.jetbrains.kotlin.gradle.plugin.internal.DefaultJavaExecTaskParametersCompatibility$Factory: loaded 2 times (x 73B)
Class org.jetbrains.kotlin.gradle.plugin.VariantImplementationFactoriesConfigurator$Companion: loaded 2 times (x 68B)
Class org.objectweb.asm.RecordComponentWriter                                         : loaded 2 times (x 75B)
Class com.google.common.util.concurrent.AbstractFuture$Listener                       : loaded 2 times (x 69B)
Class com.google.common.base.CharMatcher$Or                                           : loaded 2 times (x 109B)
Class Settings_gradle$1$1                                                             : loaded 2 times (x 71B)
Class org.jetbrains.kotlin.cli.common.ModuleVisibilityHelperImpl                      : loaded 2 times (x 71B)
Class kotlin.ranges.RangesKt                                                          : loaded 2 times (x 68B)
Class [Lorg.objectweb.asm.Label;                                                      : loaded 2 times (x 66B)
Class [Lorg.jetbrains.kotlin.compilerRunner.KotlinCompilerArgumentsLogLevel;          : loaded 2 times (x 66B)
Class org.jetbrains.kotlin.gradle.tasks.KotlinCompile_Decorated                       : loaded 2 times (x 607B)
Class org.jetbrains.kotlin.gradle.plugin.mpp.SyncLanguageSettingsWithKotlinExtensionSetupActionKt$SyncLanguageSettingsWithKotlinExtensionSetupAction$1$2: loaded 2 times (x 72B)
Class org.jetbrains.kotlin.gradle.plugin.internal.BuildIdService$Companion            : loaded 2 times (x 68B)
Class org.jetbrains.kotlin.gradle.plugin.diagnostics.checkers.OverriddenKotlinNativeHomeChecker$StdlibExistenceCheckerValueSource$Companion: loaded 2 times (x 68B)
Class org.jetbrains.kotlin.gradle.targets.js.dsl.KotlinWasmSubTargetContainerDsl      : loaded 2 times (x 67B)
Class org.jetbrains.kotlin.gradle.plugin.diagnostics.checkers.WasmWasiEnvironmentChecker$1: loaded 2 times (x 75B)
Class org.jetbrains.kotlin.gradle.plugin.diagnostics.checkers.DisabledCinteropCommonizationInHmppProjectChecker: loaded 2 times (x 71B)
Class org.jetbrains.kotlin.gradle.plugin.diagnostics.checkers.NoKotlinTargetsDeclaredChecker: loaded 2 times (x 71B)
Class org.jetbrains.kotlin.gradle.targets.jvm.KotlinJvmTargetTestFixturesSideEffectKt$ConfigureJavaTestFixturesSideEffect$1: loaded 2 times (x 71B)
Class org.jetbrains.kotlin.gradle.tasks.publishing.HelpersKt$inlined$sam$i$org_gradle_api_Action$0: loaded 2 times (x 72B)
Class org.jetbrains.kotlin.gradle.utils.StoredPropertyStorage                         : loaded 2 times (x 69B)
Class org.jetbrains.kotlin.gradle.plugin.KotlinSourceSetContainer                     : loaded 2 times (x 67B)
Class org.objectweb.asm.Attribute                                                     : loaded 2 times (x 74B)
Class com.google.common.base.Supplier                                                 : loaded 2 times (x 67B)
Class org.gradle.internal.classloader.VisitableURLClassLoader                         : loaded 2 times (x 114B)
Class kotlin.collections.ArraysUtilJVM                                                : loaded 2 times (x 68B)
Class kotlin.jvm.functions.Function0                                                  : loaded 2 times (x 67B)
Class org.jetbrains.kotlin.gradle.plugin.diagnostics.checkers.AndroidPublicationNotConfiguredChecker: loaded 2 times (x 71B)
Class com.google.common.io.CharSource$AsByteSource                                    : loaded 2 times (x 82B)
Class com.google.common.collect.ImmutableList$SerializedForm                          : loaded 2 times (x 70B)
Class org.jetbrains.kotlin.gradle.plugin.statistics.plugins.ObservablePlugins         : loaded 2 times (x 76B)
Class org.jetbrains.kotlin.gradle.plugin.sources.InternalKotlinSourceSetKt$awaitPlatformCompilations$1: loaded 2 times (x 85B)
Class [Lorg.jetbrains.kotlin.gradle.plugin.sources.KotlinDependencyScope;             : loaded 2 times (x 66B)
Class org.jetbrains.kotlin.gradle.tasks.configuration.BaseKotlinCompileConfig$configureCommonParameters$1: loaded 2 times (x 71B)
Class org.jetbrains.kotlin.gradle.plugin.mpp.compilationImpl.factory.ConfigurationNaming: loaded 2 times (x 67B)
Class org.jetbrains.kotlin.gradle.plugin.mpp.compilationImpl.DefaultKotlinCompilationPostConfigureKt: loaded 2 times (x 68B)
Class org.jetbrains.kotlin.konan.target.KonanTarget$WATCHOS_X64                       : loaded 2 times (x 75B)
Class org.jetbrains.kotlin.gradle.plugin.diagnostics.KotlinGradleProjectCheckersRunnerKt: loaded 2 times (x 68B)
Class org.jetbrains.kotlin.gradle.internal.IdeaKt$isInIdeaEnvironment$1               : loaded 2 times (x 71B)
Class [Lorg.jetbrains.kotlin.tooling.core.HasExtras;                                  : loaded 2 times (x 66B)
Class org.jetbrains.kotlin.gradle.plugin.diagnostics.checkers.IncorrectCompileOnlyDependenciesChecker: loaded 2 times (x 71B)
Class org.jetbrains.kotlin.gradle.plugin.diagnostics.checkers.WasmWasiEnvironmentChecker$2: loaded 2 times (x 75B)
Class org.jetbrains.kotlin.gradle.plugin.abi.AbiValidationActionKt                    : loaded 2 times (x 68B)
Class org.jetbrains.kotlin.gradle.dsl.DefaultToolchainSupport$wireToolchainToTasks$1$1: loaded 2 times (x 72B)
Class org.jetbrains.kotlin.gradle.plugin.statistics.BuildFinishFlowProviderManager$subscribeForBuildResults$1: loaded 2 times (x 72B)
Class org.jetbrains.kotlin.gradle.plugin.statistics.FusUtilKt                         : loaded 2 times (x 68B)
Class org.jetbrains.kotlin.gradle.utils.SingleActionPerProject                        : loaded 2 times (x 70B)
Class org.jetbrains.kotlin.gradle.plugin.DefaultKotlinBasePlugin                      : loaded 2 times (x 79B)
Class org.gradle.internal.Cast                                                        : loaded 2 times (x 68B)
Class org.gradle.api.Action                                                           : loaded 2 times (x 67B)
Class [Lorg.jetbrains.kotlin.metadata.ProtoBuf$VersionRequirement$VersionKind;        : loaded 2 times (x 66B)
Class org.jetbrains.kotlin.protobuf.CodedOutputStream                                 : loaded 2 times (x 69B)
Class org.jetbrains.kotlin.metadata.ProtoBuf$Annotation                               : loaded 2 times (x 106B)
Class org.jetbrains.org.objectweb.asm.tree.TypeInsnNode                               : loaded 2 times (x 75B)
Class kotlin.jvm.functions.Function1                                                  : loaded 2 times (x 67B)
Class jdk.internal.jimage.decompressor.ZipDecompressor                                : loaded 2 times (x 72B)
Class build_ej74zbrkwo14kkpmu7rttzgho                                                 : loaded 2 times (x 177B)
Class com.google.common.collect.MapMakerInternalMap                                   : loaded 2 times (x 158B)
Class com.google.common.collect.HashBiMap                                             : loaded 2 times (x 140B)
Class [Lorg.jetbrains.kotlin.gradle.plugin.mpp.KotlinUsageContext$MavenScope;         : loaded 2 times (x 66B)
Class org.jetbrains.kotlin.gradle.tasks.configuration.BaseKotlinCompileConfig$configureCommonParameters$2: loaded 2 times (x 72B)
Class org.jetbrains.kotlin.gradle.plugin.mpp.compilationImpl.KotlinCompilationCompilerOptionsFromTargetConfigurator: loaded 2 times (x 71B)
Class [Lorg.jetbrains.kotlin.gradle.plugin.mpp.compilationImpl.DefaultKotlinCompilationFriendPathsResolver$FriendArtifactResolver;: loaded 2 times (x 66B)
Class com.google.common.base.Strings                                                  : loaded 2 times (x 68B)
Class org.jetbrains.kotlin.gradle.internal.IdeaKt$isInIdeaEnvironment$2               : loaded 2 times (x 71B)
Class org.jetbrains.kotlin.gradle.utils.FailuresKt$ideaSyncClasspathModeUtil$1        : loaded 2 times (x 69B)
Class org.jetbrains.kotlin.gradle.plugin.diagnostics.KotlinToolingDiagnosticsCollector$Inject: loaded 2 times (x 93B)
Class org.jetbrains.kotlin.gradle.artifacts.KotlinJsKlibArtifactKt                    : loaded 2 times (x 68B)
Class org.jetbrains.kotlin.gradle.dsl.KotlinTargetContainerWithWasmPresetFunctions    : loaded 2 times (x 67B)
Class org.jetbrains.kotlin.gradle.plugin.GradleUtilsKt                                : loaded 2 times (x 68B)
Class org.jetbrains.kotlin.gradle.internal.properties.PropertiesBuildService          : loaded 2 times (x 73B)
Class org.jetbrains.kotlin.gradle.plugin.BuildFinishedListenerService$Companion$registerIfAbsent$1$1$1: loaded 2 times (x 72B)
Class com.google.common.collect.Sets                                                  : loaded 2 times (x 68B)
Class org.objectweb.asm.Handler                                                       : loaded 2 times (x 69B)
Class com.google.common.base.CharMatcher$FastMatcher                                  : loaded 2 times (x 108B)
Class com.google.common.base.Ticker                                                   : loaded 2 times (x 69B)
Class [Lorg.jetbrains.kotlin.metadata.jvm.JvmProtoBuf$StringTableTypes$Record$Operation;: loaded 2 times (x 66B)
Class [Lorg.jetbrains.kotlin.load.kotlin.header.KotlinClassHeader$Kind;               : loaded 2 times (x 66B)
Class kotlin.jvm.functions.Function2                                                  : loaded 2 times (x 67B)
Class com.google.common.collect.ImmutableSortedSet$Builder                            : loaded 2 times (x 83B)
Class org.jetbrains.kotlin.gradle.tasks.KotlinCompile$javaSources$1                   : loaded 2 times (x 72B)
Class org.jetbrains.kotlin.incremental.IncrementalCompilationFeatures                 : loaded 2 times (x 68B)
Class org.jetbrains.kotlin.gradle.plugin.KotlinTarget$DefaultImpls                    : loaded 2 times (x 68B)
Class org.jetbrains.kotlin.gradle.tasks.abi.KotlinLegacyAbiDumpTaskImpl               : loaded 2 times (x 345B)
Class org.jetbrains.kotlin.gradle.plugin.diagnostics.KotlinToolingDiagnosticsCollector: loaded 2 times (x 73B)
Class org.jetbrains.kotlin.gradle.plugin.mpp.compilationImpl.KotlinCreateCompilationArchiveTaskKt: loaded 2 times (x 68B)
Class org.jetbrains.kotlin.tooling.core.MutableExtrasImpl                             : loaded 2 times (x 162B)
Class org.jetbrains.kotlin.gradle.plugin.statistics.KotlinBuildStatsMXBean            : loaded 2 times (x 67B)
Class org.jetbrains.kotlin.gradle.utils.FileUtilsKt                                   : loaded 2 times (x 68B)
Class [Lcom.google.common.cache.LocalCache$Segment;                                   : loaded 2 times (x 66B)
Class com.google.common.base.Predicate                                                : loaded 2 times (x 67B)
Class [Lcom.google.common.cache.LocalCache$Strength;                                  : loaded 2 times (x 66B)
Class com.google.common.cache.CacheBuilder$1                                          : loaded 2 times (x 82B)
Class com.google.common.collect.ImmutableMap                                          : loaded 2 times (x 117B)
Class org.gradle.internal.classpath.DefaultClassPath$ImmutableUniqueList$Builder      : loaded 2 times (x 72B)
Class org.jetbrains.kotlin.serialization.deserialization.ProtoEnumFlags               : loaded 2 times (x 68B)
Class org.jetbrains.kotlin.protobuf.Internal$EnumLite                                 : loaded 2 times (x 67B)
Class kotlin.jvm.functions.Function3                                                  : loaded 2 times (x 67B)
Class kotlin.collections.MapsKt___MapsJvmKt                                           : loaded 2 times (x 68B)
Class build_7uvddy6s8rfdygjw1p5cxq6                                                   : loaded 2 times (x 177B)
Class com.google.common.collect.MapMakerInternalMap$WeakValueReference                : loaded 2 times (x 67B)
Class org.jetbrains.kotlin.gradle.plugin.mpp.KotlinCompilationFactory$DefaultImpls    : loaded 2 times (x 68B)
Class com.google.gson.stream.JsonToken                                                : loaded 2 times (x 76B)
Class com.google.common.collect.AbstractRangeSet                                      : loaded 2 times (x 111B)
Class org.jetbrains.kotlin.gradle.tasks.abi.AbiToolsTask$Companion                    : loaded 2 times (x 68B)
Class org.jetbrains.kotlin.gradle.plugin.diagnostics.checkers.InternalGradlePropertiesUsageChecker: loaded 2 times (x 71B)
Class org.jetbrains.kotlin.gradle.plugin.mpp.compilationImpl.CreateCInteropTasksSideEffectKt: loaded 2 times (x 68B)
Class org.jetbrains.kotlin.gradle.testing.internal.KotlinTestsRegistry$Companion      : loaded 2 times (x 68B)
Class org.jetbrains.kotlin.gradle.dsl.KotlinCommonCompilerToolOptions                 : loaded 2 times (x 67B)
Class org.jetbrains.kotlin.gradle.plugin.PropertiesProvider$propertyWithValueReporting$1: loaded 2 times (x 72B)
Class org.jetbrains.kotlin.gradle.internal.properties.PropertiesBuildService$Companion$registerIfAbsent$1: loaded 2 times (x 72B)
Class org.jetbrains.kotlin.gradle.plugin.internal.DefaultConfigurationCacheStartParameterAccessorVariantFactory: loaded 2 times (x 73B)
Class com.google.common.base.CharMatcher$NegatedFastMatcher                           : loaded 2 times (x 110B)
Class com.google.common.cache.LocalCache                                              : loaded 2 times (x 184B)
Class com.google.common.cache.CacheBuilder$2                                          : loaded 2 times (x 76B)
Class org.jetbrains.kotlin.protobuf.RopeByteString                                    : loaded 2 times (x 107B)
Class kotlin.collections.EmptySet                                                     : loaded 2 times (x 119B)
Class org.jetbrains.kotlin.metadata.jvm.deserialization.JvmNameResolverBase           : loaded 2 times (x 77B)
Class org.jetbrains.org.objectweb.asm.tree.IincInsnNode                               : loaded 2 times (x 75B)
Class org.jetbrains.org.objectweb.asm.tree.MultiANewArrayInsnNode                     : loaded 2 times (x 76B)
Class kotlin.collections.CollectionsKt___CollectionsKt                                : loaded 2 times (x 68B)
Class build_7uvddy6s8rfdygjw1p5cxq6$_run_closure1                                     : loaded 2 times (x 136B)
Class Build_gradle$inlined$sam$i$org_gradle_api_Action$0                              : loaded 2 times (x 72B)
Class org.jetbrains.kotlin.build.report.metrics.BuildPerformanceMetrics$Companion     : loaded 2 times (x 68B)
Class org.jetbrains.kotlin.gradle.utils.Completable$await$1                           : loaded 2 times (x 85B)
Class org.jetbrains.kotlin.gradle.plugin.mpp.compilationImpl.DefaultKotlinCompilationSourceSetsContainer$source$1: loaded 2 times (x 76B)
Class org.jetbrains.kotlin.gradle.internal.abi.ConfigsKt                              : loaded 2 times (x 68B)
Class org.jetbrains.kotlin.gradle.internal.KotlinTestDependencyManagementKt           : loaded 2 times (x 68B)
Class org.jetbrains.kotlin.konan.target.KonanTarget$ANDROID_X64                       : loaded 2 times (x 75B)
Class [Lorg.jetbrains.kotlin.gradle.plugin.sources.ConsistencyCheck;                  : loaded 2 times (x 66B)
Class org.jetbrains.kotlin.gradle.plugin.statistics.FlowActionBuildFusService$Companion: loaded 2 times (x 68B)
Class org.jetbrains.kotlin.gradle.report.ReportingSettings                            : loaded 2 times (x 69B)
Class org.jetbrains.kotlin.statistics.metrics.StringAnonymizationPolicy$ComponentVersionAnonymizer: loaded 2 times (x 75B)
Class org.jetbrains.kotlin.gradle.plugin.KotlinBasePluginWrapper                      : loaded 2 times (x 83B)
Class com.google.common.collect.ArrayListMultimap                                     : loaded 2 times (x 169B)
Class com.google.common.cache.CacheBuilder$3                                          : loaded 2 times (x 69B)
Class [Lcom.google.common.collect.AbstractMapEntry;                                   : loaded 2 times (x 66B)
Class com.google.common.collect.ImmutableEntry                                        : loaded 2 times (x 79B)
Class org.gradle.api.GradleException                                                  : loaded 2 times (x 79B)
Class org.jetbrains.kotlin.gradle.internal.abi.AbiValidationLegacyDumpExtensionImpl_Decorated: loaded 2 times (x 128B)
Class kotlin.reflect.KDeclarationContainer                                            : loaded 2 times (x 67B)
Class org.jetbrains.org.objectweb.asm.SymbolTable$Entry                               : loaded 2 times (x 71B)
Class org.jetbrains.org.objectweb.asm.tree.LocalVariableAnnotationNode                : loaded 2 times (x 79B)
Class org.jetbrains.kotlin.metadata.deserialization.BinaryVersion                     : loaded 2 times (x 71B)
Class kotlin.text.StringsKt___StringsJvmKt                                            : loaded 2 times (x 68B)
Class com.google.common.io.CharSource$EmptyCharSource                                 : loaded 2 times (x 83B)
Class com.google.common.base.Suppliers$MemoizingSupplier                              : loaded 2 times (x 76B)
Class org.jetbrains.kotlin.gradle.plugin.diagnostics.KotlinToolingDiagnostics$JsEnvironmentNotChosenExplicitly: loaded 2 times (x 70B)
Class org.jetbrains.kotlin.gradle.plugin.ProjectLocalConfigurations$ProjectLocalCompatibility: loaded 2 times (x 73B)
Class org.jetbrains.kotlin.gradle.dsl.JvmDefaultMode                                  : loaded 2 times (x 76B)
Class org.jetbrains.kotlin.gradle.dsl.KotlinJvmCompilerOptions                        : loaded 2 times (x 67B)
Class org.jetbrains.kotlin.gradle.plugin.statistics.BuildFinishBuildService           : loaded 2 times (x 77B)
Class org.jetbrains.kotlin.gradle.plugin.internal.DefaultMavenPublicationComponentAccessor: loaded 2 times (x 72B)
Class org.jetbrains.kotlin.gradle.plugin.internal.DefaultProjectIsolationStartParameterAccessor$Factory: loaded 2 times (x 73B)
Class com.google.common.collect.CollectPreconditions                                  : loaded 2 times (x 68B)
Class org.jetbrains.kotlin.metadata.ProtoBuf$EnumEntry$1                              : loaded 2 times (x 141B)
Class org.jetbrains.kotlin.metadata.ProtoBuf$Type$Argument$Projection                 : loaded 2 times (x 79B)
Class org.jetbrains.org.objectweb.asm.tree.InvokeDynamicInsnNode                      : loaded 2 times (x 75B)
Class kotlin.collections.MapsKt___MapsKt                                              : loaded 2 times (x 68B)
Class kotlin.io.FilesKt                                                               : loaded 2 times (x 68B)
Class kotlin.collections.ArraysKt___ArraysKt                                          : loaded 2 times (x 68B)
Class [Lcom.google.common.collect.MapMakerInternalMap$Strength;                       : loaded 2 times (x 66B)
Class [Lcom.google.common.io.FileWriteMode;                                           : loaded 2 times (x 66B)
Class org.jetbrains.kotlin.buildtools.api.SourcesChanges                              : loaded 2 times (x 67B)
Class org.jetbrains.kotlin.gradle.plugin.KotlinPluginLifecycleImpl$launch$1           : loaded 2 times (x 76B)
Class org.jetbrains.kotlin.konan.target.HostManager$Companion$targetAliases$2         : loaded 2 times (x 75B)
Class org.jetbrains.kotlin.gradle.plugin.diagnostics.checkers.GradleDeprecatedPropertyChecker$DeprecatedProperty: loaded 2 times (x 69B)
Class org.jetbrains.kotlin.gradle.utils.Completable                                   : loaded 2 times (x 69B)
Class org.jetbrains.kotlin.gradle.plugin.statistics.BuildFinishFlowProviderManager$Companion: loaded 2 times (x 68B)
Class org.jetbrains.kotlin.gradle.plugin.DefaultKotlinBasePlugin$addKotlinCompilerConfiguration$2$1: loaded 2 times (x 72B)
Class org.jetbrains.kotlin.gradle.plugin.statistics.KotlinBuildStatsServicesRegistry$Companion: loaded 2 times (x 68B)
Class org.jetbrains.kotlin.gradle.plugin.internal.DefaultCompatibilityConventionRegistrar$Factory: loaded 2 times (x 73B)
Class com.google.common.collect.SortedMapDifference                                   : loaded 2 times (x 67B)
Class org.jetbrains.kotlin.metadata.jvm.JvmProtoBuf$JvmPropertySignature$Builder      : loaded 2 times (x 138B)
Class [Lorg.jetbrains.org.objectweb.asm.Symbol;                                       : loaded 2 times (x 66B)
Class kotlin.collections.MapsKt__MapWithDefaultKt                                     : loaded 2 times (x 68B)
Class org.jetbrains.kotlin.compilerRunner.CompilerSystemPropertiesService$Companion   : loaded 2 times (x 68B)
Class com.google.common.collect.Iterables$4                                           : loaded 2 times (x 78B)
Class com.google.common.collect.MapMakerInternalMap$StrongKeyDummyValueSegment        : loaded 2 times (x 139B)
Class com.google.common.io.Files                                                      : loaded 2 times (x 68B)
Class com.google.common.cache.LocalCache$WriteThroughEntry                            : loaded 2 times (x 76B)
Class com.google.common.cache.LocalCache$HashIterator                                 : loaded 2 times (x 83B)
Class org.jetbrains.kotlin.gradle.tasks.DefaultKotlinJavaToolchain$DefaultJdkSetter   : loaded 2 times (x 73B)
Class com.google.common.io.LineReader                                                 : loaded 2 times (x 69B)
Class org.jetbrains.kotlin.gradle.plugin.diagnostics.checkers.IncorrectCompileOnlyDependenciesChecker$runChecks$1: loaded 2 times (x 85B)
Class org.jetbrains.kotlin.gradle.plugin.mpp.KotlinOnlyTarget                         : loaded 2 times (x 150B)
Class org.jetbrains.kotlin.gradle.targets.js.npm.BaseNpmDependencyExtension           : loaded 2 times (x 67B)
Class org.jetbrains.kotlin.gradle.dsl.KotlinVersion$Companion                         : loaded 2 times (x 68B)
Class org.jetbrains.kotlin.gradle.InternalKotlinGradlePluginApi                       : loaded 2 times (x 67B)
Class org.jetbrains.kotlin.gradle.plugin.diagnostics.DiagnosticGroup$Base             : loaded 2 times (x 78B)
Class org.jetbrains.kotlin.gradle.targets.ConfigureNonPackedKlibConsumingSideEffectKt$ConfigureNonPackedKlibConsumingSideEffect$1: loaded 2 times (x 71B)
Class org.jetbrains.kotlin.gradle.dsl.DefaultToolchainSupport                         : loaded 2 times (x 73B)
Class org.jetbrains.kotlin.gradle.plugin.internal.CustomPropertiesFileValueSource     : loaded 2 times (x 79B)
Class com.google.common.cache.LocalCache$EntryFactory                                 : loaded 2 times (x 80B)
Class org.jetbrains.kotlin.metadata.ProtoBuf$VersionRequirementTable$1                : loaded 2 times (x 141B)
Class org.jetbrains.kotlin.metadata.ProtoBuf$Contract                                 : loaded 2 times (x 104B)
Class kotlin.collections.CollectionsKt__MutableCollectionsJVMKt                       : loaded 2 times (x 68B)
Class kotlin.enums.EnumEntriesKt                                                      : loaded 2 times (x 68B)
Class kotlin.text.StringsKt___StringsKt                                               : loaded 2 times (x 68B)
Class build_al45zyc258tpw4gg4f3v1loao$_run_closure1                                   : loaded 2 times (x 136B)
Class com.google.common.collect.NullsLastOrdering                                     : loaded 2 times (x 112B)
Class [Lcom.google.common.collect.MapMaker$Dummy;                                     : loaded 2 times (x 66B)
Class org.jetbrains.kotlin.gradle.tasks.TaskOutputsBackup                             : loaded 2 times (x 69B)
Class org.jetbrains.kotlin.gradle.plugin.cocoapods.KotlinCocoapodsPlugin              : loaded 2 times (x 73B)
Class org.jetbrains.kotlin.gradle.internal.CompilerOptionsDslHelpersKt                : loaded 2 times (x 68B)
Class org.jetbrains.kotlin.gradle.tasks.configuration.AbstractKotlinCompileConfigKt   : loaded 2 times (x 68B)
Class org.jetbrains.kotlin.gradle.internal.StdlibDependencyManagementKt$configureStdlibVersionAlignment$1$1: loaded 2 times (x 72B)
Class org.jetbrains.kotlin.gradle.dsl.KotlinProjectExtension$awaitSourceSets$1        : loaded 2 times (x 85B)
Class org.jetbrains.kotlin.gradle.plugin.KotlinPluginLifecycle$CoroutineStart         : loaded 2 times (x 76B)
Class org.jetbrains.kotlin.konan.target.Family                                        : loaded 2 times (x 76B)
Class org.jetbrains.kotlin.gradle.tasks.TasksProviderKt$sam$org_gradle_api_Action$0   : loaded 2 times (x 72B)
Class org.jetbrains.kotlin.gradle.tooling.BuildKotlinToolingMetadataTask$FromKotlinExtension: loaded 2 times (x 314B)
Class org.jetbrains.kotlin.gradle.utils.FailuresKt                                    : loaded 2 times (x 68B)
Class org.jetbrains.kotlin.gradle.plugin.diagnostics.DiagnosticGroup                  : loaded 2 times (x 67B)
Class org.jetbrains.kotlin.gradle.targets.native.internal.CInteropConfigurationsKt$special$$inlined$KotlinTargetSideEffect$1: loaded 2 times (x 71B)
Class org.jetbrains.kotlin.gradle.internal.properties.NativePropertiesLoader$konanDataDirProperty$1: loaded 2 times (x 72B)
Class org.jetbrains.kotlin.gradle.plugin.KotlinGradleBuildServices$Companion$registerIfAbsent$2$1: loaded 2 times (x 76B)
Class org.jetbrains.kotlin.gradle.plugin.statistics.BuildFusService$Parameters_Decorated: loaded 2 times (x 140B)
Class org.jetbrains.kotlin.gradle.plugin.PropertiesProvider$keepIncrementalCompilationCachesInMemory$1: loaded 2 times (x 76B)
Class org.jetbrains.kotlin.gradle.internal.properties.PropertiesBuildService$Params$Inject: loaded 2 times (x 103B)
Class org.jetbrains.kotlin.tooling.core.HasMutableExtras                              : loaded 2 times (x 67B)
Class com.google.common.cache.LocalCache$AbstractReferenceEntry                       : loaded 2 times (x 104B)
Class org.gradle.internal.IoActions                                                   : loaded 2 times (x 68B)
Class org.jetbrains.kotlin.metadata.jvm.deserialization.JvmNameResolverBase$WhenMappings: loaded 2 times (x 68B)
Class org.jetbrains.kotlin.descriptors.Visibilities$Local                             : loaded 2 times (x 76B)
Class org.jetbrains.kotlin.protobuf.WireFormat                                        : loaded 2 times (x 68B)
Class org.jetbrains.kotlin.metadata.jvm.deserialization.BitEncoding                   : loaded 2 times (x 68B)
Class org.jetbrains.org.objectweb.asm.Attribute                                       : loaded 2 times (x 72B)
Class org.jetbrains.org.objectweb.asm.Label                                           : loaded 2 times (x 69B)
Class build_ej74zbrkwo14kkpmu7rttzgho$_run_closure1$_closure3                         : loaded 2 times (x 136B)
Class com.google.common.collect.ImmutableMapKeySet                                    : loaded 2 times (x 149B)
Class org.jetbrains.kotlin.gradle.internal.Kapt3KotlinGradleSubpluginKt               : loaded 2 times (x 68B)
Class org.jetbrains.kotlin.gradle.dsl.KotlinJvmCompile                                : loaded 2 times (x 67B)
Class com.google.common.collect.ImmutableRangeSet$ComplementRanges                    : loaded 2 times (x 204B)
Class org.jetbrains.kotlin.konan.target.KonanTarget$LINUX_ARM32_HFP                   : loaded 2 times (x 75B)
Class org.jetbrains.kotlin.gradle.internal.Kapt3GradleSubplugin                       : loaded 2 times (x 80B)
Class org.jetbrains.kotlin.gradle.plugin.diagnostics.checkers.CInteropInputChecker    : loaded 2 times (x 71B)
Class org.jetbrains.kotlin.gradle.targets.native.internal.CInteropConfigurationsKt$special$$inlined$KotlinTargetSideEffect$2: loaded 2 times (x 71B)
Class org.jetbrains.kotlin.gradle.plugin.statistics.FinalizeConfigurationFusMetricActionKt$FinalizeConfigurationFusMetricAction$1: loaded 2 times (x 92B)
Class org.jetbrains.kotlin.gradle.internal.KotlinDependenciesManagementKt$CustomizeKotlinDependenciesSetupAction$1: loaded 2 times (x 71B)
Class org.jetbrains.kotlin.gradle.plugin.KotlinGradlePluginExtensionPointInternal$registeredExtensions$2: loaded 2 times (x 75B)
Class org.jetbrains.kotlin.statistics.metrics.BooleanOverridePolicy$OR                : loaded 2 times (x 82B)
Class org.jetbrains.kotlin.gradle.plugin.UsesVariantImplementationFactories           : loaded 2 times (x 67B)
Class org.objectweb.asm.SymbolTable                                                   : loaded 2 times (x 69B)
Class com.google.common.cache.CacheLoader$InvalidCacheLoadException                   : loaded 2 times (x 79B)
Class com.google.common.collect.ImmutableSet$RegularSetBuilderImpl                    : loaded 2 times (x 74B)
Class org.gradle.internal.classloader.SystemClassLoaderSpec                           : loaded 2 times (x 68B)
Class [Lorg.jetbrains.kotlin.metadata.ProtoBuf$Effect$EffectType;                     : loaded 2 times (x 66B)
Class kotlin.reflect.KAnnotatedElement                                                : loaded 2 times (x 67B)
Class org.jetbrains.org.objectweb.asm.Frame                                           : loaded 2 times (x 70B)
Class kotlin.jvm.internal.Intrinsics                                                  : loaded 2 times (x 68B)
Class org.jetbrains.kotlin.gradle.tasks.CacheableTasksKt$cacheOnlyIfEnabledForKotlin$1$1: loaded 2 times (x 71B)
Class com.google.common.collect.FluentIterable                                        : loaded 2 times (x 78B)
Class org.jetbrains.kotlin.gradle.plugin.diagnostics.DefaultProblemsReporter_Decorated: loaded 2 times (x 120B)
Class org.jetbrains.kotlin.gradle.tasks.configuration.BaseKotlinCompileConfig$1$1     : loaded 2 times (x 72B)
Class org.jetbrains.kotlin.gradle.plugin.mpp.compilationImpl.factory.KotlinCompilationImplFactory$PostConfigure: loaded 2 times (x 67B)
Class org.jetbrains.kotlin.gradle.tasks.abi.KotlinLegacyAbiDumpTask                   : loaded 2 times (x 67B)
Class org.jetbrains.kotlin.gradle.utils.KotlinExtensionUtilsKt                        : loaded 2 times (x 68B)
Class [Lorg.jetbrains.kotlin.konan.util.Named;                                        : loaded 2 times (x 66B)
Class org.jetbrains.kotlin.gradle.plugin.diagnostics.checkers.NoKotlinTargetsDeclaredChecker$runChecks$1: loaded 2 times (x 85B)
Class org.jetbrains.kotlin.gradle.plugin.mpp.AbstractKotlinTarget$kotlinComponents$2  : loaded 2 times (x 76B)
Class org.jetbrains.kotlin.gradle.plugin.KotlinPlatformType$CompatibilityRule         : loaded 2 times (x 73B)
Class org.jetbrains.kotlin.gradle.internal.properties.NativePropertiesLoader$actualNativeHomeDirectory$1: loaded 2 times (x 72B)
Class org.jetbrains.kotlin.gradle.internal.properties.NativePropertiesKt              : loaded 2 times (x 68B)
Class org.jetbrains.kotlin.gradle.plugin.BuildEventsListenerRegistryHolder            : loaded 2 times (x 69B)
Class [Lorg.jetbrains.kotlin.statistics.metrics.BooleanOverridePolicy;                : loaded 2 times (x 66B)
Class org.jetbrains.kotlin.gradle.plugin.internal.CustomPropertiesFileValueSource$Parameters$Inject: loaded 2 times (x 103B)
Class com.google.common.cache.LocalCache$StrongEntry                                  : loaded 2 times (x 105B)
Class com.google.common.util.concurrent.AbstractFuture$TrustedFuture                  : loaded 2 times (x 111B)
Class com.google.common.cache.LoadingCache                                            : loaded 2 times (x 67B)
Class kotlin.text.StringsKt__StringsKt                                                : loaded 2 times (x 68B)
Class org.jetbrains.kotlin.metadata.ProtoBuf$Type$Argument                            : loaded 2 times (x 107B)
Class org.jetbrains.kotlin.load.kotlin.FileBasedKotlinClass$InnerClassesInfo          : loaded 2 times (x 71B)
Class kotlin.collections.MapsKt                                                       : loaded 2 times (x 68B)
Class kotlin.collections.CollectionsKt__IterablesKt                                   : loaded 2 times (x 68B)
Class kotlin.NotImplementedError                                                      : loaded 2 times (x 79B)
Class com.google.common.base.Suppliers$NonSerializableMemoizingSupplier               : loaded 2 times (x 76B)
Class com.google.common.io.ByteStreams$LimitedInputStream                             : loaded 2 times (x 89B)
Class org.jetbrains.kotlin.gradle.tasks.GradleCompileTaskProvider                     : loaded 2 times (x 69B)
Class org.jetbrains.kotlin.gradle.plugin.mpp.KotlinTargetSoftwareComponentImplKt$KotlinTargetSoftwareComponent$1: loaded 2 times (x 92B)
Class org.jetbrains.kotlin.gradle.tasks.configuration.BaseKotlinCompileConfig$registerBuildToolsApiTransformations$1: loaded 2 times (x 72B)
Class org.jetbrains.kotlin.gradle.tasks.configuration.AbstractKotlinCompileConfigKt$sam$org_gradle_api_Action$0: loaded 2 times (x 72B)
Class org.jetbrains.kotlin.gradle.plugin.internal.BuildIdService                      : loaded 2 times (x 73B)
Class org.jetbrains.kotlin.gradle.plugin.mpp.compilationImpl.factory.KotlinCompilationDependencyConfigurationsFactoriesKt: loaded 2 times (x 68B)
Class org.jetbrains.kotlin.gradle.plugin.mpp.compilationImpl.DefaultKotlinCompilationFriendPathsResolver: loaded 2 times (x 72B)
Class org.jetbrains.kotlin.gradle.plugin.diagnostics.checkers.KmpPartiallyResolvedDependenciesCheckerKt: loaded 2 times (x 68B)
Class org.jetbrains.kotlin.gradle.plugin.diagnostics.checkers.WasmSourceSetsNotFoundChecker$runChecks$1: loaded 2 times (x 85B)
Class org.jetbrains.kotlin.konan.target.KonanTarget$IOS_SIMULATOR_ARM64               : loaded 2 times (x 75B)
Class org.jetbrains.kotlin.gradle.targets.jvm.KotlinJvmCompilationWireJavaSourcesSideEffectKt: loaded 2 times (x 68B)
Class org.jetbrains.kotlin.gradle.plugin.mpp.compilationImpl.KotlinCreateCompilationArchiveTaskKt$KotlinCreateCompilationArchivesTask$1: loaded 2 times (x 71B)
Class org.jetbrains.kotlin.gradle.dsl.KotlinVersion                                   : loaded 2 times (x 76B)
Class org.jetbrains.kotlin.gradle.internal.properties.NativePropertiesLoader$actualNativeHomeDirectory$2: loaded 2 times (x 71B)
Class org.jetbrains.kotlin.gradle.utils.StoredPropertyKt                              : loaded 2 times (x 68B)
Class org.objectweb.asm.MethodWriter                                                  : loaded 2 times (x 103B)
Class [Lcom.google.common.cache.Weigher;                                              : loaded 2 times (x 66B)
Class com.google.common.collect.RegularImmutableMap$BucketOverflowException           : loaded 2 times (x 79B)
Class org.jetbrains.kotlin.resolve.scopes.receivers.Receiver                          : loaded 2 times (x 67B)
Class org.jetbrains.kotlin.metadata.ProtoBuf$Modality$1                               : loaded 2 times (x 71B)
Class org.jetbrains.org.objectweb.asm.tree.TypeAnnotationNode                         : loaded 2 times (x 78B)
Class kotlin.KotlinNullPointerException                                               : loaded 2 times (x 80B)
Class jdk.internal.jimage.decompressor.CompressedResourceHeader                       : loaded 2 times (x 68B)
Class org.jetbrains.kotlin.cli.common.CompilerSystemProperties$Companion              : loaded 2 times (x 68B)
Class com.google.common.collect.ImmutableMultimap$1                                   : loaded 2 times (x 79B)
Class com.google.common.collect.AbstractMapBasedMultimap$RandomAccessWrappedList      : loaded 2 times (x 202B)
Class org.jetbrains.kotlin.gradle.internal.build.SourcesUtilsKt                       : loaded 2 times (x 68B)
Class org.jetbrains.kotlin.gradle.plugin.sources.KotlinDependencyScope$Companion      : loaded 2 times (x 68B)
Class org.jetbrains.kotlin.gradle.tasks.configuration.BaseKotlinCompileConfig$registerBuildToolsApiTransformations$2: loaded 2 times (x 72B)
Class org.jetbrains.kotlin.gradle.tasks.KotlinJvmCompile                              : loaded 2 times (x 67B)
Class org.jetbrains.kotlin.gradle.plugin.mpp.compilationImpl.KotlinCompilationSourceSetsContainerKt: loaded 2 times (x 68B)
Class org.jetbrains.kotlin.gradle.plugin.KotlinPluginLifecycleKt$launchInStage$1      : loaded 2 times (x 92B)
Class org.jetbrains.kotlin.gradle.targets.NativeForwardImplementationToApiElementsSideEffectKt: loaded 2 times (x 68B)
Class org.jetbrains.kotlin.gradle.tasks.publishing.HelpersKt$addPgpSignatureHelpers$1 : loaded 2 times (x 72B)
Class org.jetbrains.kotlin.gradle.internal.properties.NativePropertiesLoader$actualNativeHomeDirectory$3: loaded 2 times (x 72B)
Class org.jetbrains.kotlin.gradle.report.BuildReportMode                              : loaded 2 times (x 76B)
Class org.jetbrains.kotlin.statistics.metrics.StringAnonymizationPolicy$RegexControlled: loaded 2 times (x 76B)
Class org.jetbrains.kotlin.statistics.ValueAnonymizer                                 : loaded 2 times (x 67B)
Class org.jetbrains.kotlin.gradle.plugin.VariantImplementationFactories$Companion$getProvider$2$1$1: loaded 2 times (x 72B)
Class org.jetbrains.kotlin.gradle.plugin.internal.ProjectIsolationStartParameterAccessor$Factory: loaded 2 times (x 67B)
Class org.jetbrains.kotlin.metadata.jvm.JvmProtoBuf$1                                 : loaded 2 times (x 68B)
Class org.jetbrains.kotlin.metadata.ProtoBuf$VersionRequirement                       : loaded 2 times (x 113B)
Class kotlin.ranges.RangesKt___RangesKt                                               : loaded 2 times (x 68B)
Class org.jetbrains.kotlin.gradle.tasks.KotlinCompile$disableMultiModuleIC$2$1        : loaded 2 times (x 72B)
Class com.google.common.collect.AbstractIterator$State                                : loaded 2 times (x 76B)
Class com.google.common.collect.ImmutableMultimap$2                                   : loaded 2 times (x 78B)
Class org.jetbrains.kotlin.gradle.tasks.DefaultKotlinJavaToolchain$javaExecutable$1   : loaded 2 times (x 72B)
Class org.jetbrains.kotlin.build.report.metrics.BuildAttribute                        : loaded 2 times (x 76B)
Class org.jetbrains.kotlin.gradle.internal.transforms.BuildToolsApiClasspathEntrySnapshotTransform$Inject1: loaded 2 times (x 110B)
Class org.jetbrains.kotlin.gradle.plugin.mpp.compilationImpl.KotlinCompilationRegisterInSourceSetsConfigurator: loaded 2 times (x 71B)
Class org.jetbrains.kotlin.gradle.plugin.mpp.compilationImpl.factory.DefaultKotlinCompilationTaskNamesContainerFactory: loaded 2 times (x 71B)
Class org.jetbrains.kotlin.gradle.plugin.mpp.compilationImpl.DefaultKotlinCompilationFriendPathsResolver$FriendArtifactResolver$Companion: loaded 2 times (x 68B)
Class org.jetbrains.kotlin.gradle.targets.native.internal.CommonizerTasksKt           : loaded 2 times (x 68B)
Class [Lorg.jetbrains.kotlin.gradle.targets.js.npm.NpmDependency$Scope;               : loaded 2 times (x 66B)
Class org.jetbrains.kotlin.gradle.plugin.KotlinCompilerPluginSupportPlugin            : loaded 2 times (x 67B)
Class org.jetbrains.kotlin.gradle.plugin.mpp.AbstractKotlinTarget$components$2        : loaded 2 times (x 76B)
Class org.jetbrains.kotlin.gradle.targets.CreateNonPackedKlibVariantsSideEffectKt$CreateNonPackedKlibVariantsSideEffect$1: loaded 2 times (x 71B)
Class org.jetbrains.kotlin.gradle.plugin.mpp.KotlinUsages$setupAttributesMatchingStrategy$1: loaded 2 times (x 71B)
Class org.jetbrains.kotlin.gradle.tasks.publishing.HelpersKt$addPgpSignatureHelpers$2 : loaded 2 times (x 71B)
Class org.jetbrains.kotlin.gradle.plugin.KotlinGradleBuildServices$Companion$registerIfAbsent$2$1$1: loaded 2 times (x 72B)
Class org.jetbrains.kotlin.gradle.plugin.PropertiesProvider$preciseCompilationResultsBackup$1: loaded 2 times (x 76B)
Class org.jetbrains.kotlin.gradle.internal.diagnostics.AgpCompatibilityCheck$runAgpCompatibilityCheckIfAgpIsApplied$1$1: loaded 2 times (x 72B)
Class org.jetbrains.kotlin.gradle.utils.AndroidPluginIdsKt                            : loaded 2 times (x 68B)
Class org.jetbrains.kotlin.gradle.plugin.KotlinBasePlugin                             : loaded 2 times (x 67B)
Class com.google.common.collect.RegularImmutableBiMap                                 : loaded 2 times (x 146B)
Class com.google.common.base.CharMatcher$Negated                                      : loaded 2 times (x 110B)
Class com.google.common.base.CharMatcher$Is                                           : loaded 2 times (x 108B)
Class com.google.common.cache.LocalCache$ValueReference                               : loaded 2 times (x 67B)
Class org.jetbrains.org.objectweb.asm.Opcodes                                         : loaded 2 times (x 67B)
Class org.jetbrains.kotlin.descriptors.annotations.Annotated                          : loaded 2 times (x 67B)
Class org.jetbrains.kotlin.descriptors.SourceElement$1                                : loaded 2 times (x 71B)
Class org.jetbrains.kotlin.com.intellij.openapi.diagnostic.Attachment                 : loaded 2 times (x 69B)
Class kotlin.collections.ArraysKt                                                     : loaded 2 times (x 68B)
Class com.google.common.hash.PrimitiveSink                                            : loaded 2 times (x 67B)
Class org.jetbrains.kotlin.gradle.tasks.internal.KotlinJvmOptionsCompat               : loaded 2 times (x 98B)
Class org.jetbrains.kotlin.descriptors.SourceElement                                  : loaded 2 times (x 67B)
Class com.google.common.base.PatternCompiler                                          : loaded 2 times (x 67B)
Class org.jetbrains.kotlin.gradle.tasks.abi.KotlinLegacyAbiDumpTaskImpl$Companion     : loaded 2 times (x 68B)
Class org.jetbrains.kotlin.gradle.dsl.abi.AbiFiltersSpec                              : loaded 2 times (x 67B)
Class org.jetbrains.kotlin.gradle.utils.FutureKt                                      : loaded 2 times (x 68B)
Class org.jetbrains.kotlin.gradle.plugin.statistics.BuildFinishFlowAction             : loaded 2 times (x 73B)
Class org.jetbrains.kotlin.gradle.targets.native.internal.PlatformLibrariesGenerator$GeneratedPlatformLibrariesService: loaded 2 times (x 73B)
Class org.jetbrains.kotlin.gradle.logging.GradleLoggingUtilsKt                        : loaded 2 times (x 68B)
Class org.jetbrains.kotlin.gradle.plugin.KotlinAndroidPluginWrapper                   : loaded 2 times (x 83B)
Class com.google.common.util.concurrent.AbstractFuture$Failure                        : loaded 2 times (x 69B)
Class com.google.common.base.Equivalence$Equals                                       : loaded 2 times (x 79B)
Class com.google.common.collect.Hashing                                               : loaded 2 times (x 68B)
Class com.google.common.base.Preconditions                                            : loaded 2 times (x 68B)
Class org.jetbrains.kotlin.metadata.ProtoBuf$Expression$1                             : loaded 2 times (x 141B)
Class org.jetbrains.kotlin.descriptors.DescriptorVisibility                           : loaded 2 times (x 75B)
Class kotlin.collections.SetsKt__SetsKt                                               : loaded 2 times (x 68B)
Class kotlin.LazyKt                                                                   : loaded 2 times (x 68B)
Class com.google.common.collect.ByFunctionOrdering                                    : loaded 2 times (x 112B)
Class com.google.common.collect.ImmutableSetMultimap                                  : loaded 2 times (x 177B)
Class com.google.common.io.CharSink                                                   : loaded 2 times (x 76B)
Class org.jetbrains.kotlin.compilerRunner.GradleCompilerRunner$Companion              : loaded 2 times (x 68B)
Class [Lorg.jetbrains.kotlin.gradle.dsl.PlatformSourceSetConventionsChecker$CheckedPlatformInfo;: loaded 2 times (x 66B)
Class org.jetbrains.kotlin.gradle.plugin.diagnostics.KotlinGradleProjectCheckerContext: loaded 2 times (x 69B)
Class org.jetbrains.kotlin.gradle.plugin.diagnostics.checkers.DuplicateSourceSetChecker: loaded 2 times (x 71B)
Class org.jetbrains.kotlin.gradle.plugin.diagnostics.ToolingDiagnosticFactory         : loaded 2 times (x 70B)
Class org.jetbrains.kotlin.gradle.targets.KotlinTargetSideEffect                      : loaded 2 times (x 67B)
Class org.jetbrains.kotlin.gradle.plugin.DefaultKotlinBasePlugin$setupAttributeMatchingStrategy$1$1: loaded 2 times (x 76B)
Class org.jetbrains.kotlin.statistics.metrics.NumericalMetrics$Companion              : loaded 2 times (x 68B)
Class [Lorg.jetbrains.kotlin.statistics.metrics.NumberAnonymizationPolicy;            : loaded 2 times (x 66B)
Class org.jetbrains.kotlin.statistics.metrics.NumberOverridePolicy$OVERRIDE           : loaded 2 times (x 82B)
Class org.jetbrains.kotlin.gradle.internal.properties.PropertiesBuildService$property$1: loaded 2 times (x 76B)
Class com.google.common.base.Joiner$1                                                 : loaded 2 times (x 77B)
Class org.objectweb.asm.Label                                                         : loaded 2 times (x 70B)
Class org.objectweb.asm.CurrentFrame                                                  : loaded 2 times (x 70B)
Class org.objectweb.asm.ClassTooLargeException                                        : loaded 2 times (x 80B)
Class com.google.common.base.CharMatcher                                              : loaded 2 times (x 108B)
Class com.google.gson.stream.JsonReader                                               : loaded 2 times (x 94B)
Class com.google.common.collect.PeekingIterator                                       : loaded 2 times (x 67B)
Class org.jetbrains.kotlin.metadata.ProtoBuf$ExpressionOrBuilder                      : loaded 2 times (x 67B)
Class [Lorg.jetbrains.kotlin.metadata.ProtoBuf$Type$Argument$Projection;              : loaded 2 times (x 66B)
Class org.jetbrains.org.objectweb.asm.RecordComponentWriter                           : loaded 2 times (x 75B)
Class kotlin.collections.ArraysKt__ArraysJVMKt                                        : loaded 2 times (x 68B)
Class org.jetbrains.kotlin.cli.common.messages.MessageCollector$Companion$NONE$1      : loaded 2 times (x 73B)
Class com.google.common.io.ByteSource$AsCharSource                                    : loaded 2 times (x 83B)
Class com.google.common.collect.MapMakerInternalMap$InternalEntryHelper               : loaded 2 times (x 67B)
Class com.google.common.collect.Table                                                 : loaded 2 times (x 67B)
Class com.google.common.collect.Maps$IteratorBasedAbstractMap                         : loaded 2 times (x 122B)
Class org.jetbrains.kotlin.gradle.tasks.configuration.AbstractKotlinCompileConfig$2$2$1: loaded 2 times (x 72B)
Class org.jetbrains.kotlin.build.report.metrics.BuildAttributes$Companion             : loaded 2 times (x 68B)
Class org.jetbrains.kotlin.gradle.tasks.KotlinCompilationTask                         : loaded 2 times (x 67B)
Class org.jetbrains.kotlin.gradle.plugin.mpp.compilationImpl.factory.KotlinCompilationImplFactory$ProcessResourcesTaskNameFactory: loaded 2 times (x 67B)
Class com.google.common.collect.RangeGwtSerializationDependencies                     : loaded 2 times (x 68B)
Class org.jetbrains.kotlin.gradle.internal.properties.PropertiesBuildService$property$2: loaded 2 times (x 76B)
Class org.jetbrains.kotlin.gradle.internal.KotlinDependenciesManagementKt             : loaded 2 times (x 68B)
Class org.jetbrains.kotlin.gradle.plugin.DefaultKotlinBasePlugin$setupAttributeMatchingStrategy$1$2: loaded 2 times (x 76B)
Class org.jetbrains.kotlin.gradle.targets.native.internal.PlatformLibrariesGenerator$Companion: loaded 2 times (x 68B)
Class org.jetbrains.kotlin.gradle.plugin.statistics.KotlinBuildStatsLoggerService     : loaded 2 times (x 69B)
Class org.jetbrains.kotlin.gradle.plugin.internal.CustomPropertiesFileValueSource$Inject: loaded 2 times (x 110B)
Class com.google.common.base.Joiner$2                                                 : loaded 2 times (x 76B)
Class org.objectweb.asm.Frame                                                         : loaded 2 times (x 70B)
Class org.objectweb.asm.MethodVisitor                                                 : loaded 2 times (x 102B)
Class com.google.common.base.CharMatcher$NamedFastMatcher                             : loaded 2 times (x 109B)
Class com.google.common.base.CharMatcher$1                                            : loaded 2 times (x 110B)
Class com.google.common.cache.LocalCache$EntryFactory$1                               : loaded 2 times (x 80B)
Class [Lcom.google.common.cache.RemovalListener;                                      : loaded 2 times (x 66B)
Class org.jetbrains.kotlin.metadata.ProtoBuf$EnumEntryOrBuilder                       : loaded 2 times (x 67B)
Class kotlin.jvm.internal.CallableReference$NoReceiver                                : loaded 2 times (x 68B)
Class org.jetbrains.kotlin.descriptors.ValidateableDescriptor                         : loaded 2 times (x 67B)
Class org.jetbrains.kotlin.metadata.jvm.JvmProtoBuf$JvmPropertySignature$1            : loaded 2 times (x 141B)
Class org.jetbrains.org.objectweb.asm.MethodWriter                                    : loaded 2 times (x 103B)
Class kotlin.text.StringsKt__StringBuilderKt                                          : loaded 2 times (x 68B)
Class org.jetbrains.kotlin.gradle.plugin.mpp.InternalKotlinTargetKt$special$$inlined$extrasStoredFuture$1: loaded 2 times (x 76B)
Class org.jetbrains.kotlin.tooling.core.ExtrasProperty                                : loaded 2 times (x 67B)
Class org.jetbrains.kotlin.compilerRunner.UsesCompilerSystemPropertiesService         : loaded 2 times (x 67B)
Class org.jetbrains.kotlin.gradle.plugin.mpp.compilationImpl.KotlinCompilationSourceSetInclusion$Companion: loaded 2 times (x 68B)
Class com.google.common.collect.RangeSet                                              : loaded 2 times (x 67B)
Class org.jetbrains.kotlin.konan.target.KonanTarget$WATCHOS_DEVICE_ARM64              : loaded 2 times (x 75B)
Class org.jetbrains.kotlin.gradle.plugin.diagnostics.checkers.MissingNativeStdlibChecker$runChecks$1: loaded 2 times (x 85B)
Class [Lorg.jetbrains.kotlin.gradle.plugin.sources.android.AndroidVariantType;        : loaded 2 times (x 66B)
Class org.jetbrains.kotlin.gradle.plugin.sources.android.AndroidVariantType           : loaded 2 times (x 76B)
Class org.jetbrains.kotlin.gradle.plugin.mpp.KotlinTargetSoftwareComponent            : loaded 2 times (x 86B)
Class org.jetbrains.kotlin.gradle.plugin.mpp.KotlinVariant                            : loaded 2 times (x 98B)
Class org.jetbrains.kotlin.gradle.targets.native.ConfigureFrameworkExportSideEffectKt : loaded 2 times (x 68B)
Class org.jetbrains.kotlin.gradle.utils.WhenPluginEnabledKt                           : loaded 2 times (x 68B)
Class org.jetbrains.kotlin.gradle.plugin.VariantImplementationFactories               : loaded 2 times (x 72B)
Class org.jetbrains.kotlin.gradle.internal.diagnostics.KotlinCompilerEmbeddableCheck  : loaded 2 times (x 68B)
Class com.google.common.cache.LocalCache$EntryFactory$2                               : loaded 2 times (x 80B)
Class org.gradle.api.internal.classpath.GlobalCacheRootsProvider                      : loaded 2 times (x 67B)
Class kotlin.Lazy                                                                     : loaded 2 times (x 67B)
Class kotlin.NoWhenBranchMatchedException                                             : loaded 2 times (x 79B)
Class org.jetbrains.kotlin.tooling.core.Extras$Entry$Companion                        : loaded 2 times (x 68B)
Class com.google.common.collect.CollectCollectors                                     : loaded 2 times (x 68B)
Class org.jetbrains.kotlin.gradle.targets.js.dsl.KotlinWasmWasiTargetDsl              : loaded 2 times (x 67B)
Class org.jetbrains.kotlin.gradle.plugin.diagnostics.checkers.DisabledNativeTargetsChecker: loaded 2 times (x 71B)
Class org.jetbrains.kotlin.gradle.plugin.mpp.compilationImpl.KotlinCreateSourcesJarTaskSideEffectKt$KotlinCreateSourcesJarTaskSideEffect$1: loaded 2 times (x 71B)
Class org.jetbrains.kotlin.gradle.internal.CompilerArgumentAware                      : loaded 2 times (x 67B)
Class org.jetbrains.kotlin.gradle.utils.ReportUtilsKt                                 : loaded 2 times (x 68B)
Class org.jetbrains.kotlin.gradle.utils.StoredLazyProperty                            : loaded 2 times (x 72B)
Class org.objectweb.asm.ModuleWriter                                                  : loaded 2 times (x 79B)
Class com.google.common.cache.LocalCache$EntryFactory$3                               : loaded 2 times (x 80B)
Class com.google.common.base.Ticker$1                                                 : loaded 2 times (x 69B)
Class com.google.common.collect.Maps$BiMapConverter                                   : loaded 2 times (x 87B)
Class com.google.common.collect.ImmutableMapEntrySet$RegularEntrySet                  : loaded 2 times (x 149B)
Class [Lorg.jetbrains.kotlin.metadata.ProtoBuf$Expression$ConstantValue;              : loaded 2 times (x 66B)
Class org.jetbrains.kotlin.metadata.ProtoBuf$Effect                                   : loaded 2 times (x 112B)
Class org.jetbrains.org.objectweb.asm.tree.InsnNode                                   : loaded 2 times (x 75B)
Class [Lkotlin.jvm.functions.Function1;                                               : loaded 2 times (x 66B)
Class org.jetbrains.org.objectweb.asm.RecordComponentVisitor                          : loaded 2 times (x 74B)
Class Native_plugin_loader_gradle$NativePluginLoader                                  : loaded 2 times (x 69B)
Class org.jetbrains.kotlin.gradle.tasks.K2MultiplatformStructure_Decorated            : loaded 2 times (x 132B)
Class org.jetbrains.kotlin.compilerRunner.GradleCompilerRunner                        : loaded 2 times (x 70B)
Class com.google.common.collect.SetMultimap                                           : loaded 2 times (x 67B)
Class org.jetbrains.kotlin.gradle.dsl.AndroidMainSourceSetConventionsChecker$runChecks$1: loaded 2 times (x 85B)
Class org.jetbrains.kotlin.gradle.plugin.diagnostics.IsAttachedToTerminalValueSource  : loaded 2 times (x 77B)
Class org.jetbrains.kotlin.gradle.plugin.sources.FragmentConsistencyChecks            : loaded 2 times (x 69B)
Class org.jetbrains.kotlin.gradle.plugin.mpp.InternalKotlinTargetComponent            : loaded 2 times (x 90B)
Class org.jetbrains.kotlin.gradle.targets.CreateNonPackedKlibVariantsSideEffectKt     : loaded 2 times (x 68B)
Class org.jetbrains.kotlin.gradle.targets.CreateDefaultTestRunSideEffectKt$special$$inlined$KotlinTargetSideEffect$1: loaded 2 times (x 71B)
Class org.jetbrains.kotlin.gradle.utils.ProviderApiUtilsKt                            : loaded 2 times (x 68B)
Class org.jetbrains.kotlin.gradle.plugin.mpp.apple.swiftexport.internal.SwiftExportInitKt$maybeCreateSwiftExportClasspathDependenciesConfiguration$1: loaded 2 times (x 76B)
Class org.jetbrains.kotlin.gradle.targets.native.UsesKonanPropertiesBuildService      : loaded 2 times (x 67B)
Class org.jetbrains.kotlin.gradle.internal.properties.NativePropertiesLoader$forceDisableRunningInProcess$1: loaded 2 times (x 72B)
Class org.jetbrains.kotlin.gradle.utils.PersistentCachesKt                            : loaded 2 times (x 68B)
Class org.jetbrains.kotlin.gradle.internal.tasks.TaskWithLocalState                   : loaded 2 times (x 67B)
Class org.jetbrains.kotlin.gradle.plugin.statistics.KotlinBuildStatisticsUtilsKt      : loaded 2 times (x 68B)
Class org.jetbrains.kotlin.statistics.metrics.BooleanMetrics                          : loaded 2 times (x 77B)
Class org.jetbrains.kotlin.gradle.internal.properties.PropertiesBuildService$Params   : loaded 2 times (x 67B)
Class org.jetbrains.kotlin.gradle.internal.diagnostics.GradleCompatibilityCheck       : loaded 2 times (x 68B)
Class com.google.common.base.CharMatcher$InRange                                      : loaded 2 times (x 108B)
Class com.google.common.cache.LocalCache$EntryFactory$4                               : loaded 2 times (x 80B)
Class com.google.common.collect.ImmutableSet$Builder                                  : loaded 2 times (x 82B)
Class org.jetbrains.kotlin.descriptors.Visibility                                     : loaded 2 times (x 76B)
Class org.jetbrains.kotlin.protobuf.RopeByteString$RopeInputStream                    : loaded 2 times (x 89B)
Class org.jetbrains.kotlin.protobuf.CodedInputStream                                  : loaded 2 times (x 69B)
Class org.jetbrains.org.objectweb.asm.MethodTooLargeException                         : loaded 2 times (x 80B)
Class org.jetbrains.org.objectweb.asm.Context                                         : loaded 2 times (x 69B)
Class kotlin.sequences.ConstrainedOnceSequence                                        : loaded 2 times (x 72B)
Class com.google.common.collect.ReverseOrdering                                       : loaded 2 times (x 112B)
Class com.google.common.io.ByteStreams$1                                              : loaded 2 times (x 82B)
Class org.jetbrains.kotlin.gradle.plugin.sources.KotlinDependencyScopeKt$WhenMappings : loaded 2 times (x 68B)
Class org.jetbrains.kotlin.gradle.tasks.K2MultiplatformCompilationTask                : loaded 2 times (x 67B)
Class org.jetbrains.kotlin.gradle.plugin.diagnostics.checkers.OverriddenKotlinNativeHomeChecker$StdlibExistenceCheckerValueSource$Inject: loaded 2 times (x 106B)
Class org.jetbrains.kotlin.gradle.utils.ConfigurationsKt$maybeCreateDependencyScope$1 : loaded 2 times (x 75B)
Class org.jetbrains.kotlin.gradle.plugin.sources.FragmentConsistencyChecks$languageVersionCheck$1: loaded 2 times (x 76B)
Class org.jetbrains.kotlin.gradle.plugin.mpp.DecoratedKotlinCompilation               : loaded 2 times (x 188B)
Class org.jetbrains.kotlin.gradle.plugin.diagnostics.checkers.ExperimentalTryNextUsageChecker: loaded 2 times (x 71B)
Class [Lorg.jetbrains.kotlin.gradle.plugin.diagnostics.ToolingDiagnostic$Severity;    : loaded 2 times (x 66B)
Class [Lorg.jetbrains.kotlin.gradle.plugin.KotlinPlatformType;                        : loaded 2 times (x 66B)
Class org.jetbrains.kotlin.gradle.plugin.statistics.UsesBuildFusService               : loaded 2 times (x 67B)
Class org.jetbrains.kotlin.gradle.plugin.statistics.old.Pre232IdeaKotlinBuildStatsBeanService: loaded 2 times (x 92B)
Class org.jetbrains.kotlin.statistics.metrics.NumberOverridePolicy$AVERAGE            : loaded 2 times (x 82B)
Class org.jetbrains.kotlin.gradle.plugin.VariantImplementationFactories$Parameters$Inject: loaded 2 times (x 103B)
Class org.jetbrains.kotlin.gradle.plugin.BuildFinishedListenerService$Companion$registerIfAbsent$1$1: loaded 2 times (x 76B)
Class org.jetbrains.kotlin.gradle.internal.diagnostics.GradleCompatibilityCheck$CurrentGradleVersionProvider: loaded 2 times (x 67B)
Class com.google.common.cache.LocalCache$EntryFactory$5                               : loaded 2 times (x 80B)
Class org.jetbrains.kotlin.metadata.ProtoBuf$1                                        : loaded 2 times (x 68B)
Class org.jetbrains.kotlin.mpp.DeclarationSymbolMarker                                : loaded 2 times (x 67B)
Class org.jetbrains.kotlin.protobuf.MessageLite$Builder                               : loaded 2 times (x 67B)
Class org.jetbrains.org.objectweb.asm.CurrentFrame                                    : loaded 2 times (x 70B)
Class kotlin.jvm.internal.markers.KMappedMarker                                       : loaded 2 times (x 67B)
Class org.jetbrains.kotlin.metadata.ProtoBuf$Annotation$Argument$Value$Type           : loaded 2 times (x 79B)
Class com.google.common.collect.HashMultimap                                          : loaded 2 times (x 171B)
Class org.jetbrains.kotlin.gradle.plugin.mpp.MppSourcesJarKt$sourcesJarTaskNamed$result$1: loaded 2 times (x 76B)
Class org.jetbrains.kotlin.gradle.tasks.configuration.BaseKotlinCompileConfig$1       : loaded 2 times (x 76B)
Class org.jetbrains.kotlin.gradle.plugin.mpp.compilationImpl.factory.ConfigurationNaming$Default: loaded 2 times (x 72B)
Class org.jetbrains.kotlin.gradle.plugin.mpp.compilationImpl.KotlinCompilationSourceSetInclusion: loaded 2 times (x 69B)
Class org.jetbrains.kotlin.gradle.plugin.KotlinBaseApiPlugin                          : loaded 2 times (x 115B)
Class org.jetbrains.kotlin.gradle.targets.jvm.KotlinJvmTarget                         : loaded 2 times (x 163B)
Class org.jetbrains.kotlin.gradle.targets.js.dsl.KotlinWasmJsTargetDsl                : loaded 2 times (x 67B)
Class org.jetbrains.kotlin.gradle.plugin.diagnostics.checkers.DisabledNativeTargetsChecker$runChecks$1: loaded 2 times (x 85B)
Class org.jetbrains.kotlin.gradle.plugin.KotlinPluginLifecycleImpl$await$2$1          : loaded 2 times (x 76B)
Class org.jetbrains.kotlin.gradle.plugin.diagnostics.ToolingDiagnosticRenderingOptionsKt$WhenMappings: loaded 2 times (x 68B)
Class org.jetbrains.kotlin.gradle.plugin.sources.DefaultLanguageSettingsBuilder       : loaded 2 times (x 97B)
Class org.jetbrains.kotlin.gradle.plugin.sources.FragmentConsistencyChecks$languageVersionCheck$2: loaded 2 times (x 75B)
Class org.jetbrains.kotlin.gradle.targets.CreateTargetConfigurationsSideEffectKt$CreateTargetConfigurationsSideEffect$1: loaded 2 times (x 71B)
Class org.jetbrains.kotlin.gradle.dsl.KotlinPublishingDsl                             : loaded 2 times (x 67B)
Class org.jetbrains.kotlin.gradle.dsl.KotlinTargetContainerWithPresetFunctions        : loaded 2 times (x 67B)
Class org.jetbrains.kotlin.gradle.utils.GradleConfigurationUtilsKt                    : loaded 2 times (x 68B)
Class org.jetbrains.kotlin.gradle.plugin.internal.CustomPropertiesFileValueSource$Parameters: loaded 2 times (x 67B)
Class org.jetbrains.kotlin.gradle.plugin.UsesBuildFinishedListenerService             : loaded 2 times (x 67B)
Class com.google.common.cache.LocalCache$EntryFactory$6                               : loaded 2 times (x 80B)
Class org.gradle.internal.installation.CurrentGradleInstallationLocator               : loaded 2 times (x 68B)
Class org.jetbrains.kotlin.metadata.ProtoBuf$VersionRequirement$Level$1               : loaded 2 times (x 71B)
Class org.jetbrains.kotlin.protobuf.FieldSet$1                                        : loaded 2 times (x 68B)
Class org.jetbrains.org.objectweb.asm.tree.LdcInsnNode                                : loaded 2 times (x 75B)
Class org.jetbrains.kotlin.cli.common.messages.CompilerMessageSeverity$Companion      : loaded 2 times (x 68B)
Class com.google.common.io.ByteSource$SlicedByteSource                                : loaded 2 times (x 82B)
Class com.google.common.collect.ImmutableMultimap$Builder                             : loaded 2 times (x 83B)
Class org.objectweb.asm.ClassReader                                                   : loaded 2 times (x 91B)
Class org.jetbrains.kotlin.gradle.tasks.DefaultKotlinJavaToolchain$getToolsJarFromJvm$1: loaded 2 times (x 72B)
Class org.jetbrains.kotlin.build.report.metrics.GcMetrics                             : loaded 2 times (x 69B)
Class org.jetbrains.kotlin.gradle.plugin.diagnostics.UsesKotlinToolingDiagnosticsKt   : loaded 2 times (x 68B)
Class org.jetbrains.kotlin.gradle.tasks.configuration.BaseKotlinCompileConfig$2       : loaded 2 times (x 76B)
Class com.google.common.collect.Maps$KeySet                                           : loaded 2 times (x 134B)
Class org.jetbrains.kotlin.gradle.plugin.KotlinJvmFactory                             : loaded 2 times (x 67B)
Class org.jetbrains.kotlin.konan.target.KonanTarget$IOS_X64                           : loaded 2 times (x 75B)
Class org.jetbrains.kotlin.gradle.internal.IsInIdeaEnvironmentValueSource$Inject      : loaded 2 times (x 97B)
Class org.jetbrains.kotlin.gradle.plugin.mpp.InternalKotlinCompilation                : loaded 2 times (x 67B)
Class org.jetbrains.kotlin.gradle.utils.WhenEvaluatedKt                               : loaded 2 times (x 68B)
Class org.jetbrains.kotlin.gradle.targets.native.internal.AddKotlinPlatformIntegersSupportLibraryKt: loaded 2 times (x 68B)
Class org.jetbrains.kotlin.gradle.plugin.AbstractKotlinJsPluginWrapper                : loaded 2 times (x 83B)
Class org.jetbrains.kotlin.gradle.tasks.publishing.CheckSigningTask                   : loaded 2 times (x 333B)
Class org.jetbrains.kotlin.gradle.plugin.internal.MavenPublicationComponentAccessor   : loaded 2 times (x 67B)
Class org.jetbrains.kotlin.gradle.fus.BuildUidService                                 : loaded 2 times (x 77B)
Class org.jetbrains.kotlin.gradle.plugin.KotlinPluginWrapperKt                        : loaded 2 times (x 68B)
Class com.google.common.cache.LocalCache$EntryFactory$7                               : loaded 2 times (x 80B)
Class com.google.common.collect.ImmutableSet$EmptySetBuilderImpl                      : loaded 2 times (x 73B)
Class com.google.common.collect.ImmutableList                                         : loaded 2 times (x 203B)
Class org.gradle.internal.service.DefaultServiceLocator                               : loaded 2 times (x 80B)
Class org.jetbrains.kotlin.gradle.plugin.CompilerPluginConfig                         : loaded 2 times (x 69B)
Class org.jetbrains.kotlin.metadata.ProtoBuf$Class$Kind$1                             : loaded 2 times (x 71B)
Class org.jetbrains.kotlin.protobuf.SmallSortedMap$Entry                              : loaded 2 times (x 85B)
Class org.jetbrains.kotlin.metadata.ProtoBuf$Package$1                                : loaded 2 times (x 141B)
Class org.jetbrains.org.objectweb.asm.SymbolTable                                     : loaded 2 times (x 69B)
Class org.jetbrains.org.objectweb.asm.tree.UnsupportedClassVersionException           : loaded 2 times (x 79B)
Class build_4aui4tclos8c9y2x8xnm6nb58                                                 : loaded 2 times (x 178B)
Class com.google.common.cache.LocalCache$SoftValueReference                           : loaded 2 times (x 94B)
Class com.google.common.collect.ImmutableMultimap$EntryCollection                     : loaded 2 times (x 125B)
Class com.google.common.collect.Maps$EntrySet                                         : loaded 2 times (x 133B)
Class org.jetbrains.kotlin.gradle.tasks.configuration.BaseKotlinCompileConfig$1$1$1   : loaded 2 times (x 72B)
Class org.jetbrains.kotlin.gradle.tasks.KotlinCompile$scriptExtensions$1              : loaded 2 times (x 76B)
Class org.jetbrains.kotlin.gradle.tasks.K2MultiplatformStructure$Fragment             : loaded 2 times (x 69B)
Class org.jetbrains.kotlin.compilerRunner.CompilerSystemPropertiesService$Companion$registerIfAbsent$1: loaded 2 times (x 72B)
Class org.jetbrains.kotlin.metadata.ProtoBuf$TypeParameter$Variance$1                 : loaded 2 times (x 71B)
Class org.jetbrains.kotlin.gradle.plugin.diagnostics.checkers.WasmJsEnvironmentChecker: loaded 2 times (x 73B)
Class org.jetbrains.kotlin.gradle.plugin.diagnostics.checkers.AndroidPluginWithoutAndroidTargetChecker: loaded 2 times (x 71B)
Class org.jetbrains.kotlin.gradle.plugin.statistics.FlowActionBuildFusService$getConfigurationTimeMetrics$1: loaded 2 times (x 72B)
Class org.jetbrains.kotlin.gradle.plugin.statistics.SynchronizedMetricsContainer      : loaded 2 times (x 79B)
Class org.jetbrains.kotlin.statistics.metrics.NumberOverridePolicy                    : loaded 2 times (x 82B)
Class org.jetbrains.kotlin.statistics.metrics.StringAnonymizationPolicy$AllowedListAnonymizer$Companion: loaded 2 times (x 68B)
Class org.jetbrains.kotlin.gradle.plugin.internal.DefaultProjectIsolationStartParameterAccessor_Decorated: loaded 2 times (x 122B)
Class org.jetbrains.kotlin.gradle.plugin.internal.ProjectIsolationStartParameterAccessorKt: loaded 2 times (x 68B)
Class org.jetbrains.kotlin.gradle.testing.internal.KotlinTestsRegistry                : loaded 2 times (x 69B)
Class com.google.common.cache.LocalCache$EntryFactory$8                               : loaded 2 times (x 80B)
Class com.google.common.collect.ImmutableSet$SetBuilderImpl                           : loaded 2 times (x 73B)
Class org.gradle.internal.installation.CurrentGradleInstallation                      : loaded 2 times (x 70B)
Class org.jetbrains.kotlin.metadata.ProtoBuf$Annotation$ArgumentOrBuilder             : loaded 2 times (x 67B)
Class org.jetbrains.kotlin.protobuf.FieldSet$FieldDescriptorLite                      : loaded 2 times (x 67B)
Class org.jetbrains.kotlin.protobuf.AbstractMessageLite                               : loaded 2 times (x 95B)
Class org.jetbrains.org.objectweb.asm.ModuleWriter                                    : loaded 2 times (x 79B)
Class org.jetbrains.kotlin.gradle.tasks.configuration.BaseKotlinCompileConfig$1$1$2   : loaded 2 times (x 72B)
Class org.jetbrains.kotlin.gradle.tasks.KotlinCompilerExecutionStrategy               : loaded 2 times (x 76B)
Class org.jetbrains.kotlin.gradle.plugin.mpp.InternalKotlinCompilationKt$awaitAllKotlinSourceSets$1: loaded 2 times (x 85B)
Class org.jetbrains.kotlin.gradle.plugin.statistics.FusMetrics                        : loaded 2 times (x 67B)
Class org.jetbrains.kotlin.gradle.plugin.sources.DefaultKotlinSourceSet$special$$inlined$Iterable$1: loaded 2 times (x 76B)
Class org.jetbrains.kotlin.gradle.plugin.mpp.compilationImpl.factory.KotlinCompilationImplFactory$KotlinCompilerOptionsFactory$Options: loaded 2 times (x 69B)
Class org.jetbrains.kotlin.gradle.plugin.diagnostics.ToolingDiagnosticRenderingOptionsKt: loaded 2 times (x 68B)
Class org.jetbrains.kotlin.gradle.plugin.KotlinCompilation                            : loaded 2 times (x 67B)
Class org.jetbrains.kotlin.gradle.tasks.publishing.HelpersKt                          : loaded 2 times (x 68B)
Class org.jetbrains.kotlin.gradle.plugin.KotlinTargetConfiguratorKt                   : loaded 2 times (x 68B)
Class org.jetbrains.kotlin.gradle.targets.native.internal.PlatformLibrariesGenerator  : loaded 2 times (x 69B)
Class org.jetbrains.kotlin.tooling.core.Extras$Type$Companion                         : loaded 2 times (x 68B)
Class com.google.common.cache.CacheLoader$1                                           : loaded 2 times (x 72B)
Class com.google.common.collect.ImmutableList$SubList                                 : loaded 2 times (x 206B)
Class org.gradle.util.internal.GUtil                                                  : loaded 2 times (x 68B)
Class org.jetbrains.kotlin.metadata.jvm.JvmProtoBuf$StringTableTypes$Record           : loaded 2 times (x 116B)
Class org.jetbrains.kotlin.protobuf.FieldSet                                          : loaded 2 times (x 69B)
Class [Lorg.jetbrains.org.objectweb.asm.Label;                                        : loaded 2 times (x 66B)
Class kotlin.io.NoSuchFileException                                                   : loaded 2 times (x 79B)
Class kotlin.collections.CollectionsKt                                                : loaded 2 times (x 68B)
Class com.google.common.io.ByteSource                                                 : loaded 2 times (x 81B)
Class org.jetbrains.kotlin.gradle.tasks.configuration.BaseKotlinCompileConfig$1$1$3   : loaded 2 times (x 72B)
Class org.jetbrains.kotlin.gradle.plugin.mpp.InternalKotlinTargetKt$isSourcesPublishableFuture$2: loaded 2 times (x 92B)
Class org.jetbrains.kotlin.gradle.plugin.mpp.KotlinCompilationFactory                 : loaded 2 times (x 67B)
Class org.jetbrains.kotlin.gradle.dsl.IosSourceSetConventionChecker$runChecks$1       : loaded 2 times (x 85B)
Class org.jetbrains.kotlin.gradle.plugin.mpp.AbstractKotlinCompilation                : loaded 2 times (x 188B)
Class org.jetbrains.kotlin.gradle.plugin.diagnostics.checkers.UnusedSourceSetsChecker : loaded 2 times (x 71B)
Class org.jetbrains.kotlin.gradle.utils.Future                                        : loaded 2 times (x 67B)
Class org.jetbrains.kotlin.gradle.plugin.statistics.KotlinBuildStatsConfiguration$Companion: loaded 2 times (x 68B)
Class com.google.common.cache.AbstractCache$StatsCounter                              : loaded 2 times (x 67B)
Class [Lorg.jetbrains.kotlin.metadata.ProtoBuf$MemberKind;                            : loaded 2 times (x 66B)
Class org.jetbrains.kotlin.metadata.ProtoBuf$Package                                  : loaded 2 times (x 126B)
Class org.jetbrains.kotlin.metadata.ProtoBuf$Annotation$Argument$Value$Type$1         : loaded 2 times (x 71B)
Class org.jetbrains.kotlin.metadata.ProtoBuf$TypeTableOrBuilder                       : loaded 2 times (x 67B)
Class org.jetbrains.kotlin.metadata.ProtoBuf$TypeOrBuilder                            : loaded 2 times (x 67B)
Class com.google.common.io.LineBuffer                                                 : loaded 2 times (x 72B)
Class com.google.common.collect.MapMakerInternalMap$1                                 : loaded 2 times (x 80B)
Class org.objectweb.asm.Context                                                       : loaded 2 times (x 69B)
Class org.jetbrains.kotlin.gradle.plugin.attributes.KlibPackaging                     : loaded 2 times (x 67B)
Class org.jetbrains.kotlin.gradle.plugin.mpp.KotlinTargetSoftwareComponentImplKt      : loaded 2 times (x 68B)
Class org.jetbrains.kotlin.gradle.internal.abi.AbiFiltersSpecImpl                     : loaded 2 times (x 83B)
Class org.jetbrains.kotlin.gradle.targets.js.dsl.KotlinJsSubTargetContainerDsl        : loaded 2 times (x 67B)
Class org.jetbrains.kotlin.tooling.core.MutableExtrasImpl$Companion                   : loaded 2 times (x 68B)
Class org.jetbrains.kotlin.gradle.plugin.statistics.BuildFinishFlowProviderManager_Decorated: loaded 2 times (x 116B)
Class org.jetbrains.kotlin.gradle.internal.ClassLoadersCachingBuildService$Parameters : loaded 2 times (x 67B)
Class org.jetbrains.kotlin.gradle.plugin.KotlinGradleBuildServices$Companion$registerIfAbsent$1: loaded 2 times (x 72B)
Class org.jetbrains.kotlin.statistics.fileloggers.MetricsContainer                    : loaded 2 times (x 74B)
Class org.jetbrains.kotlin.gradle.plugin.internal.ProjectIsolationStartParameterAccessor: loaded 2 times (x 67B)
Class org.jetbrains.kotlin.gradle.utils.StoredProperty                                : loaded 2 times (x 67B)
Class com.google.common.collect.Iterators$MergingIterator                             : loaded 2 times (x 78B)
Class com.google.common.collect.RegularImmutableSet                                   : loaded 2 times (x 146B)
Class org.gradle.internal.installation.GradleInstallation                             : loaded 2 times (x 72B)
Class org.jetbrains.kotlin.metadata.deserialization.ProtoTypeTableUtilKt              : loaded 2 times (x 68B)
Class [Lorg.jetbrains.kotlin.descriptors.DescriptorVisibility;                        : loaded 2 times (x 66B)
Class kotlin.collections.CollectionsKt__IteratorsJVMKt$iterator$1                     : loaded 2 times (x 76B)
Class jdk.internal.jimage.decompressor.ResourceDecompressor$StringsProvider           : loaded 2 times (x 67B)
Class com.google.common.collect.LexicographicalOrdering                               : loaded 2 times (x 112B)
Class com.google.common.base.Splitter$Strategy                                        : loaded 2 times (x 67B)
Class org.jetbrains.kotlin.gradle.dsl.KotlinJvmCompile$DefaultImpls                   : loaded 2 times (x 68B)
Class org.jetbrains.kotlin.gradle.plugin.mpp.compilationImpl.factory.KotlinCompilationImplFactory$create$1: loaded 2 times (x 72B)
Class org.jetbrains.kotlin.gradle.tasks.KotlinJavaToolchain                           : loaded 2 times (x 67B)
Class org.jetbrains.kotlin.gradle.plugin.statistics.FlowActionBuildFusService$Inject  : loaded 2 times (x 101B)
Class org.jetbrains.kotlin.statistics.metrics.BooleanMetrics$Companion                : loaded 2 times (x 68B)
Class org.jetbrains.kotlin.gradle.plugin.internal.CompatibilityConventionRegistrar    : loaded 2 times (x 67B)
Class org.jetbrains.kotlin.gradle.plugin.AndroidGradlePluginVersion                   : loaded 2 times (x 72B)
Class com.google.common.collect.Iterables                                             : loaded 2 times (x 68B)
Class org.jetbrains.kotlin.metadata.ProtoBuf$Annotation$Builder                       : loaded 2 times (x 133B)
Class kotlin.jvm.KotlinReflectionNotSupportedError                                    : loaded 2 times (x 79B)
Class org.jetbrains.kotlin.metadata.jvm.JvmProtoBuf$StringTableTypes$Record$Operation : loaded 2 times (x 79B)
Class org.jetbrains.kotlin.com.intellij.openapi.diagnostic.DefaultLogger              : loaded 2 times (x 97B)
Class build_5h84n3wjbradfpmv6flxns9wl                                                 : loaded 2 times (x 177B)
Class org.jetbrains.kotlin.gradle.plugin.mpp.KotlinJvmCompilation                     : loaded 2 times (x 197B)
Class org.jetbrains.kotlin.gradle.plugin.KotlinCompilation$Companion                  : loaded 2 times (x 68B)
Class com.google.common.collect.Lists$RandomAccessReverseList                         : loaded 2 times (x 197B)
Class org.jetbrains.kotlin.konan.target.KonanTarget$WATCHOS_ARM64                     : loaded 2 times (x 75B)
Class org.jetbrains.kotlin.konan.target.KonanTarget$MACOS_ARM64                       : loaded 2 times (x 75B)
Class org.jetbrains.kotlin.gradle.plugin.diagnostics.checkers.OverriddenKotlinNativeHomeChecker: loaded 2 times (x 71B)
Class org.jetbrains.kotlin.gradle.artifacts.KotlinJvmJarArtifactKt$KotlinJvmJarArtifact$1: loaded 2 times (x 71B)
Class org.jetbrains.kotlin.gradle.targets.native.SetupEmbedAndSignAppleFrameworkTaskSideEffectKt: loaded 2 times (x 68B)
Class org.jetbrains.kotlin.gradle.plugin.KotlinProjectSetupActionKt$KotlinProjectSetupCoroutine$1: loaded 2 times (x 72B)
Class org.jetbrains.kotlin.gradle.dsl.ToolchainSupport$Companion                      : loaded 2 times (x 68B)
Class org.jetbrains.kotlin.gradle.plugin.KotlinSourceSet                              : loaded 2 times (x 67B)

---------------  S Y S T E M  ---------------

OS:
 Windows 11 , 64 bit Build 22621 (10.0.22621.3958)
OS uptime: 0 days 16:16 hours

CPU: total 4 (initial active 4) (2 cores per cpu, 2 threads per core) family 6 model 69 stepping 1 microcode 0x26, cx8, cmov, fxsr, ht, mmx, sse, sse2, sse3, ssse3, sse4.1, sse4.2, popcnt, lzcnt, tsc, tscinvbit, avx, avx2, aes, erms, clmul, bmi1, bmi2, fma, vzeroupper, clflush, rdtscp, f16c
Processor Information for all 4 processors :
  Max Mhz: 2601, Current Mhz: 2601, Mhz Limit: 2601

Memory: 4k page, system-wide physical 8100M (399M free)
TotalPageFile size 32676M (AvailPageFile size 69M)
current process WorkingSet (physical memory assigned to process): 531M, peak: 1846M
current process commit charge ("private bytes"): 2275M, peak: 2280M

vm_info: OpenJDK 64-Bit Server VM (21.0.3+-12282718-b509.11) for windows-amd64 JRE (21.0.3+-12282718-b509.11), built on 2024-08-27T17:34:15Z by "builder" with MS VC++ 16.10 / 16.11 (VS2019)

END.
