#
# There is insufficient memory for the Java Runtime Environment to continue.
# Native memory allocation (mmap) failed to map 65536 bytes. Error detail: Failed to commit metaspace.
# Possible reasons:
#   The system is out of physical RAM or swap space
#   This process is running with CompressedOops enabled, and the Java Heap may be blocking the growth of the native heap
# Possible solutions:
#   Reduce memory load on the system
#   Increase physical memory or swap space
#   Check if swap backing store is full
#   Decrease Java heap size (-Xmx/-Xms)
#   Decrease number of Java threads
#   Decrease Java thread stack sizes (-Xss)
#   Set larger code cache with -XX:ReservedCodeCacheSize=
#   JVM is running with Zero Based Compressed Oops mode in which the Java heap is
#     placed in the first 32GB address space. The Java Heap base address is the
#     maximum limit for the native heap growth. Please use -XX:HeapBaseMinAddress
#     to set the Java Heap base and to place the Java Heap above 32GB virtual address.
# This output file may be truncated or incomplete.
#
#  Out of Memory Error (virtualSpaceNode.cpp:112), pid=20532, tid=20820
#
# JRE version: OpenJDK Runtime Environment (21.0.3) (build 21.0.3+-12282718-b509.11)
# Java VM: OpenJDK 64-Bit Server VM (21.0.3+-12282718-b509.11, mixed mode, tiered, compressed oops, compressed class ptrs, g1 gc, windows-amd64)
# No core dump will be written. Minidumps are not enabled by default on client versions of Windows
#

---------------  S U M M A R Y ------------

Command Line: --add-opens=java.base/java.lang=ALL-UNNAMED --add-opens=java.base/java.lang.invoke=ALL-UNNAMED --add-opens=java.base/java.util=ALL-UNNAMED --add-opens=java.prefs/java.util.prefs=ALL-UNNAMED --add-exports=jdk.compiler/com.sun.tools.javac.api=ALL-UNNAMED --add-exports=jdk.compiler/com.sun.tools.javac.util=ALL-UNNAMED --add-opens=java.base/java.util=ALL-UNNAMED --add-opens=java.prefs/java.util.prefs=ALL-UNNAMED --add-opens=java.base/java.nio.charset=ALL-UNNAMED --add-opens=java.base/java.net=ALL-UNNAMED --add-opens=java.base/java.util.concurrent.atomic=ALL-UNNAMED --add-opens=java.xml/javax.xml.namespace=ALL-UNNAMED -XX:MaxMetaspaceSize=4G -XX:ReservedCodeCacheSize=512m -XX:+HeapDumpOnOutOfMemoryError -Xmx8G -Dfile.encoding=UTF-8 -Duser.country=US -Duser.language=en -Duser.variant -javaagent:C:\Users\WinOS\.gradle\wrapper\dists\gradle-8.14-all\c2qonpi39x1mddn7hk5gh9iqj\gradle-8.14\lib\agents\gradle-instrumentation-agent-8.14.jar org.gradle.launcher.daemon.bootstrap.GradleDaemon 8.14

Host: Intel(R) Core(TM) i5-4278U CPU @ 2.60GHz, 4 cores, 7G,  Windows 11 , 64 bit Build 22621 (10.0.22621.3958)
Time: Sat Jun 27 13:06:38 2026 Greenwich Standard Time elapsed time: 2557.511413 seconds (0d 0h 42m 37s)

---------------  T H R E A D  ---------------

Current thread (0x0000015079b68420):  JavaThread "Daemon worker"        [_thread_in_vm, id=20820, stack(0x0000003afce00000,0x0000003afcf00000) (1024K)]

Stack: [0x0000003afce00000,0x0000003afcf00000]
Native frames: (J=compiled Java code, j=interpreted, Vv=VM code, C=native code)
V  [jvm.dll+0x6cafb9]
V  [jvm.dll+0x858523]
V  [jvm.dll+0x85aa7e]
V  [jvm.dll+0x85b163]
V  [jvm.dll+0x27d356]
V  [jvm.dll+0x8533fe]
V  [jvm.dll+0x66f385]
V  [jvm.dll+0x1e2941]
V  [jvm.dll+0x1e270e]
V  [jvm.dll+0x671cd8]
V  [jvm.dll+0x671b12]
V  [jvm.dll+0x66fd7e]
V  [jvm.dll+0x2687af]
V  [jvm.dll+0x679d65]
V  [jvm.dll+0x2145fc]
V  [jvm.dll+0x214b45]
V  [jvm.dll+0x215526]
V  [jvm.dll+0x20a579]
V  [jvm.dll+0x5ad9c3]
V  [jvm.dll+0x7d0960]
V  [jvm.dll+0x7d0a8e]
V  [jvm.dll+0x46aae8]
V  [jvm.dll+0x470418]
C  [java.dll+0x17ec]

Java frames: (J=compiled Java code, j=interpreted, Vv=VM code)
J 1026  java.lang.ClassLoader.defineClass1(Ljava/lang/ClassLoader;Ljava/lang/String;[BIILjava/security/ProtectionDomain;Ljava/lang/String;)Ljava/lang/Class; java.base@21.0.3 (0 bytes) @ 0x0000015058413d91 [0x0000015058413cc0+0x00000000000000d1]
J 27293 c2 java.net.URLClassLoader$1.run()Ljava/lang/Object; java.base@21.0.3 (5 bytes) @ 0x000001505976ab50 [0x00000150597691a0+0x00000000000019b0]
J 3044 c2 java.net.URLClassLoader.findClass(Ljava/lang/String;)Ljava/lang/Class; java.base@21.0.3 (47 bytes) @ 0x000001505853c6a8 [0x000001505853c5e0+0x00000000000000c8]
J 27570 c2 java.lang.ClassLoader.loadClass(Ljava/lang/String;Z)Ljava/lang/Class; java.base@21.0.3 (121 bytes) @ 0x000001505979b428 [0x000001505979aac0+0x0000000000000968]
J 3689 c2 java.lang.ClassLoader.loadClass(Ljava/lang/String;)Ljava/lang/Class; java.base@21.0.3 (7 bytes) @ 0x00000150583e11ec [0x00000150583e11a0+0x000000000000004c]
v  ~StubRoutines::call_stub 0x0000015057e0100d
J 1026  java.lang.ClassLoader.defineClass1(Ljava/lang/ClassLoader;Ljava/lang/String;[BIILjava/security/ProtectionDomain;Ljava/lang/String;)Ljava/lang/Class; java.base@21.0.3 (0 bytes) @ 0x0000015058413d91 [0x0000015058413cc0+0x00000000000000d1]
J 27293 c2 java.net.URLClassLoader$1.run()Ljava/lang/Object; java.base@21.0.3 (5 bytes) @ 0x000001505976ab50 [0x00000150597691a0+0x00000000000019b0]
J 3044 c2 java.net.URLClassLoader.findClass(Ljava/lang/String;)Ljava/lang/Class; java.base@21.0.3 (47 bytes) @ 0x000001505853c6a8 [0x000001505853c5e0+0x00000000000000c8]
J 27570 c2 java.lang.ClassLoader.loadClass(Ljava/lang/String;Z)Ljava/lang/Class; java.base@21.0.3 (121 bytes) @ 0x000001505979b428 [0x000001505979aac0+0x0000000000000968]
J 3689 c2 java.lang.ClassLoader.loadClass(Ljava/lang/String;)Ljava/lang/Class; java.base@21.0.3 (7 bytes) @ 0x00000150583e11ec [0x00000150583e11a0+0x000000000000004c]
v  ~StubRoutines::call_stub 0x0000015057e0100d
j  kotlin.collections.ArrayDeque.incremented(I)I+5
j  kotlin.collections.ArrayDeque.removeFirst()Ljava/lang/Object;+43
j  com.android.tools.idea.gradle.project.sync.AndroidExtraModelProviderKt$flattenDag$2.invokeSuspend(Ljava/lang/Object;)Ljava/lang/Object;+94
j  kotlin.coroutines.jvm.internal.BaseContinuationImpl.resumeWith(Ljava/lang/Object;)V+44
j  kotlin.sequences.SequenceBuilderIterator.hasNext()Z+113
j  kotlin.sequences.SequencesKt___SequencesKt.toList(Lkotlin/sequences/Sequence;)Ljava/util/List;+14
j  com.android.tools.idea.gradle.project.sync.AndroidExtraModelProviderKt.flattenDag(Ljava/lang/Object;Lkotlin/jvm/functions/Function1;Lkotlin/jvm/functions/Function1;)Ljava/util/List;+17
j  com.android.tools.idea.gradle.project.sync.AndroidExtraModelProviderKt.buildModelsAndMap(Lorg/gradle/tooling/model/gradle/GradleBuild;Lorg/gradle/tooling/BuildController;)Lcom/android/tools/idea/gradle/project/sync/BuildModelsAndMap;+35
j  com.android.tools.idea.gradle.project.sync.AndroidExtraModelProviderKt.access$buildModelsAndMap(Lorg/gradle/tooling/model/gradle/GradleBuild;Lorg/gradle/tooling/BuildController;)Lcom/android/tools/idea/gradle/project/sync/BuildModelsAndMap;+2
j  com.android.tools.idea.gradle.project.sync.AndroidExtraModelProviderImpl$populateBuildModels$buildModelsAndMap$1.invoke()Lcom/android/tools/idea/gradle/project/sync/BuildModelsAndMap;+8
j  com.android.tools.idea.gradle.project.sync.AndroidExtraModelProviderImpl$populateBuildModels$buildModelsAndMap$1.invoke()Ljava/lang/Object;+1
j  com.android.tools.idea.projectsystem.gradle.sync.Counter.invoke(Lkotlin/jvm/functions/Function0;)Ljava/lang/Object;+22
j  com.android.tools.idea.gradle.project.sync.AndroidExtraModelProviderImpl.populateBuildModels(Lorg/gradle/tooling/BuildController;Lorg/gradle/tooling/model/gradle/GradleBuild;Lorg/jetbrains/plugins/gradle/model/ProjectImportModelProvider$GradleModelConsumer;)V+55
j  com.android.tools.idea.gradle.project.sync.AndroidExtraModelProvider.populateBuildModels(Lorg/gradle/tooling/BuildController;Lorg/gradle/tooling/model/gradle/GradleBuild;Lorg/jetbrains/plugins/gradle/model/ProjectImportModelProvider$GradleModelConsumer;)V+25
j  com.intellij.gradle.toolingExtension.impl.modelAction.GradleModelFetchAction.lambda$populateModels$13(Lorg/gradle/tooling/model/gradle/GradleBuild;Lorg/jetbrains/plugins/gradle/model/ProjectImportModelProvider;Lorg/gradle/tooling/BuildController;Lorg/jetbrains/plugins/gradle/model/ProjectImportModelProvider$GradleModelConsumer;Lio/opentelemetry/api/trace/Span;)V+43
j  com.intellij.gradle.toolingExtension.impl.modelAction.GradleModelFetchAction$$Lambda+0x0000000801cc4da0.accept(Ljava/lang/Object;)V+20
J 39872 c1 com.intellij.gradle.toolingExtension.impl.telemetry.GradleOpenTelemetry$$Lambda+0x0000000801cbe8f8.apply(Ljava/lang/Object;)Ljava/lang/Object; (12 bytes) @ 0x000001504d322d2c [0x000001504d322ae0+0x000000000000024c]
J 39729 c1 com.intellij.gradle.toolingExtension.impl.telemetry.GradleOpenTelemetry.callWithSpan(Ljava/lang/String;Ljava/util/function/Consumer;Ljava/util/function/Function;)Ljava/lang/Object; (163 bytes) @ 0x000001504d2c76d4 [0x000001504d2c5a20+0x0000000000001cb4]
J 39870 c1 com.intellij.gradle.toolingExtension.impl.telemetry.GradleOpenTelemetry.runWithSpan(Ljava/lang/String;Ljava/util/function/Consumer;)V (31 bytes) @ 0x000001504d321f44 [0x000001504d321800+0x0000000000000744]
j  com.intellij.gradle.toolingExtension.impl.modelAction.GradleModelFetchAction.lambda$populateModels$15(Ljava/util/Collection;Ljava/util/Collection;Lcom/intellij/gradle/toolingExtension/impl/telemetry/GradleOpenTelemetry;Lorg/gradle/tooling/BuildController;Lorg/jetbrains/plugins/gradle/model/ProjectImportModelProvider$GradleModelConsumer;Lio/opentelemetry/api/trace/Span;)V+177
j  com.intellij.gradle.toolingExtension.impl.modelAction.GradleModelFetchAction$$Lambda+0x0000000801cbeb58.accept(Ljava/lang/Object;)V+24
j  com.intellij.gradle.toolingExtension.impl.telemetry.GradleOpenTelemetry.lambda$runWithSpan$1(Ljava/util/function/Consumer;Lio/opentelemetry/api/trace/Span;)Ljava/lang/Object;+2
j  com.intellij.gradle.toolingExtension.impl.telemetry.GradleOpenTelemetry$$Lambda+0x0000000801cbe8f8.apply(Ljava/lang/Object;)Ljava/lang/Object;+8
j  com.intellij.gradle.toolingExtension.impl.telemetry.GradleOpenTelemetry.callWithSpan(Ljava/lang/String;Ljava/util/function/Consumer;Ljava/util/function/Function;)Ljava/lang/Object;+67
j  com.intellij.gradle.toolingExtension.impl.telemetry.GradleOpenTelemetry.callWithSpan(Ljava/lang/String;Ljava/util/function/Function;)Ljava/lang/Object;+24
j  com.intellij.gradle.toolingExtension.impl.telemetry.GradleOpenTelemetry.runWithSpan(Ljava/lang/String;Ljava/util/function/Consumer;)V+26
j  com.intellij.gradle.toolingExtension.impl.modelAction.GradleModelFetchAction.populateModels(Lorg/gradle/tooling/BuildController;Lcom/intellij/gradle/toolingExtension/impl/telemetry/GradleOpenTelemetry;Lorg/jetbrains/plugins/gradle/model/ProjectImportModelProvider$GradleModelConsumer;Ljava/util/Collection;Ljava/util/Collection;)V+61
j  com.intellij.gradle.toolingExtension.impl.modelAction.GradleModelFetchAction.lambda$executeAction$10(Lcom/intellij/gradle/toolingExtension/modelAction/GradleModelFetchPhase;Lorg/gradle/tooling/BuildController;Lcom/intellij/gradle/toolingExtension/impl/telemetry/GradleOpenTelemetry;Lorg/jetbrains/plugins/gradle/model/ProjectImportModelProvider$GradleModelConsumer;Ljava/util/Collection;Lcom/intellij/gradle/toolingExtension/impl/modelAction/GradleDaemonModelHolder;Lio/opentelemetry/api/trace/Span;)V+26
j  com.intellij.gradle.toolingExtension.impl.modelAction.GradleModelFetchAction$$Lambda+0x0000000801cbe6a8.accept(Ljava/lang/Object;)V+32
j  com.intellij.gradle.toolingExtension.impl.telemetry.GradleOpenTelemetry.lambda$runWithSpan$1(Ljava/util/function/Consumer;Lio/opentelemetry/api/trace/Span;)Ljava/lang/Object;+2
j  com.intellij.gradle.toolingExtension.impl.telemetry.GradleOpenTelemetry$$Lambda+0x0000000801cbe8f8.apply(Ljava/lang/Object;)Ljava/lang/Object;+8
j  com.intellij.gradle.toolingExtension.impl.telemetry.GradleOpenTelemetry.callWithSpan(Ljava/lang/String;Ljava/util/function/Consumer;Ljava/util/function/Function;)Ljava/lang/Object;+67
j  com.intellij.gradle.toolingExtension.impl.telemetry.GradleOpenTelemetry.callWithSpan(Ljava/lang/String;Ljava/util/function/Function;)Ljava/lang/Object;+24
j  com.intellij.gradle.toolingExtension.impl.telemetry.GradleOpenTelemetry.runWithSpan(Ljava/lang/String;Ljava/util/function/Consumer;)V+26
j  com.intellij.gradle.toolingExtension.impl.modelAction.GradleModelFetchAction.lambda$executeAction$11(Lcom/intellij/gradle/toolingExtension/impl/telemetry/GradleOpenTelemetry;Lorg/gradle/tooling/BuildController;Lorg/jetbrains/plugins/gradle/model/ProjectImportModelProvider$GradleModelConsumer;Ljava/util/Collection;Lcom/intellij/gradle/toolingExtension/impl/modelAction/GradleDaemonModelHolder;Lcom/intellij/gradle/toolingExtension/modelAction/GradleModelFetchPhase;)V+21
j  com.intellij.gradle.toolingExtension.impl.modelAction.GradleModelFetchAction$$Lambda+0x0000000801cbe210.accept(Ljava/lang/Object;)V+28
J 20216 c2 java.lang.Iterable.forEach(Ljava/util/function/Consumer;)V java.base@21.0.3 (39 bytes) @ 0x00000150589a3cd0 [0x00000150589a3a00+0x00000000000002d0]
j  com.intellij.gradle.toolingExtension.impl.modelAction.GradleModelFetchAction.executeAction(Lorg/gradle/tooling/BuildController;Ljava/util/concurrent/ExecutorService;Lcom/intellij/gradle/toolingExtension/impl/telemetry/GradleOpenTelemetry;Lcom/intellij/gradle/toolingExtension/impl/modelAction/GradleDaemonModelHolder;)V+79
j  com.intellij.gradle.toolingExtension.impl.modelAction.GradleModelFetchAction.doExecute(Lorg/gradle/tooling/BuildController;Ljava/util/concurrent/ExecutorService;Lcom/intellij/gradle/toolingExtension/impl/telemetry/GradleOpenTelemetry;)Lcom/intellij/gradle/toolingExtension/impl/modelAction/GradleModelHolderState;+103
j  com.intellij.gradle.toolingExtension.impl.modelAction.GradleModelFetchAction.lambda$execute$1(Lorg/gradle/tooling/BuildController;Ljava/util/concurrent/ExecutorService;Lcom/intellij/gradle/toolingExtension/impl/telemetry/GradleOpenTelemetry;Lio/opentelemetry/api/trace/Span;)Lcom/intellij/gradle/toolingExtension/impl/modelAction/GradleModelHolderState;+4
j  com.intellij.gradle.toolingExtension.impl.modelAction.GradleModelFetchAction$$Lambda+0x000000080054f7b0.apply(Ljava/lang/Object;)Ljava/lang/Object;+20
j  com.intellij.gradle.toolingExtension.impl.telemetry.GradleOpenTelemetry.callWithSpan(Ljava/lang/String;Ljava/util/function/Consumer;Ljava/util/function/Function;)Ljava/lang/Object;+67
j  com.intellij.gradle.toolingExtension.impl.telemetry.GradleOpenTelemetry.callWithSpan(Ljava/lang/String;Ljava/util/function/Function;)Ljava/lang/Object;+24
j  com.intellij.gradle.toolingExtension.impl.modelAction.GradleModelFetchAction.lambda$execute$2(Lorg/gradle/tooling/BuildController;Ljava/util/concurrent/ExecutorService;Lcom/intellij/gradle/toolingExtension/impl/telemetry/GradleOpenTelemetry;)Lcom/intellij/gradle/toolingExtension/impl/modelAction/GradleModelHolderState;+13
j  com.intellij.gradle.toolingExtension.impl.modelAction.GradleModelFetchAction$$Lambda+0x000000080054e3a0.apply(Ljava/lang/Object;)Ljava/lang/Object;+16
j  com.intellij.gradle.toolingExtension.impl.modelAction.GradleModelFetchAction.withOpenTelemetry(Ljava/util/function/Function;)Lcom/intellij/gradle/toolingExtension/impl/modelAction/GradleModelHolderState;+27
j  com.intellij.gradle.toolingExtension.impl.modelAction.GradleModelFetchAction.lambda$execute$3(Lorg/gradle/tooling/BuildController;Ljava/util/concurrent/ExecutorService;)Lcom/intellij/gradle/toolingExtension/impl/modelAction/GradleModelHolderState;+9
j  com.intellij.gradle.toolingExtension.impl.modelAction.GradleModelFetchAction$$Lambda+0x000000080054dce0.apply(Ljava/lang/Object;)Ljava/lang/Object;+12
j  com.intellij.gradle.toolingExtension.impl.util.GradleExecutorServiceUtil.withSingleThreadExecutor(Ljava/lang/String;Ljava/util/function/Function;)Ljava/lang/Object;+31
j  com.intellij.gradle.toolingExtension.impl.modelAction.GradleModelFetchAction.execute(Lorg/gradle/tooling/BuildController;)Lcom/intellij/gradle/toolingExtension/impl/modelAction/GradleModelHolderState;+22
j  com.intellij.gradle.toolingExtension.impl.modelAction.GradleModelFetchAction.execute(Lorg/gradle/tooling/BuildController;)Ljava/lang/Object;+2
j  org.gradle.tooling.internal.consumer.connection.InternalBuildActionAdapter.execute(Lorg/gradle/tooling/internal/protocol/InternalBuildControllerVersion2;)Ljava/lang/Object;+11
j  org.gradle.tooling.internal.provider.runner.AbstractClientProvidedBuildActionRunner$ActionAdapter.executeAction(Ljava/lang/Object;Lorg/gradle/tooling/internal/provider/runner/DefaultBuildController;)Ljava/lang/Object;+12
j  org.gradle.tooling.internal.provider.runner.AbstractClientProvidedBuildActionRunner$ActionAdapter.runAction(Lorg/gradle/internal/buildtree/BuildTreeModelController;Ljava/lang/Object;Lorg/gradle/tooling/internal/protocol/PhasedActionResult$Phase;)V+29
j  org.gradle.tooling.internal.provider.runner.AbstractClientProvidedBuildActionRunner$ActionAdapter.fromBuildModel(Lorg/gradle/internal/buildtree/BuildTreeModelController;)Lorg/gradle/tooling/internal/provider/serialization/SerializedPayload;+14
j  org.gradle.tooling.internal.provider.runner.AbstractClientProvidedBuildActionRunner$ActionAdapter.fromBuildModel(Lorg/gradle/internal/buildtree/BuildTreeModelController;)Ljava/lang/Object;+2
j  org.gradle.internal.buildtree.DefaultBuildTreeModelCreator.fromBuildModel(Lorg/gradle/internal/buildtree/BuildTreeModelAction;)Ljava/lang/Object;+10
j  org.gradle.internal.buildtree.DefaultBuildTreeLifecycleController.lambda$fromBuildModel$2(Lorg/gradle/internal/buildtree/BuildTreeModelAction;Z)Lorg/gradle/internal/build/ExecutionResult;+57
j  org.gradle.internal.buildtree.DefaultBuildTreeLifecycleController$$Lambda+0x000000080052cd30.get()Ljava/lang/Object;+12
j  org.gradle.internal.buildtree.DefaultBuildTreeLifecycleController.lambda$runBuild$4(Ljava/util/function/Supplier;)Ljava/lang/Object;+1
j  org.gradle.internal.buildtree.DefaultBuildTreeLifecycleController$$Lambda+0x000000080052cf70.get()Ljava/lang/Object;+8
j  org.gradle.internal.model.StateTransitionController.lambda$transition$6(Ljava/util/function/Supplier;)Lorg/gradle/internal/build/ExecutionResult;+1
j  org.gradle.internal.model.StateTransitionController$$Lambda+0x000000080052d3f0.get()Ljava/lang/Object;+4
j  org.gradle.internal.model.StateTransitionController.doTransition(Lorg/gradle/internal/model/StateTransitionController$State;Lorg/gradle/internal/model/StateTransitionController$State;Ljava/util/function/Supplier;)Lorg/gradle/internal/build/ExecutionResult;+24
j  org.gradle.internal.model.StateTransitionController.lambda$transition$7(Lorg/gradle/internal/model/StateTransitionController$State;Lorg/gradle/internal/model/StateTransitionController$State;Ljava/util/function/Supplier;)Ljava/lang/Object;+9
j  org.gradle.internal.model.StateTransitionController$$Lambda+0x000000080052d1b0.create()Ljava/lang/Object;+16
j  org.gradle.internal.work.DefaultSynchronizer.withLock(Lorg/gradle/internal/Factory;)Ljava/lang/Object;+6
j  org.gradle.internal.model.StateTransitionController.transition(Lorg/gradle/internal/model/StateTransitionController$State;Lorg/gradle/internal/model/StateTransitionController$State;Ljava/util/function/Supplier;)Ljava/lang/Object;+13
j  org.gradle.internal.buildtree.DefaultBuildTreeLifecycleController.runBuild(Ljava/util/function/Supplier;)Ljava/lang/Object;+17
j  org.gradle.internal.buildtree.DefaultBuildTreeLifecycleController.fromBuildModel(ZLorg/gradle/internal/buildtree/BuildTreeModelAction;)Ljava/lang/Object;+9
j  org.gradle.tooling.internal.provider.runner.AbstractClientProvidedBuildActionRunner.runClientAction(Lorg/gradle/tooling/internal/provider/runner/AbstractClientProvidedBuildActionRunner$ClientAction;Lorg/gradle/internal/buildtree/BuildTreeLifecycleController;)Lorg/gradle/internal/buildtree/BuildActionRunner$Result;+22
j  org.gradle.tooling.internal.provider.runner.ClientProvidedPhasedActionRunner.run(Lorg/gradle/internal/invocation/BuildAction;Lorg/gradle/internal/buildtree/BuildTreeLifecycleController;)Lorg/gradle/internal/buildtree/BuildActionRunner$Result;+45
j  org.gradle.launcher.exec.ChainingBuildActionRunner.run(Lorg/gradle/internal/invocation/BuildAction;Lorg/gradle/internal/buildtree/BuildTreeLifecycleController;)Lorg/gradle/internal/buildtree/BuildActionRunner$Result;+34
j  org.gradle.internal.buildtree.ProblemReportingBuildActionRunner.run(Lorg/gradle/internal/invocation/BuildAction;Lorg/gradle/internal/buildtree/BuildTreeLifecycleController;)Lorg/gradle/internal/buildtree/BuildActionRunner$Result;+12
j  org.gradle.launcher.exec.BuildOutcomeReportingBuildActionRunner.run(Lorg/gradle/internal/invocation/BuildAction;Lorg/gradle/internal/buildtree/BuildTreeLifecycleController;)Lorg/gradle/internal/buildtree/BuildActionRunner$Result;+69
j  org.gradle.tooling.internal.provider.FileSystemWatchingBuildActionRunner.run(Lorg/gradle/internal/invocation/BuildAction;Lorg/gradle/internal/buildtree/BuildTreeLifecycleController;)Lorg/gradle/internal/buildtree/BuildActionRunner$Result;+317
j  org.gradle.launcher.exec.BuildCompletionNotifyingBuildActionRunner.run(Lorg/gradle/internal/invocation/BuildAction;Lorg/gradle/internal/buildtree/BuildTreeLifecycleController;)Lorg/gradle/internal/buildtree/BuildActionRunner$Result;+6
j  org.gradle.launcher.exec.RootBuildLifecycleBuildActionExecutor.lambda$execute$0(Lorg/gradle/internal/invocation/BuildAction;Lorg/gradle/internal/buildtree/BuildTreeLifecycleController;)Lorg/gradle/internal/buildtree/BuildActionRunner$Result;+6
j  org.gradle.launcher.exec.RootBuildLifecycleBuildActionExecutor$$Lambda+0x00000008004f1f20.apply(Ljava/lang/Object;)Ljava/lang/Object;+12
j  org.gradle.composite.internal.DefaultRootBuildState.run(Ljava/util/function/Function;)Ljava/lang/Object;+87
j  org.gradle.launcher.exec.RootBuildLifecycleBuildActionExecutor.execute(Lorg/gradle/internal/invocation/BuildAction;Lorg/gradle/internal/buildtree/BuildTreeContext;)Lorg/gradle/internal/buildtree/BuildActionRunner$Result;+75
j  org.gradle.internal.buildtree.InitDeprecationLoggingActionExecutor.execute(Lorg/gradle/internal/invocation/BuildAction;Lorg/gradle/internal/buildtree/BuildTreeContext;)Lorg/gradle/internal/buildtree/BuildActionRunner$Result;+83
j  org.gradle.internal.buildtree.InitProblems.execute(Lorg/gradle/internal/invocation/BuildAction;Lorg/gradle/internal/buildtree/BuildTreeContext;)Lorg/gradle/internal/buildtree/BuildActionRunner$Result;+13
j  org.gradle.internal.buildtree.DefaultBuildTreeContext.execute(Lorg/gradle/internal/invocation/BuildAction;)Lorg/gradle/internal/buildtree/BuildActionRunner$Result;+64
j  org.gradle.launcher.exec.BuildTreeLifecycleBuildActionExecutor.lambda$execute$0(Lorg/gradle/internal/invocation/BuildAction;Lorg/gradle/internal/buildtree/BuildTreeContext;)Lorg/gradle/internal/buildtree/BuildActionRunner$Result;+2
j  org.gradle.launcher.exec.BuildTreeLifecycleBuildActionExecutor$$Lambda+0x00000008003e5400.apply(Ljava/lang/Object;)Ljava/lang/Object;+8
j  org.gradle.internal.buildtree.BuildTreeState.run(Ljava/util/function/Function;)Ljava/lang/Object;+47
j  org.gradle.launcher.exec.BuildTreeLifecycleBuildActionExecutor.execute(Lorg/gradle/internal/invocation/BuildAction;Lorg/gradle/internal/session/BuildSessionContext;)Lorg/gradle/internal/buildtree/BuildActionRunner$Result;+74
j  org.gradle.launcher.exec.RunAsBuildOperationBuildActionExecutor$2.call(Lorg/gradle/internal/operations/BuildOperationContext;)Lorg/gradle/internal/buildtree/BuildActionRunner$Result;+25
j  org.gradle.launcher.exec.RunAsBuildOperationBuildActionExecutor$2.call(Lorg/gradle/internal/operations/BuildOperationContext;)Ljava/lang/Object;+2
j  org.gradle.internal.operations.DefaultBuildOperationRunner$CallableBuildOperationWorker.execute(Lorg/gradle/internal/operations/CallableBuildOperation;Lorg/gradle/internal/operations/BuildOperationContext;)V+3
j  org.gradle.internal.operations.DefaultBuildOperationRunner$CallableBuildOperationWorker.execute(Lorg/gradle/internal/operations/BuildOperation;Lorg/gradle/internal/operations/BuildOperationContext;)V+6
j  org.gradle.internal.operations.DefaultBuildOperationRunner$2.execute(Lorg/gradle/internal/operations/BuildOperationDescriptor;Lorg/gradle/internal/operations/BuildOperationState;Lorg/gradle/internal/operations/BuildOperationState;Lorg/gradle/internal/operations/DefaultBuildOperationRunner$ReadableBuildOperationContext;Lorg/gradle/internal/operations/DefaultBuildOperationRunner$BuildOperationExecutionListener;)Lorg/gradle/internal/operations/BuildOperation;+22
j  org.gradle.internal.operations.DefaultBuildOperationRunner$2.execute(Lorg/gradle/internal/operations/BuildOperationDescriptor;Lorg/gradle/internal/operations/BuildOperationState;Lorg/gradle/internal/operations/BuildOperationState;Lorg/gradle/internal/operations/DefaultBuildOperationRunner$ReadableBuildOperationContext;Lorg/gradle/internal/operations/DefaultBuildOperationRunner$BuildOperationExecutionListener;)Ljava/lang/Object;+8
j  org.gradle.internal.operations.DefaultBuildOperationRunner.execute(Lorg/gradle/internal/operations/BuildOperationDescriptor$Builder;Lorg/gradle/internal/operations/BuildOperationState;Lorg/gradle/internal/operations/DefaultBuildOperationRunner$BuildOperationExecution;)Ljava/lang/Object;+141
j  org.gradle.internal.operations.DefaultBuildOperationRunner.execute(Lorg/gradle/internal/operations/BuildOperation;Lorg/gradle/internal/operations/BuildOperationWorker;Lorg/gradle/internal/operations/BuildOperationState;)V+18
j  org.gradle.internal.operations.DefaultBuildOperationRunner.call(Lorg/gradle/internal/operations/CallableBuildOperation;)Ljava/lang/Object;+16
j  org.gradle.launcher.exec.RunAsBuildOperationBuildActionExecutor.execute(Lorg/gradle/internal/invocation/BuildAction;Lorg/gradle/internal/session/BuildSessionContext;)Lorg/gradle/internal/buildtree/BuildActionRunner$Result;+23
j  org.gradle.launcher.exec.RunAsWorkerThreadBuildActionExecutor.lambda$execute$0(Lorg/gradle/internal/invocation/BuildAction;Lorg/gradle/internal/session/BuildSessionContext;)Lorg/gradle/internal/buildtree/BuildActionRunner$Result;+6
j  org.gradle.launcher.exec.RunAsWorkerThreadBuildActionExecutor$$Lambda+0x00000008003b0d60.create()Ljava/lang/Object;+12
j  org.gradle.internal.work.DefaultWorkerLeaseService.withLocks(Ljava/util/Collection;Lorg/gradle/internal/Factory;)Ljava/lang/Object;+28
j  org.gradle.internal.work.DefaultWorkerLeaseService.runAsWorkerThread(Lorg/gradle/internal/Factory;)Ljava/lang/Object;+33
j  org.gradle.launcher.exec.RunAsWorkerThreadBuildActionExecutor.execute(Lorg/gradle/internal/invocation/BuildAction;Lorg/gradle/internal/session/BuildSessionContext;)Lorg/gradle/internal/buildtree/BuildActionRunner$Result;+12
j  org.gradle.tooling.internal.provider.continuous.ContinuousBuildActionExecutor.execute(Lorg/gradle/internal/invocation/BuildAction;Lorg/gradle/internal/session/BuildSessionContext;)Lorg/gradle/internal/buildtree/BuildActionRunner$Result;+58
j  org.gradle.tooling.internal.provider.SubscribableBuildActionExecutor.execute(Lorg/gradle/internal/invocation/BuildAction;Lorg/gradle/internal/session/BuildSessionContext;)Lorg/gradle/internal/buildtree/BuildActionRunner$Result;+30
j  org.gradle.internal.session.DefaultBuildSessionContext.execute(Lorg/gradle/internal/invocation/BuildAction;)Lorg/gradle/internal/buildtree/BuildActionRunner$Result;+64
j  org.gradle.internal.buildprocess.execution.BuildSessionLifecycleBuildActionExecutor$ActionImpl.apply(Lorg/gradle/internal/session/BuildSessionContext;)Lorg/gradle/launcher/exec/BuildActionResult;+6
j  org.gradle.internal.buildprocess.execution.BuildSessionLifecycleBuildActionExecutor$ActionImpl.apply(Ljava/lang/Object;)Ljava/lang/Object;+5
j  org.gradle.internal.session.BuildSessionState.run(Ljava/util/function/Function;)Ljava/lang/Object;+5
j  org.gradle.internal.buildprocess.execution.BuildSessionLifecycleBuildActionExecutor.execute(Lorg/gradle/internal/invocation/BuildAction;Lorg/gradle/launcher/exec/BuildActionParameters;Lorg/gradle/initialization/BuildRequestContext;)Lorg/gradle/launcher/exec/BuildActionResult;+95
j  org.gradle.internal.buildprocess.execution.BuildSessionLifecycleBuildActionExecutor.execute(Lorg/gradle/internal/invocation/BuildAction;Ljava/lang/Object;Ljava/lang/Object;)Lorg/gradle/launcher/exec/BuildActionResult;+10
j  org.gradle.internal.buildprocess.execution.StartParamsValidatingActionExecutor.execute(Lorg/gradle/internal/invocation/BuildAction;Lorg/gradle/launcher/exec/BuildActionParameters;Lorg/gradle/initialization/BuildRequestContext;)Lorg/gradle/launcher/exec/BuildActionResult;+203
j  org.gradle.internal.buildprocess.execution.StartParamsValidatingActionExecutor.execute(Lorg/gradle/internal/invocation/BuildAction;Ljava/lang/Object;Ljava/lang/Object;)Lorg/gradle/launcher/exec/BuildActionResult;+10
j  org.gradle.internal.buildprocess.execution.SessionFailureReportingActionExecutor.execute(Lorg/gradle/internal/invocation/BuildAction;Lorg/gradle/launcher/exec/BuildActionParameters;Lorg/gradle/initialization/BuildRequestContext;)Lorg/gradle/launcher/exec/BuildActionResult;+7
j  org.gradle.internal.buildprocess.execution.SessionFailureReportingActionExecutor.execute(Lorg/gradle/internal/invocation/BuildAction;Ljava/lang/Object;Ljava/lang/Object;)Lorg/gradle/launcher/exec/BuildActionResult;+10
j  org.gradle.internal.buildprocess.execution.SetupLoggingActionExecutor.execute(Lorg/gradle/internal/invocation/BuildAction;Lorg/gradle/launcher/exec/BuildActionParameters;Lorg/gradle/initialization/BuildRequestContext;)Lorg/gradle/launcher/exec/BuildActionResult;+50
j  org.gradle.internal.buildprocess.execution.SetupLoggingActionExecutor.execute(Lorg/gradle/internal/invocation/BuildAction;Ljava/lang/Object;Ljava/lang/Object;)Lorg/gradle/launcher/exec/BuildActionResult;+10
j  org.gradle.launcher.daemon.server.exec.ExecuteBuild.doBuild(Lorg/gradle/launcher/daemon/server/api/DaemonCommandExecution;Lorg/gradle/launcher/daemon/protocol/Build;)V+147
j  org.gradle.launcher.daemon.server.exec.BuildCommandOnly.execute(Lorg/gradle/launcher/daemon/server/api/DaemonCommandExecution;)V+49
j  org.gradle.launcher.daemon.server.api.DaemonCommandExecution.proceed()Z+23
j  org.gradle.launcher.daemon.server.exec.WatchForDisconnection.execute(Lorg/gradle/launcher/daemon/server/api/DaemonCommandExecution;)V+19
j  org.gradle.launcher.daemon.server.api.DaemonCommandExecution.proceed()Z+23
j  org.gradle.launcher.daemon.server.exec.ResetDeprecationLogger.execute(Lorg/gradle/launcher/daemon/server/api/DaemonCommandExecution;)V+7
j  org.gradle.launcher.daemon.server.api.DaemonCommandExecution.proceed()Z+23
j  org.gradle.launcher.daemon.server.exec.RequestStopIfSingleUsedDaemon.execute(Lorg/gradle/launcher/daemon/server/api/DaemonCommandExecution;)V+33
j  org.gradle.launcher.daemon.server.api.DaemonCommandExecution.proceed()Z+23
j  org.gradle.launcher.daemon.server.exec.ForwardClientInput.lambda$execute$0(Lorg/gradle/launcher/daemon/server/api/DaemonCommandExecution;Lorg/gradle/internal/daemon/clientinput/StdinHandler;)Ljava/lang/Object;+11
j  org.gradle.launcher.daemon.server.exec.ForwardClientInput$$Lambda+0x000000080029de60.apply(Ljava/lang/Object;)Ljava/lang/Object;+8
j  org.gradle.internal.daemon.clientinput.ClientInputForwarder.forwardInput(Ljava/util/function/Function;)Ljava/lang/Object;+46
j  org.gradle.launcher.daemon.server.exec.ForwardClientInput.execute(Lorg/gradle/launcher/daemon/server/api/DaemonCommandExecution;)V+10
j  org.gradle.launcher.daemon.server.api.DaemonCommandExecution.proceed()Z+23
j  org.gradle.launcher.daemon.server.exec.LogAndCheckHealth.execute(Lorg/gradle/launcher/daemon/server/api/DaemonCommandExecution;)V+51
j  org.gradle.launcher.daemon.server.api.DaemonCommandExecution.proceed()Z+23
j  org.gradle.launcher.daemon.server.exec.LogToClient.doBuild(Lorg/gradle/launcher/daemon/server/api/DaemonCommandExecution;Lorg/gradle/launcher/daemon/protocol/Build;)V+87
j  org.gradle.launcher.daemon.server.exec.BuildCommandOnly.execute(Lorg/gradle/launcher/daemon/server/api/DaemonCommandExecution;)V+49
j  org.gradle.launcher.daemon.server.api.DaemonCommandExecution.proceed()Z+23
j  org.gradle.launcher.daemon.server.exec.EstablishBuildEnvironment.doBuild(Lorg/gradle/launcher/daemon/server/api/DaemonCommandExecution;Lorg/gradle/launcher/daemon/protocol/Build;)V+356
j  org.gradle.launcher.daemon.server.exec.BuildCommandOnly.execute(Lorg/gradle/launcher/daemon/server/api/DaemonCommandExecution;)V+49
j  org.gradle.launcher.daemon.server.api.DaemonCommandExecution.proceed()Z+23
j  org.gradle.launcher.daemon.server.exec.StartBuildOrRespondWithBusy$1.run()V+44
j  org.gradle.launcher.daemon.server.DaemonStateCoordinator.lambda$runCommand$0(Ljava/lang/Runnable;)V+1
j  org.gradle.launcher.daemon.server.DaemonStateCoordinator$$Lambda+0x000000080029c918.run()V+8
j  org.gradle.internal.concurrent.ExecutorPolicy$CatchAndRecordFailures.onExecute(Ljava/lang/Runnable;)V+1
j  org.gradle.internal.concurrent.AbstractManagedExecutor$1.run()V+25
j  java.util.concurrent.ThreadPoolExecutor.runWorker(Ljava/util/concurrent/ThreadPoolExecutor$Worker;)V+92 java.base@21.0.3
j  java.util.concurrent.ThreadPoolExecutor$Worker.run()V+5 java.base@21.0.3
j  java.lang.Thread.runWith(Ljava/lang/Object;Ljava/lang/Runnable;)V+5 java.base@21.0.3
j  java.lang.Thread.run()V+19 java.base@21.0.3
v  ~StubRoutines::call_stub 0x0000015057e0100d

Compiled method (n/a) 2557646 1026     n 0       java.lang.ClassLoader::defineClass1 (native)
 total in heap  [0x0000015058413b10,0x0000015058414170] = 1632
 relocation     [0x0000015058413c70,0x0000015058413ca8] = 56
 main code      [0x0000015058413cc0,0x000001505841416f] = 1199
 stub code      [0x000001505841416f,0x0000015058414170] = 1

[Constant Pool (empty)]

[MachCode]
[Entry Point]
  # {method} {0x0000015075025008} 'defineClass1' '(Ljava/lang/ClassLoader;Ljava/lang/String;[BIILjava/security/ProtectionDomain;Ljava/lang/String;)Ljava/lang/Class;' in 'java/lang/ClassLoader'
  # parm0:    rdx:rdx   = 'java/lang/ClassLoader'
  # parm1:    r8:r8     = 'java/lang/String'
  # parm2:    r9:r9     = '[B'
  # parm3:    rdi       = int
  # parm4:    rsi       = int
  # parm5:    rcx:rcx   = 'java/security/ProtectionDomain'
  # parm6:    [sp+0xa0]   = 'java/lang/String'  (sp of caller)
  0x0000015058413cc0: 448b 5208 | 49bb 0000 | 0000 0800 | 0000 4d03 | d349 3bc2 | 0f84 0600 

  0x0000015058413cd8: ;   {runtime_call ic_miss_stub}
  0x0000015058413cd8: 0000 e9a1 | aaa3 ff90 
[Verified Entry Point]
  0x0000015058413ce0: 8984 2400 | 80ff ff55 | 488b ec48 | 81ec 9000 | 0000 6690 | 4181 7f20 | 3500 0000 

  0x0000015058413cfc: ;   {runtime_call StubRoutines (final stubs)}
  0x0000015058413cfc: 7405 e85d | 5ea2 ff48 | 837d 1000 | 488d 4510 | 480f 4445 | 1048 8944 | 2440 4889 | 4c24 7048 
  0x0000015058413d1c: 83f9 0048 | 8d44 2470 | 480f 4444 | 2470 4889 | 4424 3848 | 8974 2430 | 4889 7c24 | 284c 894c 
  0x0000015058413d3c: 2458 4983 | f900 488d | 4424 5848 | 0f44 4424 | 5848 8944 | 2420 4c89 | 4424 5049 | 83f8 004c 
  0x0000015058413d5c: 8d4c 2450 | 4c0f 444c | 2450 4889 | 5424 4848 | 83fa 004c | 8d44 2448 | 4c0f 4444 

  0x0000015058413d78: ;   {oop(a 'java/lang/Class'{0x0000000600400a48} = 'java/lang/ClassLoader')}
  0x0000015058413d78: 2448 49be | 480a 4000 | 0600 0000 | 4c89 7424 | 784c 8d74 | 2478 498b | d6c5 f877 

  0x0000015058413d94: ;   {internal_word}
  0x0000015058413d94: 49ba 913d | 4158 5001 | 0000 4d89 | 97a0 0300 | 0049 89a7 | 9803 0000 

  0x0000015058413dac: ;   {external_word}
  0x0000015058413dac: 49ba 0096 | 1f37 fd7f | 0000 4180 | 3a00 0f84 | 4e00 0000 | 5241 5041 

  0x0000015058413dc4: ;   {metadata({method} {0x0000015075025008} 'defineClass1' '(Ljava/lang/ClassLoader;Ljava/lang/String;[BIILjava/security/ProtectionDomain;Ljava/lang/String;)Ljava/lang/Class;' in 'java/lang/ClassLoader')}
  0x0000015058413dc4: 5148 ba00 | 5002 7550 | 0100 0049 | 8bcf 4883 | ec20 40f6 | c40f 0f84 | 1900 0000 | 4883 ec08 
  0x0000015058413de4: ;   {runtime_call}
  0x0000015058413de4: 48b8 701d | da36 fd7f | 0000 ffd0 | 4883 c408 | e90c 0000 

  0x0000015058413df8: ;   {runtime_call}
  0x0000015058413df8: 0048 b870 | 1dda 36fd | 7f00 00ff | d048 83c4 | 2041 5941 | 585a 498d | 8fb8 0300 | 0041 c787 
  0x0000015058413e18: 4c04 0000 | 0400 0000 

  0x0000015058413e20: ;   {runtime_call}
  0x0000015058413e20: 48b8 ac16 | 80ac fd7f | 0000 ffd0 | c5f8 7741 | c787 4c04 | 0000 0500 | 0000 f083 | 4424 c000 
  0x0000015058413e40: 493b af50 | 0400 000f | 870e 0000 | 0041 83bf | 4804 0000 | 000f 842b | 0000 00c5 | f877 4889 
  0x0000015058413e60: 45f8 498b | cf4c 8be4 | 4883 ec20 | 4883 e4f0 

  0x0000015058413e70: ;   {runtime_call}
  0x0000015058413e70: 48b8 4096 | a536 fd7f | 0000 ffd0 | 498b e44d | 33e4 488b | 45f8 41c7 | 874c 0400 | 0008 0000 
  0x0000015058413e90: 0041 83bf | c804 0000 | 020f 84a3 

  0x0000015058413e9c: ;   {external_word}
  0x0000015058413e9c: 0200 0049 | ba00 961f | 37fd 7f00 | 0041 803a | 000f 844c | 0000 0048 

  0x0000015058413eb4: ;   {metadata({method} {0x0000015075025008} 'defineClass1' '(Ljava/lang/ClassLoader;Ljava/lang/String;[BIILjava/security/ProtectionDomain;Ljava/lang/String;)Ljava/lang/Class;' in 'java/lang/ClassLoader')}
  0x0000015058413eb4: 8945 f848 | ba00 5002 | 7550 0100 | 0049 8bcf | 4883 ec20 | 40f6 c40f | 0f84 1900 | 0000 4883 
  0x0000015058413ed4: ;   {runtime_call}
  0x0000015058413ed4: ec08 48b8 | 701d da36 | fd7f 0000 | ffd0 4883 | c408 e90c 

  0x0000015058413ee8: ;   {runtime_call}
  0x0000015058413ee8: 0000 0048 | b870 1dda | 36fd 7f00 | 00ff d048 | 83c4 2048 | 8b45 f849 | c787 9803 | 0000 0000 
  0x0000015058413f08: 0000 49c7 | 87a0 0300 | 0000 0000 | 00c5 f877 | 4885 c00f | 84fe 0100 | 00a8 030f | 8508 0000 
  0x0000015058413f28: 0048 8b00 | e9ee 0100 | 00a8 010f | 8509 0000 | 0048 8b40 | fee9 dd01 | 0000 488b | 40ff 4180 
  0x0000015058413f48: 7f40 000f | 84ce 0100 | 0048 83f8 | 000f 84c4 | 0100 0049 | 8b4f 2848 | 83f9 000f | 8414 0000 
  0x0000015058413f68: 0048 83e9 | 0849 894f | 2849 034f | 3848 8901 | e9a2 0100 | 0048 81ec | d000 0000 | 4889 0424 
  0x0000015058413f88: 4889 4c24 | 0848 8954 | 2410 4889 | 7424 1848 | 897c 2420 | 4c89 4424 | 284c 894c | 2430 4c89 
  0x0000015058413fa8: 5424 384c | 895c 2440 | c5fb 1144 | 2450 c5fb | 114c 2458 | c5fb 1154 | 2460 c5fb | 115c 2468 
  0x0000015058413fc8: c5fb 1164 | 2470 c5fb | 116c 2478 | c5fb 11b4 | 2480 0000 | 00c5 fb11 | bc24 8800 | 0000 c57b 
  0x0000015058413fe8: ;   {no_reloc}
  0x0000015058413fe8: 1184 2490 | 0000 00c5 | 7b11 8c24 | 9800 0000 | c57b 1194 | 24a0 0000 | 00c5 7b11 | 9c24 a800 
  0x0000015058414008: 0000 c57b | 11a4 24b0 | 0000 00c5 | 7b11 ac24 | b800 0000 | c57b 11b4 | 24c0 0000 | 00c5 7b11 
  0x0000015058414028: bc24 c800 | 0000 498b | d748 8bc8 | 4883 ec20 | 40f6 c40f | 0f84 1900 | 0000 4883 

  0x0000015058414044: ;   {runtime_call}
  0x0000015058414044: ec08 48b8 | 80d1 9836 | fd7f 0000 | ffd0 4883 | c408 e90c 

  0x0000015058414058: ;   {runtime_call}
  0x0000015058414058: 0000 0048 | b880 d198 | 36fd 7f00 | 00ff d048 | 83c4 20c5 | 7b10 bc24 | c800 0000 | c57b 10b4 
  0x0000015058414078: 24c0 0000 | 00c5 7b10 | ac24 b800 | 0000 c57b | 10a4 24b0 | 0000 00c5 | 7b10 9c24 | a800 0000 
  0x0000015058414098: c57b 1094 | 24a0 0000 | 00c5 7b10 | 8c24 9800 | 0000 c57b | 1084 2490 | 0000 00c5 | fb10 bc24 
  0x00000150584140b8: 8800 0000 | c5fb 10b4 | 2480 0000 | 00c5 fb10 | 6c24 78c5 | fb10 6424 | 70c5 fb10 | 5c24 68c5 
  0x00000150584140d8: fb10 5424 | 60c5 fb10 | 4c24 58c5 | fb10 4424 | 504c 8b5c | 2440 4c8b | 5424 384c | 8b4c 2430 
  0x00000150584140f8: 4c8b 4424 | 2848 8b7c | 2420 488b | 7424 1848 | 8b54 2410 | 488b 4c24 | 0848 8b04 | 2448 81c4 
  0x0000015058414118: d000 0000 | c5f8 7749 | 8b8f 2804 | 0000 c781 | 0001 0000 | 0000 0000 | c949 837f | 0800 0f85 
  0x0000015058414138: 0100 0000 

  0x000001505841413c: ;   {runtime_call StubRoutines (initial stubs)}
  0x000001505841413c: c3e9 becd | 9eff c5f8 | 7748 8945 | f84c 8be4 | 4883 ec20 | 4883 e4f0 

  0x0000015058414154: ;   {runtime_call}
  0x0000015058414154: 48b8 1055 | da36 fd7f | 0000 ffd0 | 498b e44d | 33e4 488b | 45f8 e930 | fdff fff4 
[/MachCode]


Compiled method (c2) 2557687 27293       4       java.net.URLClassLoader$1::run (5 bytes)
 total in heap  [0x0000015059768810,0x00000150597762b0] = 55968
 relocation     [0x0000015059768970,0x0000015059769188] = 2072
 main code      [0x00000150597691a0,0x0000015059771380] = 33248
 stub code      [0x0000015059771380,0x0000015059771648] = 712
 oops           [0x0000015059771648,0x0000015059771688] = 64
 metadata       [0x0000015059771688,0x0000015059771c20] = 1432
 scopes data    [0x0000015059771c20,0x0000015059774608] = 10728
 scopes pcs     [0x0000015059774608,0x0000015059775658] = 4176
 dependencies   [0x0000015059775658,0x00000150597757e0] = 392
 handler table  [0x00000150597757e0,0x0000015059776158] = 2424
 nul chk table  [0x0000015059776158,0x00000150597762b0] = 344

[Constant Pool (empty)]

[MachCode]
[Entry Point]
  # {method} {0x000001507579ca18} 'run' '()Ljava/lang/Object;' in 'java/net/URLClassLoader$1'
  #           [sp+0xf0]  (sp of caller)
  0x00000150597691a0: 448b 5208 | 49bb 0000 | 0000 0800 | 0000 4d03 | d349 3bc2 

  0x00000150597691b4: ;   {runtime_call ic_miss_stub}
  0x00000150597691b4: 0f85 c655 | 6efe 6690 | 0f1f 4000 
[Verified Entry Point]
  0x00000150597691c0: 8984 2400 | 80ff ff55 | 4881 ece0 | 0000 0090 | 4181 7f20 | 3500 0000 | 0f85 9481 | 0000 4889 
  0x00000150597691e0: 5424 3844 | 8b42 0c47 | 8b4c c414 | 4b8d 14c4 | 4d8b 9780 | 0300 004d | 8b32 4380 | 7cc4 1000 
  0x0000015059769200: 0f85 013f | 0000 438b | 4ccc 0c85 | c90f 86d8 | 0300 008b | f9ff cf3b | f90f 83bd | 4c00 0044 
  0x0000015059769220: 8d51 fd4b | 8d34 cc43 | 807c cc10 | 2e0f 8443 | 2100 0041 | 83fa 010f | 8ec7 4c00 | 00bd 0100 
  0x0000015059769240: 0000 8bd9 | 2bdd 83c3 | fd45 33db | 443b d541 | 0f4c db81 | fba0 0f00 | 0041 bba0 | 0f00 0041 
  0x0000015059769260: 0f47 db03 | dd41 8bc2 | eb09 660f | 1f44 0000 | 418b eb4c | 63ed 460f | be5c 2e10 | 4183 fb2e 
  0x0000015059769280: 7457 460f | be54 2e11 | 4183 fa2e | 7444 460f | be5c 2e12 | 4183 fb2e | 743c 460f | be54 2e13 
  0x00000150597692a0: 4183 fa2e | 7429 448d | 5d04 443b | db7c c149 

  0x00000150597692b0: ;   {no_reloc}
  0x00000150597692b0: 8b9f 5804 | 0000 83c5 

  0x00000150597692b8: ; ImmutableOopMap {r8=NarrowOop r9=NarrowOop rdx=Oop rsi=Oop r14=Oop [56]=Oop }
                      ;*if_icmpne {reexecute=1 rethrow=0 return_oop=0}
                      ; - (reexecute) java.lang.StringLatin1::replace@28
                      ; - java.lang.String::replace@18
                      ; - java.net.URLClassLoader$1::run@8
                      ; - java.net.URLClassLoader$1::run@1
                      ;   {poll}
  0x00000150597692b8: 0385 0344 | 3bd8 0f8d | 0703 0000 | 418b eb44 | 8bd0 e973 | ffff ff83 | c502 ffc5 | eb03 83c5 
  0x00000150597692d8: 0244 8bd0 | 3be9 0f8d | 0703 0000 | 81f9 0000 | 1000 0f87 | 2942 0000 | 4489 5424 | 5889 7c24 
  0x00000150597692f8: 4c49 8b9f | b801 0000 | 4c63 d149 | 83c2 1749 | 83e2 f84c | 8bdb 4d03 | da4d 3b9f | c801 0000 
  0x0000015059769318: 0f83 0442 | 0000 4d89 | 9fb8 0100 | 0041 0f18 | 83c0 0000 | 0048 c703 | 0100 0000 | 410f 1883 
  0x0000015059769338: 0001 0000 

  0x000001505976933c: ;   {metadata({type array byte})}
  0x000001505976933c: c743 0850 | 0a04 0089 | 4b0c 410f | 1883 4001 | 0000 410f | 1883 8001 | 0000 85ed | 0f8e c000 
  0x000001505976935c: 0000 448b | dd41 ffcb | 443b d90f | 832b 5200 | 0085 c90f | 8623 5200 | 0047 0fbe | 54cc 1044 
  0x000001505976937c: 8853 1041 | 83fb 010f | 8e43 5200 | 00b8 d007 | 0000 41ba | 0100 0000 | c4e1 f96e | c64c 8beb 
  0x000001505976939c: 8bf5 412b | f2ff ce33 | ff45 3bda | 0f4c f781 | fed0 0700 | 000f 47f0 | 4103 f266 | 0f1f 8400 
  0x00000150597693bc: 0000 0000 | 4963 fac4 | e1f9 7ec3 | 0fbe 5c3b | 1041 885c | 3d10 c4e1 | f97e c30f | be5c 3b11 
  0x00000150597693dc: 4188 5c3d | 1141 83c2 | 0244 3bd6 | 7cd6 498b | 9f58 0400 

  0x00000150597693f0: ; ImmutableOopMap {r8=NarrowOop r9=NarrowOop rdx=Oop r13=Oop r14=Oop xmm0=Oop [56]=Oop }
                      ;*goto {reexecute=1 rethrow=0 return_oop=0}
                      ; - (reexecute) java.lang.StringLatin1::replace@76
                      ; - java.lang.String::replace@18
                      ; - java.net.URLClassLoader$1::run@8
                      ; - java.net.URLClassLoader$1::run@1
                      ;   {poll}
  0x00000150597693f0: 0085 0345 | 3bd3 7ca4 | c4e1 f97e | c649 8bdd | 443b d57d | 1966 6690 | 4963 fa44 | 0fbe 5c3e 
  0x0000015059769410: 1044 885c | 3b10 41ff | c244 3bd5 | 7cea 3be9 | 0f8d 5801 | 0000 3be9 | 0f83 4e4b | 0000 448b 
  0x0000015059769430: 5c24 4c44 | 3bd9 0f83 | 404b 0000 | 448b c541 | ffc0 4c63 | dd46 0fbe | 541e 1041 | 83fa 2e0f 
  0x0000015059769450: 8422 1e00 | 0046 8854 | 1b10 448b | dd41 ffc3 | 453b d87d | 0541 8beb | ebd8 443b | 5c24 580f 
  0x0000015059769470: 8de1 0000 | 00ff c5e9 | 7f00 0000 | 41bb 2f00 | 0000 4688 | 5c0b 1383 | c504 413b | e87d 5c4c 
  0x0000015059769490: 63cd 460f | be5c 0e10 | 4183 fb2e | 7445 4688 | 5c0b 1046 | 0fbe 540e | 1141 83fa | 2e74 2446 
  0x00000150597694b0: 8854 0b11 | 460f be5c | 0e12 4183 | fb2e 741b | 4688 5c0b | 1246 0fbe | 5c0e 1341 | 83fb 2e75 
  0x00000150597694d0: b1eb a941 | ba2f 0000 | 00eb d441 | bb2f 0000 | 00eb dd41 | bb2f 0000 | 00eb b34d | 8b97 5804 
  0x00000150597694f0: ; ImmutableOopMap {rbx=Oop rdx=Oop rsi=Oop r14=Oop [56]=Oop }
                      ;*goto {reexecute=1 rethrow=0 return_oop=0}
                      ; - (reexecute) java.lang.StringLatin1::replace@113
                      ; - java.lang.String::replace@18
                      ; - java.net.URLClassLoader$1::run@8
                      ; - java.net.URLClassLoader$1::run@1
                      ;   {no_reloc}
  0x00000150597694f0: 0000 4185 | 023b 6c24 | 587d 5e44 | 8bc1 442b | c541 83c0 | fd44 8b4c | 2458 4533 | d244 3bcd 
  0x0000015059769510: 450f 4cc2 | 4181 f8a0 | 0f00 0041 | baa0 0f00 | 0045 0f47 | c244 03c5 | e962 ffff | ff43 c644 
  0x0000015059769530: 1d10 2e43 | c644 1d11 | 6343 c644 | 1d12 6c43 | c644 1d13 | 6143 c644 | 1d14 7343 | c644 1d15 
  0x0000015059769550: 73e9 c601 | 0000 418b | eb3b e97d | 2166 6690 | 4c63 d546 | 0fbe 4416 | 1041 83f8 | 2e0f 8426 
  0x0000015059769570: 1d00 0046 | 8844 1310 | ffc5 3be9 | 7ce2 498b | b7b8 0100 | 004c 8bd6 | 4983 c218 | 4d3b 97c8 
  0x0000015059769590: 0100 000f | 83fe 3f00 | 004d 8997 | b801 0000 | 410f 1882 | c000 0000 | 48c7 0601 

  0x00000150597695ac: ;   {metadata('java/lang/String')}
  0x00000150597695ac: 0000 00c7 | 4608 281f | 0400 4489 | 660c 4c89 | 6610 4c8b | db49 c1eb | 0344 895e | 14eb 2244 
  0x00000150597695cc: 8bd0 443b | d97d 1890 | 420f be44 | 1e10 83f8 | 2e0f 846f | 4500 0041 | ffc3 443b | d97c e933 
  0x00000150597695ec: f648 85f6 | 0f84 791c | 0000 448b | 5614 478b | 5cd4 0c45 | 85db 0f86 | 941b 0000 | 440f be4e 
  0x000001505976960c: 10c4 4232 | f7d3 4963 | da41 83f9 | 010f 8490 | 4300 0045 | 85d2 0f8c | 5550 0000 | 488d 4b06 
  0x000001505976962c: 8be9 85ed | 0f8c 6650 | 0000 4c8b | d949 c1fb | 2045 8bdb | 450f bec3 | c462 39f7 | cd45 85c9 
  0x000001505976964c: 0f8c b350 | 0000 4181 | f900 0010 | 000f 87b0 | 4800 004d | 63d9 4181 | f900 0010 | 000f 870a 
  0x000001505976966c: 3e00 004d | 8baf b801 | 0000 4983 | c317 4983 | e3f8 4d8b | c54d 03c3 | 4d3b 87c8 | 0100 000f 
  0x000001505976968c: 83e8 3d00 | 004d 8987 | b801 0000 | 410f 1880 | c000 0000 | 49c7 4500 | 0100 0000 | 410f 1880 
  0x00000150597696ac: ;   {no_reloc}
  0x00000150597696ac: 0001 0000 

  0x00000150597696b0: ;   {metadata({type array byte})}
  0x00000150597696b0: 41c7 4508 | 500a 0400 | 4589 4d0c | 410f 1880 | 4001 0000 | 410f 1880 | 8001 0000 | 49bb 0000 
  0x00000150597696d0: 0000 0100 | 0000 493b | db0f 8d46 | 2d00 0045 | 8d5a 0645 | 3bcb 0f82 | 2b48 0000 | 4d63 da45 
  0x00000150597696f0: 85d2 0f8e | 35fe ffff | 43c6 441d | 1573 43c6 | 441d 1473 | 43c6 441d | 1361 43c6 | 441d 126c 
  0x0000015059769710: 43c6 441d | 1163 43c6 | 441d 102e | 448b 5614 

  0x0000015059769720: ; implicit exception: dispatches to 0x000001505977008c
  0x0000015059769720: 478b 44d4 | 0c44 0fbe | 5e10 c4c2 | 22f7 c848 | 63c9 482b | d98b eb48 | b900 0000 | 0001 0000 
  0x0000015059769740: 0048 3bd9 | 0f8d 412d | 0000 4b8d | 0cd4 4b8d | 74d4 1045 | 85db 0f85 | 7a24 0000 | 85ed 0f8c 
  0x0000015059769760: e447 0000 | 418d 0c28 | 443b c90f | 82d7 4700 | 0045 85c0 | 7623 498d | 542d 104d | 63c0 488b 
  0x0000015059769780: cec5 f877 | 49ba a07b | e357 5001 | 0000 41ff 

  0x0000015059769790: ;   {other}
  0x0000015059769790: d20f 1f84 | 0000 0000 | 0049 8bed | 48c1 ed03 | 4885 db0f | 8545 3500 | 0049 8b87 | b801 0000 
  0x00000150597697b0: 4c8b d049 | 83c2 184d | 3b97 c801 | 0000 0f83 | 1e3d 0000 | 4d89 97b8 | 0100 0041 | 0f18 82c0 
  0x00000150597697d0: 0000 0048 | c700 0100 

  0x00000150597697d8: ;   {metadata('java/lang/String')}
  0x00000150597697d8: 0000 c740 | 0828 1f04 | 0044 8960 | 0c4c 8960 | 1089 6814 | 4c8b 5424 | 3845 8b52 | 1047 8b5c 
  0x00000150597697f8: d454 4585 | db0f 84bd | 4600 004c | 8974 2460 | 4b8d 14dc | 4c8b c045 | 33c9 6690 

  0x0000015059769814: ;   {optimized virtual_call}
  0x0000015059769814: c5f8 77e8 

  0x0000015059769818: ; ImmutableOopMap {[56]=Oop [96]=Oop }
                      ;*invokevirtual getResource {reexecute=0 rethrow=0 return_oop=1}
                      ; - java.net.URLClassLoader$1::run@26
                      ; - java.net.URLClassLoader$1::run@1
  0x0000015059769818: 2447 fafe 

  0x000001505976981c: ;   {other}
  0x000001505976981c: 0f1f 8400 | 0c10 0003 | 4c8b e848 | 85c0 0f85 | 9700 0000 | 33c0 eb7a | 458b 54ec | 1049 8bca 
  0x000001505976983c: 48c1 e103 | 483b cb0f | 85c1 1a00 | 0041 8b6c | ec14 85ed | 0f84 9a17 | 0000 458b | 5cec 0849 
  0x000001505976985c: ba00 0000 | 0008 0000 | 004d 03d3 | 4d8b 5238 

  0x000001505976986c: ;   {metadata('java/lang/NamedPackage')}
  0x000001505976986c: 49bb 78f1 | 0800 0800 | 0000 4d3b | d30f 85bd | 5500 004c | 8b54 2450 | 458b 5a10 | 4585 db74 
  0x000001505976988c: 1c47 8b54 | dc14 4585 | d20f 85f3 | 2f00 0047 | 8b4c dc10 | 4585 c90f | 858f 3000 | 0048 8b44 
  0x00000150597698ac: 2468 c5f8 | 7748 81c4 | e000 0000 

  0x00000150597698b8: ;   {poll_return}
  0x00000150597698b8: 5d49 3ba7 | 5004 0000 | 0f87 967a | 0000 c34c | 8b54 2438 | 458b 5210 | 4489 5424 | 684c 8b54 
  0x00000150597698d8: 2438 458b | 720c 448b | 5c24 6845 | 85db 0f84 | ec46 0000 | c5f8 7749 | ba10 5cd3 | 36fd 7f00 
  0x00000150597698f8: 0041 ffd2 

  0x00000150597698fc: ;   {other}
  0x00000150597698fc: 0f1f 8400 | 0000 0000 | 4889 4424 | 4043 8b6c | f414 458b | 54ec 0c47 | 0fbe 5cf4 | 10c4 4222 
  0x000001505976991c: f7ca 448b | 4424 684b | 8d14 c441 | ffc9 4f8d | 04f4 4585 | db0f 8503 | 3f00 0045 | 8bda 41ff 
  0x000001505976993c: cb45 3bd9 | 450f 4fd9 | 4585 db7c | 2c49 8d0c | ec66 6690 | 453b da0f | 836b 4000 | 0042 807c 
  0x000001505976995c: 1910 2e74 | 1a49 8b9f | 5804 0000 | 41ff cb4d 

  0x000001505976996c: ; ImmutableOopMap {r8=Oop r9=Oop rcx=Oop rdx=Oop rbp=NarrowOop r13=Oop r14=NarrowOop [56]=Oop [96]=Oop [104]=NarrowOop }
                      ;*goto {reexecute=1 rethrow=0 return_oop=0}
                      ; - (reexecute) java.lang.StringLatin1::lastIndexOf@35
                      ; - java.lang.String::lastIndexOf@13
                      ; - java.lang.String::lastIndexOf@8
                      ; - java.net.URLClassLoader::defineClass@7
                      ; - java.net.URLClassLoader$1::run@43
                      ; - java.net.URLClassLoader$1::run@1
                      ;   {poll}
  0x000001505976996c: 8bcd 8503 | 4585 db7d | db41 bbff | ffff ff45 

  0x000001505976997c: ;   {metadata('jdk/internal/loader/URLClassPath$JarLoader$2')}
  0x000001505976997c: 8b4d 0841 | 81f9 f8ee | 0800 0f85 | cb20 0000 | 4d8b cd41 | 8b49 2045 | 8b54 cc1c | 4183 fbff 
  0x000001505976999c: 0f84 3405 | 0000 478b | 4cf4 1443 | 8b4c cc0c | 430f be5c | f410 c4e2 | 62f7 e945 | 85db 0f8c 
  0x00000150597699bc: 9c50 0000 | 443b dd0f | 8f67 5200 | 0044 3bdd | 0f84 ba18 | 0000 85db | 0f85 3736 | 0000 4585 
  0x00000150597699dc: db0f 849d | 2c00 0049 | 8b9f b801 | 0000 488b | fb48 83c7 | 1849 3bbf | c801 0000 | 0f83 f73c 
  0x00000150597699fc: 0000 4989 | bfb8 0100 | 000f 1887 | c000 0000 | 48c7 0301 

  0x0000015059769a10: ;   {metadata('java/lang/String')}
  0x0000015059769a10: 0000 00c7 | 4308 281f | 0400 4489 | 630c 4c89 | 6310 4b8d | 3ccc 4889 | bc24 9800 | 0000 4b8d 
  0x0000015059769a30: 7ccc 1044 | 3bd9 0f85 | c500 0000 | 4863 e981 | f900 0010 | 000f 878d | 4000 0048 | 897c 2470 
  0x0000015059769a50: 4889 5c24 | 5844 894c | 244c 4489 | 5424 504c | 8944 2430 | 4889 5424 | 2844 8974 | 2448 4c89 
  0x0000015059769a70: 6c24 2049 | 8b9f b801 | 0000 4c8d | 5d17 4983 | e3f8 4c8b | d34d 03d3 | 4d3b 97c8 | 0100 000f 
  0x0000015059769a90: 836b 4000 | 004d 8997 | b801 0000 | 410f 1882 | c000 0000 | 48c7 0301 | 0000 0041 | 0f18 8200 
  0x0000015059769ab0: ;   {metadata({type array byte})}
  0x0000015059769ab0: 0100 00c7 | 4308 500a | 0400 894b | 0c41 0f18 | 8240 0100 | 0041 0f18 | 8280 0100 | 0048 8bd3 
  0x0000015059769ad0: 4883 c210 | 4c8d 4507 | 49c1 e803 | 488b 4c24 | 70c5 f877 | 49ba 6081 | e357 5001 | 0000 41ff 
  0x0000015059769af0: ;   {other}
  0x0000015059769af0: d20f 1f84 | 0000 0000 | 004c 8bd3 | e927 0100 | 0041 81fb | 0000 1000 | 0f87 6e4d | 0000 4963 
  0x0000015059769b10: f341 3bcb | 8be9 410f | 4feb 3bcd | 0f82 2e4e | 0000 443b | dd0f 8225 | 4e00 0048 | 83c6 174c 
  0x0000015059769b30: 8bce 4983 | e1f8 4181 | fb00 0010 | 000f 87e2 | 3d00 004c | 898c 2480 | 0000 0048 | 8974 2478 
  0x0000015059769b50: 4889 7c24 | 7048 895c | 2458 4489 | 5424 5044 | 895c 244c | 4c89 4424 | 3048 8954 | 2428 4489 
  0x0000015059769b70: 7424 484c | 896c 2420 | 4d8b 97b8 | 0100 004d | 8bda 4d03 | d94d 3b9f | c801 0000 | 0f83 c83d 
  0x0000015059769b90: 0000 4d89 | 9fb8 0100 | 0041 0f18 | 83c0 0000 | 0049 c702 | 0100 0000 | 410f 1883 | 0001 0000 
  0x0000015059769bb0: ;   {metadata({type array byte})}
  0x0000015059769bb0: 41c7 4208 | 500a 0400 | 448b 4424 | 4c45 8942 | 0c41 0f18 | 8340 0100 | 0041 0f18 | 8380 0100 
  0x0000015059769bd0: 0049 8bd2 | 4883 c210 | 4c8b 5c24 | 7849 c1eb | 0385 ed0f | 849b 4c00 | 0041 3be8 | 0f8c 8729 
  0x0000015059769bf0: 0000 498b | da4c 8b94 | 2480 0000 | 0049 83c2 | f049 c1ea | 0348 8b4c | 2470 4d8b | c2c5 f877 
  0x0000015059769c10: 49ba 6081 | e357 5001 | 0000 41ff 

  0x0000015059769c1c: ;   {other}
  0x0000015059769c1c: d20f 1f84 | 0000 0000 | 004c 8bd3 | 4180 7f40 | 000f 85a4 | 2500 004c | 8b5c 2458 | 4d8b c34d 
  0x0000015059769c3c: 8bca 49c1 | e903 4589 | 4b14 4d33 | d049 c1ea | 164d 85d2 | 741a 49c1 | e809 48b9 | 0000 1f66 
  0x0000015059769c5c: 5001 0000 | 4903 c880 | 3902 0f85 | a725 0000 | 4588 6310 | 4c8b 6c24 | 2044 8b74 | 2448 488b 
  0x0000015059769c7c: 5424 284c | 8b44 2430 | 448b 5424 | 504c 899c | 2490 0000 | 0045 8b5d 

  0x0000015059769c94: ;   {metadata('jdk/internal/loader/URLClassPath$JarLoader$2')}
  0x0000015059769c94: 0841 81fb | f8ee 0800 | 0f85 7424 | 0000 4d8b 

  0x0000015059769ca4: ;   {oop(a 'java/lang/Class'{0x00000006004e4af0} = 'jdk/internal/access/SharedSecrets')}
  0x0000015059769ca4: dd49 b9f0 | 4a4e 0006 | 0000 0041 | 8b99 d400 | 0000 85db | 0f84 b64f | 0000 458b | 4b20 438b 
  0x0000015059769cc4: 6ccc 1841 | 8b4c dc08 

  0x0000015059769ccc: ;   {metadata('java/util/jar/JavaUtilJarAccessImpl')}
  0x0000015059769ccc: 81f9 f07c | 0000 0f85 | d846 0000 | 85ed 0f84 | cc43 0000 | 4d8d 0cec | 488d 9c24 | c000 0000 
  0x0000015059769cec: 498b 01a8 | 020f 8523 | 0000 0048 | 83c8 0148 | 8903 f049 | 0fb1 190f | 8437 0000 | 0048 2bc4 
  0x0000015059769d0c: 4825 07f0 | ffff 4889 | 03e9 2400 | 0000 488b | c848 33c0 | f04c 0fb1 | 793e 48c7 | 0303 0000 
  0x0000015059769d2c: 0074 114c | 3bf8 7515 | 48ff 8186 | 0000 0048 | 33c0 7509 | 49ff 8750 | 0500 0033 | c00f 85a5 
  0x0000015059769d4c: 4600 0044 | 8974 2448 | 896c 2458 | 4c89 4c24 | 704c 895c | 2450 4489 | 5424 4c4c | 8944 2428 
  0x0000015059769d6c: 4889 5424 | 204c 896c | 2430 498b | d149 8be9 

  0x0000015059769d7c: ;   {optimized virtual_call}
  0x0000015059769d7c: c5f8 77e8 

  0x0000015059769d80: ; ImmutableOopMap {rbp=Oop [32]=Oop [40]=Oop [48]=Oop [56]=Oop [72]=NarrowOop [76]=NarrowOop [80]=Oop [88]=NarrowOop [96]=Oop [104]=NarrowOop [112]=Oop [144]=Oop }
                      ;*invokevirtual maybeInstantiateVerifier {reexecute=0 rethrow=0 return_oop=0}
                      ; - java.util.jar.JarFile::ensureInitialization@1
                      ; - java.util.jar.JavaUtilJarAccessImpl::ensureInitialization@1
                      ; - jdk.internal.loader.URLClassPath$JarLoader$2::getManifest@10
                      ; - java.net.URLClassLoader::defineClass@34
                      ; - java.net.URLClassLoader$1::run@43
                      ; - java.net.URLClassLoader$1::run@1
  0x0000015059769d80: dcbd 13ff 

  0x0000015059769d84: ;   {other}
  0x0000015059769d84: 0f1f 8400 | 7415 0005 | 448b 4424 | 5847 3b64 | c430 0f85 | 4c29 0000 | 4c8b 5c24 | 7048 8d84 
  0x0000015059769da4: 24c0 0000 | 0048 8338 | 000f 8479 | 0000 004d | 8b13 41f6 | c202 0f84 | 6200 0000 | 4983 ba86 
  0x0000015059769dc4: 0000 0000 | 7409 49ff | 8a86 0000 | 00eb 4b49 | 8b82 9600 | 0000 490b | 828e 0000 | 0075 0a49 
  0x0000015059769de4: c742 3e00 | 0000 00eb | 3d49 83ba | 9e00 0000 | 0074 2248 | 33c0 49c7 | 423e 0000 | 0000 f083 
  0x0000015059769e04: 0424 0049 | 83ba 9e00 | 0000 0075 | 0df0 4d0f | b17a 3e75 | 0583 c801 | eb0c a800 | eb08 4c8b 
  0x0000015059769e24: 10f0 4d0f | b113 750a | 49ff 8f50 | 0500 0045 | 33d2 0f85 | 2846 0000 | 4c8b 4424 | 5045 8b58 
  0x0000015059769e44: 2043 8b6c | dc18 458b 

  0x0000015059769e4c: ;   {metadata('java/util/jar/JarFile')}
  0x0000015059769e4c: 54ec 0841 | 81fa 0078 | 0000 0f85 | 3346 0000 | 498d 14ec | 498b e890 

  0x0000015059769e64: ;   {optimized virtual_call}
  0x0000015059769e64: c5f8 77e8 

  0x0000015059769e68: ; ImmutableOopMap {rbp=Oop [32]=Oop [40]=Oop [48]=Oop [56]=Oop [72]=NarrowOop [76]=NarrowOop [96]=Oop [104]=NarrowOop [144]=Oop }
                      ;*invokevirtual getManifestFromReference {reexecute=0 rethrow=0 return_oop=1}
                      ; - java.util.jar.JarFile::getManifest@1
                      ; - jdk.internal.loader.URLClassPath$JarLoader$2::getManifest@22
                      ; - java.net.URLClassLoader::defineClass@34
                      ; - java.net.URLClassLoader$1::run@43
                      ; - java.net.URLClassLoader$1::run@1
  0x0000015059769e68: 3428 3cff 

  0x0000015059769e6c: ;   {other}
  0x0000015059769e6c: 0f1f 8400 | 5c16 0006 | 4889 4424 | 5844 8b54 | 244c 4d8b | da49 c1e3 | 034c 895c | 2450 4489 
  0x0000015059769e8c: 5424 4c48 | 8b54 2420 | 4c8b 8424 | 9000 0000 | 4c8b 4c24 | 5849 8bfb 

  0x0000015059769ea4: ;   {optimized virtual_call}
  0x0000015059769ea4: c5f8 77e8 

  0x0000015059769ea8: ; ImmutableOopMap {[32]=Oop [40]=Oop [48]=Oop [56]=Oop [72]=NarrowOop [76]=NarrowOop [80]=Oop [88]=Oop [96]=Oop [104]=NarrowOop [144]=Oop }
                      ;*invokevirtual getAndVerifyPackage {reexecute=0 rethrow=0 return_oop=1}
                      ; - java.net.URLClassLoader::defineClass@46
                      ; - java.net.URLClassLoader$1::run@43
                      ; - java.net.URLClassLoader$1::run@1
  0x0000015059769ea8: 34eb f8fe 

  0x0000015059769eac: ;   {other}
  0x0000015059769eac: 0f1f 8400 | 9c16 0007 | 4885 c00f | 84e7 1300 | 004c 8b6c | 2430 448b | 7424 4848 | 8b54 2420 
  0x0000015059769ecc: 4c8b 4424 | 2844 8b54 | 244c 488d | 9c24 c000 | 0000 498b | 4500 a802 | 0f85 2400 | 0000 4883 
  0x0000015059769eec: c801 4889 | 03f0 490f | b15d 000f | 8437 0000 | 0048 2bc4 | 4825 07f0 | ffff 4889 | 03e9 2400 
  0x0000015059769f0c: 0000 4c8b | d848 33c0 | f04d 0fb1 | 7b3e 48c7 | 0303 0000 | 0074 114c | 3bf8 7515 | 49ff 8386 
  0x0000015059769f2c: 0000 0048 | 33c0 7509 | 49ff 8750 | 0500 0033 | c00f 85d5 | 4100 0041 | 8b5d 0845 | 3b65 0c0f 
  0x0000015059769f4c: 85c6 0000 

  0x0000015059769f50: ;   {metadata('jdk/internal/loader/URLClassPath$JarLoader$2')}
  0x0000015059769f50: 0081 fbf8 | ee08 000f | 85d4 1b00 | 0049 8bcd | 448b 4920 

  0x0000015059769f64: ; implicit exception: dispatches to 0x00000150597703e0
  0x0000015059769f64: 478b 4ccc | 188b 691c | 4585 c90f | 84b7 4700 | 0089 5c24 | 5044 8954 | 242c 4c89 | 4424 4848 
  0x0000015059769f84: 8954 2430 | 4489 7424 | 284c 896c | 2420 4b8d | 14cc 4c8b | c549 c1e0 | 0348 8be9 

  0x0000015059769fa0: ;   {optimized virtual_call}
  0x0000015059769fa0: c5f8 77e8 

  0x0000015059769fa4: ; ImmutableOopMap {rbp=Oop [32]=Oop [40]=NarrowOop [44]=NarrowOop [48]=Oop [56]=Oop [72]=Oop [96]=Oop [104]=NarrowOop }
                      ;*invokevirtual getInputStream {reexecute=0 rethrow=0 return_oop=1}
                      ; - jdk.internal.loader.URLClassPath$JarLoader$2::getInputStream@11
                      ; - jdk.internal.loader.Resource::cachedInputStream@9
                      ; - jdk.internal.loader.Resource::getByteBuffer@1
                      ; - java.net.URLClassLoader::defineClass@132
                      ; - java.net.URLClassLoader$1::run@43
                      ; - java.net.URLClassLoader$1::run@1
  0x0000015059769fa4: 1894 26ff 

  0x0000015059769fa8: ;   {other}
  0x0000015059769fa8: 0f1f 8400 | 9817 0008 | 488b d841 | 807f 4000 | 0f85 bb22 | 0000 4c8b | 6c24 204d | 8bd5 4c8b 
  0x0000015059769fc8: db49 c1eb | 0345 895d | 0c4c 8bdb | 4d33 da49 | c1eb 164d | 85db 741f | 4885 db74 | 1a49 c1ea 
  0x0000015059769fe8: 0948 b900 | 001f 6650 | 0100 0049 | 03ca 8039 | 020f 85b6 | 2200 0044 | 8b74 2428 | 488b 5424 
  0x000001505976a008: 304c 8b44 | 2448 448b | 5424 2c8b | 5c24 5041 | 8b6d 0c48 | 8d84 24c0 | 0000 0048 | 8338 000f 
  0x000001505976a028: 847b 0000 | 004d 8b5d | 0041 f6c3 | 020f 8462 | 0000 0049 | 83bb 8600 | 0000 0074 | 0949 ff8b 
  0x000001505976a048: 8600 0000 | eb4b 498b | 8396 0000 | 0049 0b83 | 8e00 0000 | 750a 49c7 | 433e 0000 | 0000 eb3e 
  0x000001505976a068: 4983 bb9e | 0000 0000 | 7422 4833 | c049 c743 | 3e00 0000 | 00f0 8304 | 2400 4983 | bb9e 0000 
  0x000001505976a088: 0000 750d | f04d 0fb1 | 7b3e 7505 | 83c8 01eb | 0da8 00eb | 094c 8b18 | f04d 0fb1 

  0x000001505976a0a4: ;   {no_reloc}
  0x000001505976a0a4: 5d00 750a | 49ff 8f50 | 0500 0045 | 33db 0f85 | e740 0000 

  0x000001505976a0b8: ; implicit exception: dispatches to 0x00000150597700e8
  0x000001505976a0b8: 458b 5cec 

  0x000001505976a0bc: ;   {metadata('sun/nio/ByteBuffered')}
  0x000001505976a0bc: 0848 b8f0 | f808 0008 | 0000 0048 | be00 0000 | 0008 0000 | 0049 03f3 | 4c8b 5e20 | 4c3b d80f 
  0x000001505976a0dc: 8417 3f00 | 0048 8b7e | 288b 0f48 | 83c7 0848 | 85c0 f248 | af0f 8504 | 0000 0048 | 8946 200f 
  0x000001505976a0fc: 84f7 3e00 

  0x000001505976a100: ;   {metadata('jdk/internal/loader/URLClassPath$JarLoader$2')}
  0x000001505976a100: 0081 fbf8 | ee08 000f | 851f 1300 | 0044 8954 | 2454 4c89 | 4424 2848 | 8954 2420 | 4489 7424 
  0x000001505976a120: 5049 8bd5 | 4c89 6c24 | 4848 8bea 

  0x000001505976a12c: ;   {optimized virtual_call}
  0x000001505976a12c: c5f8 77e8 

  0x000001505976a130: ; ImmutableOopMap {rbp=Oop [32]=Oop [40]=Oop [56]=Oop [72]=Oop [80]=NarrowOop [84]=NarrowOop [104]=NarrowOop }
                      ;*invokevirtual getBytes {reexecute=0 rethrow=0 return_oop=1}
                      ; - java.net.URLClassLoader::defineClass@179
                      ; - java.net.URLClassLoader$1::run@43
                      ; - java.net.URLClassLoader$1::run@1
  0x000001505976a130: 2cff 50ff 

  0x000001505976a134: ;   {other}
  0x000001505976a134: 0f1f 8400 | 2419 0009 | 4889 4424 

  0x000001505976a140: ;   {oop(""{0x00000006004016f8})}
  0x000001505976a140: 7049 b9f8 | 1640 0006 | 0000 0048 | b900 001f | 6650 0100 | 004c 8b54 | 2448 458b 

  0x000001505976a15c: ;   {metadata('jdk/internal/loader/URLClassPath$JarLoader$2')}
  0x000001505976a15c: 5a08 4181 | fbf8 ee08 | 000f 8593 | 1200 004c | 8b5c 2448 | 418b 6b1c 

  0x000001505976a174: ; implicit exception: dispatches to 0x0000015059770388
  0x000001505976a174: 458b 5cec 

  0x000001505976a178: ;   {metadata('java/util/jar/JarFile$JarFileEntry')}
  0x000001505976a178: 0841 81fb | 98bf 0800 | 0f85 4e43 | 0000 4d8d | 1cec 458b | 4364 4585 | c00f 844d | 3f00 0049 
  0x000001505976a198: 8beb 4889 | 4c24 584c | 894c 2448 | 4c89 5424 | 304b 8d14 | c466 6690 

  0x000001505976a1b0: ;   {optimized virtual_call}
  0x000001505976a1b0: c5f8 77e8 

  0x000001505976a1b4: ; ImmutableOopMap {rbp=Oop [32]=Oop [40]=Oop [48]=Oop [56]=Oop [72]=Oop [80]=NarrowOop [84]=NarrowOop [104]=NarrowOop [112]=Oop }
                      ;*invokevirtual maybeInstantiateVerifier {reexecute=0 rethrow=0 return_oop=0}
                      ; - java.util.jar.JarFile$JarFileEntry::getCodeSigners@4
                      ; - jdk.internal.loader.URLClassPath$JarLoader$2::getCodeSigners@4
                      ; - java.net.URLClassLoader::defineClass@185
                      ; - java.net.URLClassLoader$1::run@43
                      ; - java.net.URLClassLoader$1::run@1
  0x000001505976a1b4: a8b9 13ff 

  0x000001505976a1b8: ;   {other}
  0x000001505976a1b8: 0f1f 8400 | a819 000a | 4c8b c545 | 8b58 5c45 | 85db 0f85 | ce31 0000 | 458b 5064 

  0x000001505976a1d4: ; implicit exception: dispatches to 0x00000150597703ac
  0x000001505976a1d4: 438b 6cd4 | 3085 ed0f | 8530 3100 | 0045 33c0 | 4c8b 5424 | 304c 8b4c | 2448 488b | 4c24 5849 
  0x000001505976a1f4: 8b9f b801 | 0000 4c8b | db49 83c3 | 284d 3b9f | c801 0000 | 0f83 c933 | 0000 4d89 | 9fb8 0100 
  0x000001505976a214: 0041 0f18 | 83c0 0000 | 0048 c703 | 0100 0000 

  0x000001505976a224: ;   {metadata('java/security/CodeSource')}
  0x000001505976a224: c743 08a8 | 5405 0044 | 8963 0c4c | 8963 104c | 8963 184c | 8963 2044 | 8b5c 2454 | 4489 5b0c 
  0x000001505976a244: 4585 db0f | 8453 4800 | 0048 8beb | 4c89 4424 | 6048 894c | 2458 4c89 | 4c24 484c | 8954 2430 
  0x000001505976a264: 4b8d 14dc 

  0x000001505976a268: ;   {static_call}
  0x000001505976a268: c5f8 77e8 

  0x000001505976a26c: ; ImmutableOopMap {rbp=Oop [32]=Oop [40]=Oop [48]=Oop [56]=Oop [72]=Oop [80]=NarrowOop [96]=Oop [104]=NarrowOop [112]=Oop }
                      ;*invokestatic urlNoFragString {reexecute=0 rethrow=0 return_oop=1}
                      ; - java.security.CodeSource::<init>@30
                      ; - java.net.URLClassLoader::defineClass@198
                      ; - java.net.URLClassLoader$1::run@43
                      ; - java.net.URLClassLoader$1::run@1
  0x000001505976a26c: 90cc 99ff 

  0x000001505976a270: ;   {other}
  0x000001505976a270: 0f1f 8400 | 601a 000b | 488b d841 | 807f 4000 | 0f85 601a | 0000 4c8b | c54c 8bdb | 49c1 eb03 
  0x000001505976a290: 4589 5820 | 4c8b d34d | 8bd8 4d33 | d349 c1ea | 164d 85d2 | 741f 4885 | db74 1a49 | c1eb 0948 
  0x000001505976a2b0: b900 001f | 6650 0100 | 0049 03cb | 8039 020f | 855b 1a00 | 004c 8b4c | 2460 4d85 | c90f 85b2 
  0x000001505976a2d0: 2400 004c | 8944 2478 | c5f8 7749 | ba10 5cd3 | 36fd 7f00 | 0041 ffd2 

  0x000001505976a2e8: ;   {other}
  0x000001505976a2e8: 0f1f 8400 | 0000 0000 | 482b 4424 | 4048 8944 

  0x000001505976a2f8: ;   {oop(a 'jdk/internal/perf/PerfCounter'{0x00000006004e4cb8})}
  0x000001505976a2f8: 2440 49bb | b84c 4e00 | 0600 0000 | 488d 9c24 | c000 0000 | 498b 03a8 | 020f 8523 | 0000 0048 
  0x000001505976a318: 83c8 0148 | 8903 f049 | 0fb1 1b0f | 8437 0000 | 0048 2bc4 | 4825 07f0 | ffff 4889 | 03e9 2400 
  0x000001505976a338: 0000 4c8b | d048 33c0 | f04d 0fb1 | 7a3e 48c7 | 0303 0000 | 0074 114c | 3bf8 7515 | 49ff 8286 
  0x000001505976a358: 0000 0048 | 33c0 7509 | 49ff 8750 | 0500 0033 | c00f 858b 

  0x000001505976a36c: ;   {oop(a 'jdk/internal/perf/PerfCounter'{0x00000006004e4cb8})}
  0x000001505976a36c: 3e00 0049 | bab8 4c4e | 0006 0000 | 0045 8b4a | 1043 8b6c | cc24 85ed | 0f85 5647 | 0000 438b 
  0x000001505976a38c: 6ccc 1c85 | ed0f 8c8a | 3e00 0085 | ed0f 8491 | 3c00 004f | 8b54 cc10 | 4c8b 5c24 | 404d 011a 
  0x000001505976a3ac: ;   {oop(a 'jdk/internal/perf/PerfCounter'{0x00000006004e4cb8})}
  0x000001505976a3ac: 49bb b84c | 4e00 0600 | 0000 488d | 8424 c000 | 0000 4883 | 3800 0f84 | 7900 0000 | 4d8b 1341 
  0x000001505976a3cc: f6c2 020f | 8462 0000 | 0049 83ba | 8600 0000 | 0074 0949 | ff8a 8600 | 0000 eb4b | 498b 8296 
  0x000001505976a3ec: 0000 0049 | 0b82 8e00 | 0000 750a | 49c7 423e | 0000 0000 | eb3d 4983 | ba9e 0000 | 0000 7422 
  0x000001505976a40c: 4833 c049 | c742 3e00 | 0000 00f0 | 8304 2400 | 4983 ba9e | 0000 0000 | 750d f04d | 0fb1 7a3e 
  0x000001505976a42c: 7505 83c8 | 01eb 0ca8 | 00eb 084c | 8b10 f04d | 0fb1 1375 | 0a49 ff8f | 5005 0000 | 4533 d20f 
  0x000001505976a44c: 850b 3e00 | 004c 8b5c | 2470 458b | 430c 498b | 8fb8 0100 | 004c 8bd1 | 4983 c210 | 4d3b 97c8 
  0x000001505976a46c: 0100 000f | 83a9 3100 | 004d 8997 | b801 0000 | 410f 1882 | c000 0000 | 48c7 0101 

  0x000001505976a488: ;   {metadata('java/security/SecureClassLoader$CodeSourceKey')}
  0x000001505976a488: 0000 00c7 | 4108 d001 | 0900 4489 | 610c 4c8b | 5424 7849 | c1ea 0344 | 8951 0c49 | 8b9f b801 
  0x000001505976a4a8: 0000 448b | 4c24 6843 | 8b6c cc50 | 4c8b d349 | 83c2 104d | 3b97 c801 | 0000 0f83 | 8c31 0000 
  0x000001505976a4c8: 4d89 97b8 | 0100 0041 | 0f18 82c0 | 0000 0048 | c703 0100 

  0x000001505976a4dc: ;   {metadata('java/security/SecureClassLoader$1')}
  0x000001505976a4dc: 0000 c743 | 08f8 0309 | 0044 8963 | 0c44 894b | 0c45 8b54 

  0x000001505976a4f0: ;   {metadata('java/util/concurrent/ConcurrentHashMap')}
  0x000001505976a4f0: ec08 4181 | fab8 5c05 | 000f 858f | 3d00 0044 | 8944 2460 | 4c89 5c24 | 4044 894c | 2454 498d 
  0x000001505976a510: 14ec 4c8b | c14c 8bcb 

  0x000001505976a518: ;   {optimized virtual_call}
  0x000001505976a518: c5f8 77e8 

  0x000001505976a51c: ; ImmutableOopMap {[32]=Oop [40]=Oop [48]=Oop [56]=Oop [64]=Oop [72]=Oop [80]=NarrowOop [84]=NarrowOop }
                      ;*invokeinterface computeIfAbsent {reexecute=0 rethrow=0 return_oop=1}
                      ; - java.security.SecureClassLoader::getProtectionDomain@28
                      ; - java.security.SecureClassLoader::defineClass@9
                      ; - java.net.URLClassLoader::defineClass@220
                      ; - java.net.URLClassLoader$1::run@43
                      ; - java.net.URLClassLoader$1::run@1
  0x000001505976a51c: e03d 1bff 

  0x000001505976a520: ;   {other}
  0x000001505976a520: 0f1f 8400 | 101d 000c 

  0x000001505976a528: ; implicit exception: dispatches to 0x000001505977018c
  0x000001505976a528: 448b 5808 

  0x000001505976a52c: ;   {metadata('java/security/ProtectionDomain')}
  0x000001505976a52c: 4181 fba8 | 4304 000f | 85db 5900 | 0044 8b44 | 2450 438b | 6cc4 1445 | 8b4c ec0c | 488b f045 
  0x000001505976a54c: 85c9 0f86 | 883d 0000 | 470f be5c | c410 4585 | db0f 85bc | 2000 00c4 | 4222 f7d1 | 453b d145 
  0x000001505976a56c: 0f4f d145 | 85d2 0f8e | 9b0e 0000 | 453b ca0f | 8287 3f00 | 004d 8d1c | ec49 8d7c | ec10 418b 
  0x000001505976a58c: d2b8 2f00 | 0000 488b | df83 fa10 | 0f8c 7900 | 0000 83fa | 200f 8c36 | 0000 00c5 | f96e d0c4 
  0x000001505976a5ac: e27d 78d2 | c5f5 efc9 | 8bca 83e1 | e083 e21f | c5fe 6f03 | c5fd 74c2 | c4e2 7d17 | c80f 8369 
  0x000001505976a5cc: 0000 0048 | 83c3 2083 | e920 75e4 | e90d 0000 | 00c5 f96e | d0c5 f1ef | c9c4 e269 | 00d1 83fa 
  0x000001505976a5ec: 100f 8c24 | 0000 008b | ca83 e1f0 | 83e2 0fc5 | fa6f 03c5 | f974 c2c4 | e279 17c8 | 0f83 2a00 
  0x000001505976a60c: 0000 4883 | c310 83e9 | 1075 e485 | d20f 8412 | 0000 000f | b60b 3bc1 | 741c 4883 

  0x000001505976a628: ;   {no_reloc}
  0x000001505976a628: c301 83ea | 0174 02eb | eebb ffff | ffff eb0d | c5fd d7c8 | 0fbc c148 | 03d8 482b | df83 fbff 
  0x000001505976a648: 0f85 6943 | 0000 478b | 54c4 1443 | 807c c410 | 000f 8556 | 2000 0043 | 8b6c d40c | 85ed 0f86 
  0x000001505976a668: f43c 0000 | 470f b654 | d410 4183 | fa5b 0f84 | 9c44 0000 | 478b 54c4 | 1443 8b5c | d40c 430f 
  0x000001505976a688: be54 c410 | c462 6af7 | cb41 8d49 | fb85 c97c | 6785 d20f | 85dc 0c00 | 0083 fb04 | 0f86 a63e 
  0x000001505976a6a8: 0000 4380 | 7cd4 106a | 754e 4380 | 7cd4 1161 | 7546 4380 | 7cd4 1276 | 753e 4380 | 7cd4 1361 
  0x000001505976a6c8: 7536 430f | be4c d414 | 83f9 2e75 | 2bba 3701 | 0000 488b | 6c24 384c | 8b54 2430 | 4c89 5424 
  0x000001505976a6e8: 2044 8944 | 243c 6690 

  0x000001505976a6f0: ;   {runtime_call UncommonTrapBlob}
  0x000001505976a6f0: c5f8 77e8 

  0x000001505976a6f4: ; ImmutableOopMap {rbp=Oop [32]=Oop [60]=NarrowOop [64]=Oop [84]=NarrowOop }
                      ;*new {reexecute=0 rethrow=0 return_oop=0}
                      ; - java.lang.ClassLoader::preDefineClass@56
                      ; - java.lang.ClassLoader::defineClass@4
                      ; - java.security.SecureClassLoader::defineClass@12
                      ; - java.net.URLClassLoader::defineClass@220
                      ; - java.net.URLClassLoader$1::run@43
                      ; - java.net.URLClassLoader$1::run@1
  0x000001505976a6f4: 089f 6efe 

  0x000001505976a6f8: ;   {other}
  0x000001505976a6f8: 0f1f 8400 | e81e 000d | 448b 5e10 | 41ff c985 | d20f 8579 | 3100 008b | cbff c941 | 3bc9 410f 
  0x000001505976a718: 4fc9 85c9 | 7c31 4f8d | 0cd4 6666 | 0f1f 8400 | 0000 0000 | 6666 6690 | 3bcb 0f83 | c432 0000 
  0x000001505976a738: 4180 7c09 | 102e 7414 | 498b bf58 | 0400 00ff 

  0x000001505976a748: ; ImmutableOopMap {r10=NarrowOop r11=NarrowOop r8=NarrowOop r9=Oop rsi=Oop [32]=Oop [40]=Oop [48]=Oop [56]=Oop [64]=Oop [72]=Oop [84]=NarrowOop }
                      ;*goto {reexecute=1 rethrow=0 return_oop=0}
                      ; - (reexecute) java.lang.StringLatin1::lastIndexOf@35
                      ; - java.lang.String::lastIndexOf@13
                      ; - java.lang.String::lastIndexOf@8
                      ; - java.lang.ClassLoader::checkCerts@3
                      ; - java.lang.ClassLoader::preDefineClass@113
                      ; - java.lang.ClassLoader::defineClass@4
                      ; - java.security.SecureClassLoader::defineClass@12
                      ; - java.net.URLClassLoader::defineClass@220
                      ; - java.net.URLClassLoader$1::run@43
                      ; - java.net.URLClassLoader$1::run@1
                      ;   {poll}
  0x000001505976a748: c985 0785 | c97d e1b9 | ffff ffff | 83f9 ff0f | 840d 1b00 | 0043 8b7c | c414 418b | 54fc 0c43 
  0x000001505976a768: 0fbe 5cc4 | 10c4 e262 | f7ea 85c9 | 0f8c 8642 | 0000 3bcd | 0f8f 1244 | 0000 3bcd | 0f84 f80a 
  0x000001505976a788: 0000 85db | 0f85 3f28 | 0000 85c9 | 0f84 d71e | 0000 498b | 9fb8 0100 | 004c 8bd3 | 4983 c218 
  0x000001505976a7a8: 4d3b 97c8 | 0100 000f | 83eb 2e00 | 004d 8997 | b801 0000 | 410f 1882 | c000 0000 | 48c7 0301 
  0x000001505976a7c8: ;   {metadata('java/lang/String')}
  0x000001505976a7c8: 0000 00c7 | 4308 281f | 0400 4489 | 630c 4c89 | 6310 4d8d | 14fc 4c89 | 9424 b000 | 0000 4d8d 
  0x000001505976a7e8: 4cfc 103b | ca0f 85c3 | 0000 0048 | 63ea 81fa | 0000 1000 | 0f87 8c32 | 0000 4c89 | 8c24 8000 
  0x000001505976a808: 0000 4889 | 5c24 7844 | 8bd2 897c | 2470 4489 | 5c24 6448 | 8974 2468 | 4489 4424 | 5049 8b9f 
  0x000001505976a828: b801 0000 | 4c8d 5d17 | 4983 e3f8 | 4c8b c34d | 03c3 4d3b | 87c8 0100 | 000f 836a | 3200 004d 
  0x000001505976a848: 8987 b801 | 0000 410f | 1880 c000 | 0000 48c7 | 0301 0000 | 0041 0f18 | 8000 0100 

  0x000001505976a864: ;   {metadata({type array byte})}
  0x000001505976a864: 00c7 4308 | 500a 0400 | 8953 0c41 | 0f18 8040 | 0100 0041 | 0f18 8080 | 0100 0048 | 8bd3 4883 
  0x000001505976a884: c210 4c8d | 4507 49c1 | e803 488b | 8c24 8000 | 0000 c5f8 | 7749 ba60 | 81e3 5750 | 0100 0041 
  0x000001505976a8a4: ;   {other}
  0x000001505976a8a4: ffd2 0f1f | 8400 0000 | 0000 4c8b | dbe9 2101 | 0000 81f9 | 0000 1000 | 0f87 463f | 0000 4c63 
  0x000001505976a8c4: d13b d18b | ea0f 4fe9 | 3bd5 0f82 | 1c40 0000 | 3bcd 0f82 | 1440 0000 | 4983 c217 | 498b fa48 
  0x000001505976a8e4: 83e7 f881 | f900 0010 | 000f 87d5 | 2f00 0048 | 89bc 2490 | 0000 004c | 8994 2488 | 0000 004c 
  0x000001505976a904: 898c 2480 | 0000 0048 | 895c 2478 | 894c 2470 | 4489 5c24 | 6448 8974 | 2468 4489 | 4424 504d 
  0x000001505976a924: 8b9f b801 | 0000 4d8b | c34c 03c7 | 4d3b 87c8 | 0100 000f | 83bb 2f00 | 004d 8987 | b801 0000 
  0x000001505976a944: 410f 1880 | c000 0000 | 49c7 0301 | 0000 0041 | 0f18 8000 

  0x000001505976a958: ;   {metadata({type array byte})}
  0x000001505976a958: 0100 0041 | c743 0850 | 0a04 0044 | 8bd1 4189 | 4b0c 410f | 1880 4001 | 0000 410f | 1880 8001 
  0x000001505976a978: 0000 498b | d348 83c2 | 104c 8b84 | 2488 0000 | 0049 c1e8 | 0385 ed0f | 847b 3e00 | 0041 3bea 
  0x000001505976a998: 0f8c 321b | 0000 498b | db4c 8b94 | 2490 0000 | 0049 83c2 | f049 c1ea | 0348 8b8c | 2480 0000 
  0x000001505976a9b8: 004d 8bc2 | c5f8 7749 | ba60 81e3 | 5750 0100 | 0041 ffd2 

  0x000001505976a9cc: ;   {other}
  0x000001505976a9cc: 0f1f 8400 | 0000 0000 | 4c8b db41 | 807f 4000 | 0f85 6217 | 0000 4c8b | 4c24 784d | 8bd1 4d8b 
  0x000001505976a9ec: c349 c1e8 | 0345 8941 | 144d 33da | 49c1 eb16 | 4d85 db74 | 1a49 c1ea | 0948 b900 | 001f 6650 
  0x000001505976aa0c: 0100 0049 | 03ca 8039 | 020f 8565 | 1700 0045 | 8861 1044 | 8b44 2450 | 488b 7424 | 6844 8b5c 
  0x000001505976aa2c: 2464 498b | c945 85db | 741b 478b | 54dc 1445 | 85d2 0f85 | 3313 0000 | 438b 5cdc | 1085 db0f 
  0x000001505976aa4c: 85fd 1300 

  0x000001505976aa50: ;   {oop(a 'java/security/cert/Certificate'[0] {0x000000060046ba70})}
  0x000001505976aa50: 0049 b970 | ba46 0006 | 0000 0044 | 8b54 2454 | 478b 5cd4 | 2c45 85db | 0f84 fa35 | 0000 4c89 
  0x000001505976aa70: 4c24 7048 | 8974 2468 | 4489 4424 | 5044 8954 | 2464 4b8d | 14dc 4c8b | c1bf 0100 | 0000 6690 
  0x000001505976aa90: ;   {optimized virtual_call}
  0x000001505976aa90: c5f8 77e8 

  0x000001505976aa94: ; ImmutableOopMap {[32]=Oop [40]=Oop [48]=Oop [56]=Oop [64]=Oop [72]=Oop [80]=NarrowOop [84]=NarrowOop [100]=NarrowOop [104]=Oop [112]=Oop }
                      ;*invokevirtual putVal {reexecute=0 rethrow=0 return_oop=1}
                      ; - java.util.concurrent.ConcurrentHashMap::putIfAbsent@4
                      ; - java.lang.ClassLoader::checkCerts@62
                      ; - java.lang.ClassLoader::preDefineClass@113
                      ; - java.lang.ClassLoader::defineClass@4
                      ; - java.security.SecureClassLoader::defineClass@12
                      ; - java.net.URLClassLoader::defineClass@220
                      ; - java.net.URLClassLoader$1::run@43
                      ; - java.net.URLClassLoader$1::run@1
  0x000001505976aa94: c814 aeff 

  0x000001505976aa98: ;   {other}
  0x000001505976aa98: 0f1f 8400 | 8822 000f | 4885 c074 | 2e44 8b58 

  0x000001505976aaa8: ;   {metadata('java/security/cert/Certificate'[])}
  0x000001505976aaa8: 0841 81fb | 409e 0200 | 0f85 9254 | 0000 488b | 7c24 708b | 5f0c 448b | 400c 85db | 0f87 8426 
  0x000001505976aac8: 0000 4585 | c00f 871d | 4100 004c | 8b44 2468 | 458b 5010 | 4585 d20f | 842d 2a00 | 0043 8b6c 
  0x000001505976aae8: d40c 85ed | 0f84 6e40 | 0000 458b | 5cec 3845 | 85db 0f84 | 9435 0000 | 4c89 4424 | 504b 8d14 
  0x000001505976ab08: dc4d 8d04 | ec66 6690 

  0x000001505976ab10: ;   {optimized virtual_call}
  0x000001505976ab10: c5f8 77e8 

  0x000001505976ab14: ; ImmutableOopMap {[32]=Oop [40]=Oop [48]=Oop [56]=Oop [64]=Oop [72]=Oop [80]=Oop [100]=NarrowOop }
                      ;*invokevirtual toExternalForm {reexecute=0 rethrow=0 return_oop=1}
                      ; - java.net.URL::toExternalForm@5
                      ; - java.net.URL::toString@1
                      ; - java.lang.ClassLoader::defineClassSourceLocation@22
                      ; - java.lang.ClassLoader::defineClass@12
                      ; - java.security.SecureClassLoader::defineClass@12
                      ; - java.net.URLClassLoader::defineClass@220
                      ; - java.net.URLClassLoader$1::run@43
                      ; - java.net.URLClassLoader$1::run@1
  0x000001505976ab14: 080c cdfe 

  0x000001505976ab18: ;   {other}
  0x000001505976ab18: 0f1f 8400 | 0823 0010 | 4c8b 4424 | 504c 8944 | 2450 488b | 5424 204c | 8b44 2428 | 4c8b 4c24 
  0x000001505976ab38: 4033 ff8b | 7424 6048 | 8b4c 2450 | 4889 0424 

  0x000001505976ab48: ;   {static_call}
  0x000001505976ab48: c5f8 77e8 

  0x000001505976ab4c: ; ImmutableOopMap {[32]=Oop [48]=Oop [56]=Oop [72]=Oop [80]=Oop [100]=NarrowOop }
                      ;*invokestatic defineClass1 {reexecute=0 rethrow=0 return_oop=1}
                      ; - java.lang.ClassLoader::defineClass@27
                      ; - java.security.SecureClassLoader::defineClass@12
                      ; - java.net.URLClassLoader::defineClass@220
                      ; - java.net.URLClassLoader$1::run@43
                      ; - java.net.URLClassLoader$1::run@1
  0x000001505976ab4c: 9091 cafe 

  0x000001505976ab50: ;   {other}
  0x000001505976ab50: 0f1f 8400 | 4023 0011 | 4889 4424 | 6844 8b58 | 3c45 85db | 0f85 a103 | 0000 4c8b | 5010 4d85 
  0x000001505976ab70: d20f 843d | 4200 0045 | 8b5a 0845 | 85db 0f8c | 8042 0000 | 448b 582c | 4585 db0f | 843e 0800 
  0x000001505976ab90: 004f 8d04 | dc41 8b68 | 1441 8b5c | ec0c 450f | be50 10c4 | 622a f7cb | 41ff c945 | 85d2 0f85 
  0x000001505976abb0: a62f 0000 | 448b d341 | ffca 453b | d145 0f4f | d145 85d2 | 7c2c 4d8d | 0cec 660f | 1f44 0000 
  0x000001505976abd0: 443b d30f | 8378 3100 | 0043 807c | 1110 2e74 | 1749 8b8f | 5804 0000 

  0x000001505976abe8: ; ImmutableOopMap {r8=Oop r9=Oop rbp=NarrowOop [32]=Oop [48]=Oop [56]=Oop [72]=Oop [80]=Oop [100]=NarrowOop [104]=Oop }
                      ;*goto {reexecute=1 rethrow=0 return_oop=0}
                      ; - (reexecute) java.lang.StringLatin1::lastIndexOf@35
                      ; - java.lang.String::lastIndexOf@13
                      ; - java.lang.String::lastIndexOf@8
                      ; - java.lang.Class::getPackageName@47
                      ; - java.lang.ClassLoader::postDefineClass@2
                      ; - java.lang.ClassLoader::defineClass@37
                      ; - java.security.SecureClassLoader::defineClass@12
                      ; - java.net.URLClassLoader::defineClass@220
                      ; - java.net.URLClassLoader$1::run@43
                      ; - java.net.URLClassLoader$1::run@1
                      ;   {poll}
  0x000001505976abe8: 41ff ca85 | 0145 85d2 | 7dde 41ba | ffff ffff | 4183 faff | 0f84 7302 | 0000 418b | 4814 458b 
  0x000001505976ac08: 5ccc 0c45 | 0fbe 4810 | c4c2 32f7 | eb45 85d2 | 0f8c 6145 | 0000 443b | d50f 8fb1 | 4500 0044 
  0x000001505976ac28: 3bd5 0f84 | d206 0000 | 4585 c90f | 858c 2b00 | 0045 85d2 | 0f84 2828 | 0000 498b | 9fb8 0100 
  0x000001505976ac48: 004c 8bc3 | 4983 c018 | 4d3b 87c8 | 0100 000f | 83f3 2d00 | 004d 8987 | b801 0000 | 410f 1880 
  0x000001505976ac68: c000 0000 | 48c7 0301 

  0x000001505976ac70: ;   {metadata('java/lang/String')}
  0x000001505976ac70: 0000 00c7 | 4308 281f | 0400 4489 | 630c 4c89 | 6310 4d8d | 04cc 4c89 | 8424 a800 | 0000 4d8d 
  0x000001505976ac90: 4ccc 1045 | 3bd3 0f85 | a000 0000 | 4963 f341 | 81fb 0000 | 1000 0f87 | e430 0000 | 498b bfb8 
  0x000001505976acb0: 0100 004c | 8d56 1749 | 83e2 f84c | 8bc7 4d03 | c24d 3b87 | c801 0000 | 0f83 c230 | 0000 4d89 
  0x000001505976acd0: 87b8 0100 | 0041 0f18 | 80c0 0000 | 0048 c707 | 0100 0000 | 410f 1880 | 0001 0000 

  0x000001505976acec: ;   {metadata({type array byte})}
  0x000001505976acec: c747 0850 | 0a04 0044 | 895f 0c41 | 0f18 8040 | 0100 0041 | 0f18 8080 | 0100 0048 | 8bd7 4883 
  0x000001505976ad0c: c210 4883 | c607 48c1 | ee03 498b | c94c 8bc6 | c5f8 7749 | ba60 81e3 | 5750 0100 | 0041 ffd2 
  0x000001505976ad2c: ;   {other}
  0x000001505976ad2c: 0f1f 8400 | 0000 0000 | 488b f7e9 | d900 0000 | 4181 fa00 | 0010 000f | 87a0 4200 | 0049 63d2 
  0x000001505976ad4c: 453b da41 | 8beb 410f | 4fea 443b | dd0f 82fe | 4200 0044 | 3bd5 0f82 | f542 0000 | 4883 c217 
  0x000001505976ad6c: 4c8b c249 | 83e0 f841 | 81fa 0000 | 1000 0f87 | af2e 0000 | 498b b7b8 | 0100 004c | 8bde 4d03 
  0x000001505976ad8c: d84d 3b9f | c801 0000 | 0f83 952e | 0000 4d89 | 9fb8 0100 | 0041 0f18 | 83c0 0000 | 0048 c706 
  0x000001505976adac: 0100 0000 | 410f 1883 | 0001 0000 

  0x000001505976adb8: ;   {metadata({type array byte})}
  0x000001505976adb8: c746 0850 | 0a04 0044 | 8956 0c41 | 0f18 8340 | 0100 0041 | 0f18 8380 | 0100 004c | 8bde 4983 
  0x000001505976add8: c310 48c1 | ea03 85ed | 0f84 0b42 | 0000 413b | ea0f 8c7a | 2200 0049 | 83c0 f049 | c1e8 0349 
  0x000001505976adf8: 8bc9 498b | d3c5 f877 | 49ba 6081 | e357 5001 | 0000 41ff 

  0x000001505976ae0c: ;   {other}
  0x000001505976ae0c: d20f 1f84 | 0000 0000 | 0041 807f | 4000 0f85 | c51d 0000 | 4c8b d34c | 8bc6 49c1 | e803 4489 
  0x000001505976ae2c: 4314 4c8b | de4d 33da | 49c1 eb16 | 4d85 db74 | 1a49 c1ea | 0948 b900 | 001f 6650 | 0100 0049 
  0x000001505976ae4c: 03ca 8039 | 020f 85c5 | 1d00 0044 | 8863 1048 | 8bd3 6690 

  0x000001505976ae60: ;   {optimized virtual_call}
  0x000001505976ae60: c5f8 77e8 

  0x000001505976ae64: ; ImmutableOopMap {[32]=Oop [48]=Oop [56]=Oop [80]=Oop [100]=NarrowOop [104]=Oop }
                      ;*invokevirtual intern {reexecute=0 rethrow=0 return_oop=1}
                      ; - java.lang.Class::getPackageName@65
                      ; - java.lang.ClassLoader::postDefineClass@2
                      ; - java.lang.ClassLoader::defineClass@37
                      ; - java.security.SecureClassLoader::defineClass@12
                      ; - java.net.URLClassLoader::defineClass@220
                      ; - java.net.URLClassLoader$1::run@43
                      ; - java.net.URLClassLoader$1::run@1
  0x000001505976ae64: 786c c7fe 

  0x000001505976ae68: ;   {other}
  0x000001505976ae68: 0f1f 8400 | 5826 0013 | 4889 4424 | 4841 807f | 4000 0f85 | c918 0000 | 4c8b 5424 | 6848 8b5c 
  0x000001505976ae88: 2448 4c8b | c349 c1e8 | 034c 8b5c | 2468 4589 | 433c 4c8b | db4d 33da | 49c1 eb16 | 4d85 db74 
  0x000001505976aea8: 6648 85db | 7461 49c1 | ea09 48b9 | 0000 1f66 | 5001 0000 | 4903 ca80 | 3902 744b | 4d8b 5748 
  0x000001505976aec8: 4d8b 5f58 | f083 4424 | c000 8039 | 0074 3844 | 8821 4d85 | d275 1d49 | 8bd7 c5f8 | 7749 ba60 
  0x000001505976aee8: d198 36fd | 7f00 0041 

  0x000001505976aef0: ;   {other}
  0x000001505976aef0: ffd2 0f1f | 8400 0000 | 0000 eb13 | 4b89 4c13 | f849 83c2 | f84d 8957 | 48eb 044b | 8d1c dc44 
  0x000001505976af10: 8b44 2464 | 478b 5cc4 | 3847 8b54 | dc08 4c8b | 4c24 6845 

  0x000001505976af24: ;   {metadata('java/util/concurrent/ConcurrentHashMap')}
  0x000001505976af24: 8b49 3041 | 81fa b85c | 0500 0f85 | e833 0000 

  0x000001505976af34: ; implicit exception: dispatches to 0x0000015059770214
  0x000001505976af34: 8b43 0c4b | 8d2c dc85 | c00f 84ca | 0200 0044 | 8b55 2845 | 85d2 0f84 | a000 0000 | 438b 4cd4 
  0x000001505976af54: 0c85 c90f | 8693 0000 | 0044 8bd8 | 41c1 eb10 | 4433 d849 | c1e2 0341 | 81e3 ffff | ff7f ffc9 
  0x000001505976af74: 4123 cb48 | 63c9 418b | 6c8a 1085 | ed74 6d41 | 8b4c ec0c | 498d 14ec | 413b cb0f | 849f e8ff 
  0x000001505976af94: ff85 c90f | 8cd7 1c00 | 0044 8b52 | 1845 85d2 | 744a 4b8d | 14d4 660f | 1f44 0000 | 498b 8758 
  0x000001505976afb4: 0400 0044 

  0x000001505976afb8: ; ImmutableOopMap {r8=NarrowOop r9=NarrowOop rbx=Oop rdx=Oop [32]=Oop [48]=Oop [56]=Oop [80]=Oop [104]=Oop }
                      ;*if_icmpne {reexecute=1 rethrow=0 return_oop=0}
                      ; - (reexecute) java.util.concurrent.ConcurrentHashMap::get@127
                      ; - java.lang.ClassLoader::getNamedPackage@5
                      ; - java.lang.ClassLoader::postDefineClass@9
                      ; - java.lang.ClassLoader::defineClass@37
                      ; - java.security.SecureClassLoader::defineClass@12
                      ; - java.net.URLClassLoader::defineClass@220
                      ; - java.net.URLClassLoader$1::run@43
                      ; - java.net.URLClassLoader$1::run@1
                      ;   {poll}
  0x000001505976afb8: 8b52 0c85 | 0045 3bd3 | 7521 448b | 5210 498b | c248 c1e0 | 0348 3bc3 | 0f85 9f0a | 0000 8b6a 
  0x000001505976afd8: 1485 ed0f | 8575 e8ff | ffeb 0d8b | 4a18 85c9 | 7406 498d | 14cc ebc0 | 498b 87b8 | 0100 004c 
  0x000001505976aff8: 8bd0 4983 | c218 4d3b | 97c8 0100 | 000f 83f3 | 2700 004d | 8997 b801 | 0000 410f | 1882 c000 
  0x000001505976b018: 0000 48c7 | 0001 0000 

  0x000001505976b020: ;   {metadata('java/lang/NamedPackage')}
  0x000001505976b020: 00c7 4008 | 78f1 0800 | 4489 600c | 4c89 6010 | 448b 5314 

  0x000001505976b034: ; implicit exception: dispatches to 0x0000015059770418
  0x000001505976b034: 478b 5cd4 | 0c45 85db | 0f86 5e0c | 0000 4489 | 4424 4048 | 895c 2448 | 4889 4424 | 6049 8be9 
  0x000001505976b054: 48c1 e503 | 4489 4c24 | 2848 8b54 | 2448 6690 

  0x000001505976b064: ;   {optimized virtual_call}
  0x000001505976b064: c5f8 77e8 

  0x000001505976b068: ; ImmutableOopMap {rbp=Oop [32]=Oop [40]=NarrowOop [48]=Oop [56]=Oop [64]=NarrowOop [72]=Oop [80]=Oop [96]=Oop [104]=Oop }
                      ;*invokevirtual intern {reexecute=0 rethrow=0 return_oop=1}
                      ; - java.lang.NamedPackage::<init>@47
                      ; - java.lang.ClassLoader::getNamedPackage@22
                      ; - java.lang.ClassLoader::postDefineClass@9
                      ; - java.lang.ClassLoader::defineClass@37
                      ; - java.security.SecureClassLoader::defineClass@12
                      ; - java.net.URLClassLoader::defineClass@220
                      ; - java.net.URLClassLoader$1::run@43
                      ; - java.net.URLClassLoader$1::run@1
  0x000001505976b068: 746a c7fe 

  0x000001505976b06c: ;   {other}
  0x000001505976b06c: 0f1f 8400 | 5c28 0015 | 488b d841 | 807f 4000 | 0f85 bb12 | 0000 488b | 7c24 604c | 8bd3 49c1 
  0x000001505976b08c: ea03 4489 | 570c 4c8b | d74c 8bdb | 4d33 da49 | c1eb 164d | 85db 741f | 4885 db74 | 1a49 c1ea 
  0x000001505976b0ac: 0948 b900 | 001f 6650 | 0100 0049 | 03ca 8039 | 020f 8511 | 1300 0041 | 807f 4000 | 0f85 3812 
  0x000001505976b0cc: 0000 8b5c | 2428 895f | 104c 8bd5 | 4c8b df4d | 33d3 49c1 | ea16 4d85 | d274 1e85 | db74 1a49 
  0x000001505976b0ec: c1eb 0948 | b900 001f | 6650 0100 | 0049 03cb | 8039 020f | 857e 1200 | 0044 8b5c | 2440 478b 
  0x000001505976b10c: 54dc 3845 | 85d2 0f84 | 9136 0000 | 4889 7c24 | 7089 5c24 | 6448 8944 | 24f8 8b44 | 2440 8944 
  0x000001505976b12c: 2460 488b | 4424 f84b | 8d14 d44c | 8b44 2448 | 4c8b cf90 

  0x000001505976b140: ;   {optimized virtual_call}
  0x000001505976b140: c5f8 77e8 

  0x000001505976b144: ; ImmutableOopMap {[32]=Oop [40]=NarrowOop [48]=Oop [56]=Oop [64]=NarrowOop [80]=Oop [96]=NarrowOop [100]=NarrowOop [104]=Oop [112]=Oop }
                      ;*invokevirtual putIfAbsent {reexecute=0 rethrow=0 return_oop=1}
                      ; - java.lang.ClassLoader::getNamedPackage@32
                      ; - java.lang.ClassLoader::postDefineClass@9
                      ; - java.lang.ClassLoader::defineClass@37
                      ; - java.security.SecureClassLoader::defineClass@12
                      ; - java.net.URLClassLoader::defineClass@220
                      ; - java.net.URLClassLoader$1::run@43
                      ; - java.net.URLClassLoader$1::run@1
  0x000001505976b144: f87f d1fe 

  0x000001505976b148: ;   {other}
  0x000001505976b148: 0f1f 8400 | 3829 0016 | 4885 c00f | 8420 1200 | 0044 8b50 | 0849 bb00 | 0000 0008 | 0000 004d 
  0x000001505976b168: 03da 4d8b 

  0x000001505976b16c: ;   {metadata('java/lang/NamedPackage')}
  0x000001505976b16c: 5338 49bb | 78f1 0800 | 0800 0000 | 4d3b d30f | 844f 3600 | 00ba deff | ffff 4889 | 4424 2890 
  0x000001505976b18c: ;   {runtime_call UncommonTrapBlob}
  0x000001505976b18c: c5f8 77e8 

  0x000001505976b190: ; ImmutableOopMap {[40]=Oop [48]=Oop [56]=Oop }
                      ;*checkcast {reexecute=0 rethrow=0 return_oop=0}
                      ; - java.lang.ClassLoader::getNamedPackage@35
                      ; - java.lang.ClassLoader::postDefineClass@9
                      ; - java.lang.ClassLoader::defineClass@37
                      ; - java.security.SecureClassLoader::defineClass@12
                      ; - java.net.URLClassLoader::defineClass@220
                      ; - java.net.URLClassLoader$1::run@43
                      ; - java.net.URLClassLoader$1::run@1
  0x000001505976b190: 6c94 6efe 

  0x000001505976b194: ;   {other}
  0x000001505976b194: 0f1f 8400 | 8429 0017 | 498b 87b8 | 0100 004c | 8bd0 4983 | c218 4d3b | 97c8 0100 | 000f 8371 
  0x000001505976b1b4: 2900 004d | 8997 b801 | 0000 410f | 1882 c000 | 0000 48c7 | 0001 0000 

  0x000001505976b1cc: ;   {metadata('java/lang/String')}
  0x000001505976b1cc: 00c7 4008 | 281f 0400 | 4489 600c | 4489 6010 

  0x000001505976b1dc: ;   {oop([B{0x00000006004e5348})}
  0x000001505976b1dc: c740 1469 

  0x000001505976b1e0: ;   {oop(".class"{0x00000006004e4ce8})}
  0x000001505976b1e0: ca09 c049 | bae8 4c4e | 0006 0000 | 0045 0fb6 | 5211 4488 

  0x000001505976b1f4: ;   {oop(".class"{0x00000006004e4ce8})}
  0x000001505976b1f4: 5011 49ba | e84c 4e00 | 0600 0000 | 458b 5a0c | 4489 580c | e9df e5ff | ff44 0fb6 | 5311 4585 
  0x000001505976b214: d20f 8552 | 1a00 0044 | 8b53 1449 | 8bd2 48c1 | e203 807b | 1000 0f85 | 6f25 0000 | 4489 4c24 
  0x000001505976b234: 2c48 895c | 2440 4489 | 4424 2890 

  0x000001505976b240: ;   {static_call}
  0x000001505976b240: c5f8 77e8 

  0x000001505976b244: ; ImmutableOopMap {rbp=Oop [32]=Oop [40]=NarrowOop [44]=NarrowOop [48]=Oop [56]=Oop [64]=Oop [80]=Oop [104]=Oop }
                      ;*invokestatic hashCode {reexecute=0 rethrow=0 return_oop=0}
                      ; - java.lang.String::hashCode@27
                      ; - java.util.concurrent.ConcurrentHashMap::get@1
                      ; - java.lang.ClassLoader::getNamedPackage@5
                      ; - java.lang.ClassLoader::postDefineClass@9
                      ; - java.lang.ClassLoader::defineClass@37
                      ; - java.security.SecureClassLoader::defineClass@12
                      ; - java.net.URLClassLoader::defineClass@220
                      ; - java.net.URLClassLoader$1::run@43
                      ; - java.net.URLClassLoader$1::run@1
  0x000001505976b244: 383e 6efe 

  0x000001505976b248: ;   {other}
  0x000001505976b248: 0f1f 8400 | 382a 0018 | 85c0 0f84 | 2d25 0000 | 488b 5c24 | 4089 430c | 448b 4424 | 2844 8b4c 
  0x000001505976b268: 242c e9d4 | fcff ff48 | 8bf2 e97f | e3ff ff41 | ba2f 0000 | 00e9 d3e1 | ffff 4c8b | 4c24 28e9 
  0x000001505976b288: a2f7 ffff | 4c89 8424 | 9000 0000 | e9f8 e9ff | ff41 b82f | 0000 00e9 | cfe2 ffff 

  0x000001505976b2a4: ;   {metadata('java/lang/IllegalArgumentException')}
  0x000001505976b2a4: 48bd 0096 | 0700 0800 | 0000 4c8b | 5424 584d | 85d2 0f84 | 3708 0000 | 488b 5424 | 204c 8b84 
  0x000001505976b2c4: 2490 0000 | 004c 8b4c | 2458 488b | 7c24 5090 

  0x000001505976b2d4: ;   {optimized virtual_call}
  0x000001505976b2d4: c5f8 77e8 

  0x000001505976b2d8: ; ImmutableOopMap {[32]=Oop [40]=Oop [48]=Oop [56]=Oop [72]=NarrowOop [76]=NarrowOop [80]=Oop [88]=Oop [96]=Oop [104]=NarrowOop [144]=Oop }
                      ;*invokevirtual definePackage {reexecute=0 rethrow=0 return_oop=1}
                      ; - java.net.URLClassLoader::defineClass@64
                      ; - java.net.URLClassLoader$1::run@43
                      ; - java.net.URLClassLoader$1::run@1
  0x000001505976b2d8: c47c c9ee 

  0x000001505976b2dc: ;   {other}
  0x000001505976b2dc: 0f1f 8400 | cc2a 0019 | 4c8b 6c24 | 3044 8b74 | 2448 488b | 5424 204c | 8b44 2428 | 448b 5424 
  0x000001505976b2fc: 4ce9 d4eb | ffff 498b | d8e9 51fb | ffff 4585 | d20f 848a | fcff ff48 | 8954 2470 | 4489 5c24 
  0x000001505976b31c: 6044 894c | 242c 4889 | 5c24 484c | 8b5c 2468 | 4c89 5c24 | 4044 8944 | 2428 4f8d | 04d4 488b 
  0x000001505976b33c: d366 6690 

  0x000001505976b340: ;   {optimized virtual_call}
  0x000001505976b340: c5f8 77e8 

  0x000001505976b344: ; ImmutableOopMap {rbp=NarrowOop [32]=Oop [40]=NarrowOop [44]=NarrowOop [48]=Oop [56]=Oop [64]=Oop [72]=Oop [80]=Oop [112]=Oop }
                      ;*invokevirtual equals {reexecute=0 rethrow=0 return_oop=0}
                      ; - java.util.concurrent.ConcurrentHashMap::get@73
                      ; - java.lang.ClassLoader::getNamedPackage@5
                      ; - java.lang.ClassLoader::postDefineClass@9
                      ; - java.lang.ClassLoader::defineClass@37
                      ; - java.security.SecureClassLoader::defineClass@12
                      ; - java.net.URLClassLoader::defineClass@220
                      ; - java.net.URLClassLoader$1::run@43
                      ; - java.net.URLClassLoader$1::run@1
  0x000001505976b344: f85d a7ff 

  0x000001505976b348: ;   {other}
  0x000001505976b348: 0f1f 8400 | 382b 001a | 85c0 0f84 | 511c 0000 | 448b 4424 | 284c 8b54 | 2440 4c89 | 5424 6848 
  0x000001505976b368: 8b5c 2448 | 448b 4c24 | 2ce9 d3e4 | ffff 33ed | e95f dfff | ff43 0fb7 | 4cd4 1083 | f96a 0f85 
  0x000001505976b388: 74f3 ffff | 430f b74c | d412 83f9 | 610f 8565 | f3ff ff43 | 0fb7 4cd4 | 1483 f976 | 0f85 56f3 
  0x000001505976b3a8: ffff 470f | b75c d416 | 4183 fb61 | 0f85 46f3 | ffff 470f | b75c d418 | 4183 fb2e | 0f85 36f3 
  0x000001505976b3c8: ffff e906 | f3ff ff48 | 8be8 488b | d066 6690 

  0x000001505976b3d8: ;   {optimized virtual_call}
  0x000001505976b3d8: c5f8 77e8 

  0x000001505976b3dc: ; ImmutableOopMap {rbp=Oop [32]=Oop [48]=Oop [56]=Oop [72]=Oop [80]=Oop [100]=NarrowOop }
                      ;*invokevirtual initClassName {reexecute=0 rethrow=0 return_oop=1}
                      ; - java.lang.Class::getName@14
                      ; - java.lang.Class::getPackageName@40
                      ; - java.lang.ClassLoader::postDefineClass@2
                      ; - java.lang.ClassLoader::defineClass@37
                      ; - java.security.SecureClassLoader::defineClass@12
                      ; - java.net.URLClassLoader::defineClass@220
                      ; - java.net.URLClassLoader$1::run@43
                      ; - java.net.URLClassLoader$1::run@1
  0x000001505976b3dc: 8099 c9fe 

  0x000001505976b3e0: ;   {other}
  0x000001505976b3e0: 0f1f 8400 | d02b 001b | 4c8b c048 | 85c0 0f84 | f841 0000 | 4889 6c24 | 68e9 97f7 

  0x000001505976b3fc: ;   {metadata('jdk/internal/loader/URLClassPath$FileLoader$1')}
  0x000001505976b3fc: ffff 4181 | fb98 b36f | 000f 85b8 | 4200 0045 | 33c0 e9e0 | edff ffbb | ffff ffff | e928 f2ff 
  0x000001505976b41c: ff66 6690 | 8984 24a8 | 0000 00e9 | ac03 0000 

  0x000001505976b42c: ;   {metadata('jdk/internal/loader/URLClassPath$FileLoader$1')}
  0x000001505976b42c: 81fb 98b3 | 6f00 0f85 | 0043 0000 | 4d8b cd48 | 8d9c 24c0 | 0000 0049 | 8b01 a802 | 0f85 2300 
  0x000001505976b44c: 0000 4883 | c801 4889 | 03f0 490f | b119 0f84 | 3700 0000 | 482b c448 | 2507 f0ff | ff48 8903 
  0x000001505976b46c: e924 0000 | 004c 8bd8 | 4833 c0f0 | 4d0f b17b | 3e48 c703 | 0300 0000 | 7411 4c3b | f875 1549 
  0x000001505976b48c: ff83 8600 | 0000 4833 | c075 0949 | ff87 5005 | 0000 33c0 | 0f85 ca42 | 0000 458b | 590c 4585 
  0x000001505976b4ac: db0f 8512 | 0100 0049 | 8b87 b801 | 0000 4c8b | d849 83c3 | 204d 3b9f | c801 0000 | 0f83 ea31 
  0x000001505976b4cc: 0000 4d89 | 9fb8 0100 | 0041 0f18 | 83c0 0000 | 0048 c700 | 0100 0000 

  0x000001505976b4e4: ;   {metadata('java/io/FileInputStream')}
  0x000001505976b4e4: c740 0808 | f806 0044 | 8960 0c4c | 8960 104c | 8960 1848 | 8b6c 2460 | 4c89 6c24 | 4844 8b5c 
  0x000001505976b504: 2468 4489 | 5c24 2044 | 8974 2424 | 4889 5424 | 284c 8944 | 2430 4489 | 5424 504c | 894c 2458 
  0x000001505976b524: 4c8b d04c | 8954 2460 | 4c8b 5424 | 5845 8b5a | 184d 8bc3 | 49c1 e003 | 488b 5424 | 6066 6690 
  0x000001505976b544: ;   {optimized virtual_call}
  0x000001505976b544: c5f8 77e8 

  0x000001505976b548: ; ImmutableOopMap {rbp=Oop [32]=NarrowOop [36]=NarrowOop [40]=Oop [48]=Oop [56]=Oop [72]=Oop [80]=NarrowOop [88]=Oop [96]=Oop }
                      ;*invokespecial <init> {reexecute=0 rethrow=0 return_oop=0}
                      ; - jdk.internal.loader.URLClassPath$FileLoader$1::getInputStream@8
                      ; - jdk.internal.loader.Resource::cachedInputStream@9
                      ; - jdk.internal.loader.Resource::getBytes@1
                      ; - java.net.URLClassLoader::defineClass@179
                      ; - java.net.URLClassLoader$1::run@43
                      ; - java.net.URLClassLoader$1::run@1
  0x000001505976b548: 3435 6efe 

  0x000001505976b54c: ;   {other}
  0x000001505976b54c: 0f1f 8400 | 3c2d 001c | 4180 7f40 | 000f 858c | 2800 004c | 8b4c 2458 | 4d8b c14c | 8b54 2460 
  0x000001505976b56c: 4d8b da49 | c1eb 0345 | 8959 0c4d | 33d0 49c1 | ea16 4d85 | d274 1a49 | c1e8 0948 | b900 001f 
  0x000001505976b58c: 6650 0100 | 0049 03c8 | 8039 020f | 858a 2800 | 0048 896c | 2460 4c8b | 6c24 4844 | 8b54 2420 
  0x000001505976b5ac: 4489 5424 | 6844 8b74 | 2424 488b | 5424 284c | 8b44 2430 | 448b 5424 | 5048 8d84 | 24c0 0000 
  0x000001505976b5cc: 0048 8338 | 000f 8478 | 0000 0049 | 8b09 f6c1 | 020f 8462 | 0000 0048 | 83b9 8600 | 0000 0074 
  0x000001505976b5ec: 0948 ff89 | 8600 0000 | eb4b 488b | 8196 0000 | 0048 0b81 | 8e00 0000 | 750a 48c7 | 413e 0000 
  0x000001505976b60c: 0000 eb3d | 4883 b99e | 0000 0000 | 7422 4833 | c048 c741 | 3e00 0000 | 00f0 8304 | 2400 4883 
  0x000001505976b62c: b99e 0000 | 0000 750d | f04c 0fb1 | 793e 7505 | 83c8 01eb | 0ca8 00eb | 0848 8b08 

  0x000001505976b648: ;   {no_reloc}
  0x000001505976b648: f049 0fb1 | 0975 0949 | ff8f 5005 | 0000 33c9 | 0f85 a641 | 0000 488b | 7c24 600f | b66f 3a85 
  0x000001505976b668: ed0f 8551 

  0x000001505976b66c: ;   {oop(""{0x00000006004016f8})}
  0x000001505976b66c: 4300 0048 | bbf8 1640 | 0006 0000 | 0048 be00 | 001f 6650 | 0100 0033 | c948 8b44 | 2460 418b 
  0x000001505976b68c: 7918 85ff | 0f84 5e40 | 0000 894c | 2478 4489 | 5c24 6c4c | 894c 2470 | 4889 7424 | 6048 895c 
  0x000001505976b6ac: 2430 4489 | 5424 544c | 8944 2428 | 4889 5424 | 2044 8974 | 2450 4c89 | 6c24 4848 | 8944 2458 
  0x000001505976b6cc: 498d 14fc 

  0x000001505976b6d0: ;   {optimized virtual_call}
  0x000001505976b6d0: c5f8 77e8 

  0x000001505976b6d4: ; ImmutableOopMap {[32]=Oop [40]=Oop [48]=Oop [56]=Oop [72]=Oop [80]=NarrowOop [84]=NarrowOop [88]=Oop [104]=NarrowOop [108]=NarrowOop [112]=Oop }
                      ;*invokevirtual length {reexecute=0 rethrow=0 return_oop=0}
                      ; - jdk.internal.loader.URLClassPath$FileLoader$1::getContentLength@4
                      ; - jdk.internal.loader.Resource::getBytes@10
                      ; - java.net.URLClassLoader::defineClass@179
                      ; - java.net.URLClassLoader$1::run@43
                      ; - java.net.URLClassLoader$1::run@1
  0x000001505976b6d4: 28c2 7bf1 

  0x000001505976b6d8: ;   {other}
  0x000001505976b6d8: 0f1f 8400 | c82e 001d | 4d8b 97b8 | 0100 004d | 8bc2 4983 | c210 448b | d841 8beb | 4d3b 97c8 
  0x000001505976b6f8: 0100 000f | 83af 2800 | 004d 8997 | b801 0000 | 410f 1882 | c000 0000 | 49c7 0001 | 0000 0041 
  0x000001505976b718: 0f18 8200 

  0x000001505976b71c: ;   {metadata({type array byte})}
  0x000001505976b71c: 0100 0041 | c740 0850 | 0a04 0041 | 0f18 8240 | 0100 0045 | 8960 0c41 | 0f18 8280 | 0100 0044 
  0x000001505976b73c: 8bd5 4183 | faff 0f84 | bc42 0000 | 4585 d27f | 4344 8b5c | 246c 4585 | db0f 85a8 | 0200 00ba 
  0x000001505976b75c: f6ff ffff | 488b 6c24 | 384c 8b54 | 2448 4c89 | 5424 204c | 8b54 2440 | 4c89 5424 | 284c 8944 
  0x000001505976b77c: 2448 6690 

  0x000001505976b780: ;   {runtime_call UncommonTrapBlob}
  0x000001505976b780: c5f8 77e8 

  0x000001505976b784: ; ImmutableOopMap {rbp=Oop [32]=Oop [72]=Oop [80]=NarrowOop [84]=NarrowOop [104]=NarrowOop [112]=Oop }
                      ;*invokevirtual close {reexecute=0 rethrow=0 return_oop=0}
                      ; - jdk.internal.loader.Resource::getBytes@183
                      ; - java.net.URLClassLoader::defineClass@179
                      ; - java.net.URLClassLoader$1::run@43
                      ; - java.net.URLClassLoader$1::run@1
  0x000001505976b784: 788e 6efe 

  0x000001505976b788: ;   {other}
  0x000001505976b788: 0f1f 8400 | 782f 001e | 4489 5424 | 7c4c 8984 | 2480 0000 | 0044 8b54 | 246c 478b | 54d4 0844 
  0x000001505976b7a8: 8b5c 246c | 49c1 e303 | 4c89 9c24 | 8800 0000 

  0x000001505976b7b8: ;   {metadata('java/util/zip/ZipFile$ZipFileInflaterInputStream')}
  0x000001505976b7b8: 4181 fa60 | c808 000f | 8595 1500 | 0045 33d2 | 4c89 9c24 | b000 0000 | 4489 9424 | a800 0000 
  0x000001505976b7d8: 4c8b 9424 | 8000 0000 | 458b 520c | 418b ca44 | 8b9c 24a8 | 0000 0045 | 3bda 0f8c | 781f 0000 
  0x000001505976b7f8: 448b 5c24 | 7c45 8bd3 | 442b 9424 | a800 0000 | 448d 8900 | 0400 0045 | 3bd1 450f | 4fd1 4489 
  0x000001505976b818: 9424 9000 | 0000 4585 | d20f 8cd9 | 4000 0044 | 0394 24a8 | 0000 0044 | 8994 2494 | 0000 004c 
  0x000001505976b838: 8b94 2480 | 0000 0049 | 83c2 104c | 8994 2488 | 0000 0044 | 8b9c 2494 | 0000 0044 | 3bd9 0f84 
  0x000001505976b858: 4624 0000 | 458b d341 | 81fa 0000 | 1000 0f87 | 8e3c 0000 | 4d63 d24d | 8bc2 3b8c | 2494 0000 
  0x000001505976b878: 008b e944 | 8b94 2494 | 0000 0041 | 0f4f ea3b | cd0f 82e2 | 3c00 0044 | 3bd5 0f82 | ef3c 0000 
  0x000001505976b898: 4d8d 5017 | 4c89 9424 | 9800 0000 | 4983 e2f8 | 4c89 9424 | a000 0000 | 448b 9c24 

  0x000001505976b8b4: ;   {no_reloc}
  0x000001505976b8b4: 9400 0000 | 4181 fb00 | 0010 000f | 87d1 2500 | 004d 8b97 | b801 0000 | 4d8b c24d | 8bda 4c8b 
  0x000001505976b8d4: 9424 a000 | 0000 4d03 | da4d 3b9f | c801 0000 | 0f83 ac25 | 0000 4d89 | 9fb8 0100 | 0041 0f18 
  0x000001505976b8f4: 83c0 0000 | 004d 8bd0 | 49c7 0201 | 0000 0041 | 0f18 8300 

  0x000001505976b908: ;   {metadata({type array byte})}
  0x000001505976b908: 0100 0041 | c742 0850 | 0a04 0044 | 8b94 2494 | 0000 0045 | 8950 0c41 | 0f18 8340 | 0100 0041 
  0x000001505976b928: 0f18 8380 | 0100 004d | 8bd0 498b | da49 83c2 | 104d 8bca | 4c8b 9424 | 9800 0000 | 49c1 ea03 
  0x000001505976b948: 498b ca85 | ed0f 84b2 | 3b00 003b | ac24 9400 | 0000 0f8c | 2922 0000 | 4c8b 9424 | a000 0000 
  0x000001505976b968: 4983 c2f0 | 49c1 ea03 | 488b 8c24 | 8800 0000 | 498b d14d | 8bc2 c5f8 | 7749 ba60 | 81e3 5750 
  0x000001505976b988: 0100 0041 

  0x000001505976b98c: ;   {other}
  0x000001505976b98c: ffd2 0f1f | 8400 0000 | 0000 4889 | 9c24 8000 | 0000 488b | 9424 b000 | 0000 4c8b | 8424 8000 
  0x000001505976b9ac: 0000 448b | 8c24 a800 | 0000 8bbc | 2490 0000 | 0066 6690 

  0x000001505976b9c0: ;   {optimized virtual_call}
  0x000001505976b9c0: c5f8 77e8 

  0x000001505976b9c4: ; ImmutableOopMap {[32]=Oop [40]=Oop [48]=Oop [56]=Oop [72]=Oop [80]=NarrowOop [84]=NarrowOop [88]=Oop [104]=NarrowOop [108]=NarrowOop [112]=Oop [128]=Oop [176]=Oop }
                      ;*invokevirtual read {reexecute=0 rethrow=0 return_oop=0}
                      ; - jdk.internal.loader.Resource::getBytes@117
                      ; - java.net.URLClassLoader::defineClass@179
                      ; - java.net.URLClassLoader$1::run@43
                      ; - java.net.URLClassLoader$1::run@1
  0x000001505976b9c4: b830 6efe 

  0x000001505976b9c8: ;   {other}
  0x000001505976b9c8: 0f1f 8400 | b831 001f | 85c0 0f8c | 8f3e 0000 | 0384 24a8 | 0000 004d | 8b97 5804 

  0x000001505976b9e4: ; ImmutableOopMap {[32]=Oop [40]=Oop [48]=Oop [56]=Oop [72]=Oop [80]=NarrowOop [84]=NarrowOop [88]=Oop [104]=NarrowOop [108]=NarrowOop [112]=Oop [128]=Oop [176]=Oop }
                      ;*goto {reexecute=1 rethrow=0 return_oop=0}
                      ; - (reexecute) jdk.internal.loader.Resource::getBytes@179
                      ; - java.net.URLClassLoader::defineClass@179
                      ; - java.net.URLClassLoader$1::run@43
                      ; - java.net.URLClassLoader$1::run@1
                      ;   {poll}
  0x000001505976b9e4: 0000 4185 | 023b 4424 | 7c0f 8c2d | faff ff4c | 8b94 2480 | 0000 0044 | 8b5c 246c | 4d8b c247 
  0x000001505976ba04: 8b4c dc08 | 4b8d 14dc 

  0x000001505976ba0c: ;   {metadata('java/util/zip/ZipFile$ZipFileInflaterInputStream')}
  0x000001505976ba0c: 4181 f960 | c808 000f | 8576 0c00 | 004c 8944 | 2458 6690 

  0x000001505976ba20: ;   {optimized virtual_call}
  0x000001505976ba20: c5f8 77e8 

  0x000001505976ba24: ; ImmutableOopMap {[32]=Oop [40]=Oop [48]=Oop [56]=Oop [72]=Oop [80]=NarrowOop [84]=NarrowOop [88]=Oop [104]=NarrowOop [112]=Oop }
                      ;*invokevirtual close {reexecute=0 rethrow=0 return_oop=0}
                      ; - jdk.internal.loader.Resource::getBytes@183
                      ; - java.net.URLClassLoader::defineClass@179
                      ; - java.net.URLClassLoader$1::run@43
                      ; - java.net.URLClassLoader$1::run@1
  0x000001505976ba24: 5830 6efe 

  0x000001505976ba28: ;   {other}
  0x000001505976ba28: 0f1f 8400 | 1832 0021 | 448b 5424 | 7845 85d2 | 0f85 1840 | 0000 4c8b | 5424 584c | 8954 2470 
  0x000001505976ba48: 4c8b 4c24 | 3048 8b4c | 2460 e9fe 

  0x000001505976ba54: ;   {metadata('jdk/internal/loader/URLClassPath$FileLoader$1')}
  0x000001505976ba54: e6ff ff41 | 81f9 98b3 | 6f00 0f85 | 643e 0000 | 4d8b cd41 | 8b49 1c45 | 8b54 cc0c | e923 dfff 
  0x000001505976ba74: ff49 8baf 

  0x000001505976ba78: ; ImmutableOopMap {r10=NarrowOop r8=NarrowOop r9=NarrowOop rbx=Oop rdx=Oop rax=Oop [32]=Oop [48]=Oop [56]=Oop [80]=Oop [104]=Oop }
                      ;*ifnull {reexecute=1 rethrow=0 return_oop=0}
                      ; - (reexecute) java.util.concurrent.ConcurrentHashMap::get@143
                      ; - java.lang.ClassLoader::getNamedPackage@5
                      ; - java.lang.ClassLoader::postDefineClass@9
                      ; - java.lang.ClassLoader::defineClass@37
                      ; - java.security.SecureClassLoader::defineClass@12
                      ; - java.net.URLClassLoader::defineClass@220
                      ; - java.net.URLClassLoader$1::run@43
                      ; - java.net.URLClassLoader$1::run@1
  0x000001505976ba78: 5804 0000 

  0x000001505976ba7c: ;   {poll}
  0x000001505976ba7c: 8545 0045 | 85d2 0f84 | 15f5 ffff | 4889 5424 | 6044 895c | 244c 4489 | 4c24 4848 | 895c 2440 
  0x000001505976ba9c: 4c8b 5c24 | 684c 895c | 2428 418b | e84f 8d04 | d448 8bd3 

  0x000001505976bab0: ;   {optimized virtual_call}
  0x000001505976bab0: c5f8 77e8 

  0x000001505976bab4: ; ImmutableOopMap {rbp=NarrowOop [32]=Oop [40]=Oop [48]=Oop [56]=Oop [64]=Oop [72]=NarrowOop [80]=Oop [96]=Oop }
                      ;*invokevirtual equals {reexecute=0 rethrow=0 return_oop=0}
                      ; - java.util.concurrent.ConcurrentHashMap::get@149
                      ; - java.lang.ClassLoader::getNamedPackage@5
                      ; - java.lang.ClassLoader::postDefineClass@9
                      ; - java.lang.ClassLoader::defineClass@37
                      ; - java.security.SecureClassLoader::defineClass@12
                      ; - java.net.URLClassLoader::defineClass@220
                      ; - java.net.URLClassLoader$1::run@43
                      ; - java.net.URLClassLoader$1::run@1
  0x000001505976bab4: 8856 a7ff 

  0x000001505976bab8: ;   {other}
  0x000001505976bab8: 0f1f 8400 | a832 0023 | 4d8b 9758 

  0x000001505976bac4: ; ImmutableOopMap {rbp=NarrowOop [32]=Oop [40]=Oop [48]=Oop [56]=Oop [64]=Oop [72]=NarrowOop [80]=Oop [96]=Oop }
                      ;*ifeq {reexecute=1 rethrow=0 return_oop=0}
                      ; - (reexecute) java.util.concurrent.ConcurrentHashMap::get@152
                      ; - java.lang.ClassLoader::getNamedPackage@5
                      ; - java.lang.ClassLoader::postDefineClass@9
                      ; - java.lang.ClassLoader::defineClass@37
                      ; - java.security.SecureClassLoader::defineClass@12
                      ; - java.net.URLClassLoader::defineClass@220
                      ; - java.net.URLClassLoader$1::run@43
                      ; - java.net.URLClassLoader$1::run@1
                      ;   {poll}
  0x000001505976bac4: 0400 0041 | 8502 85c0 | 0f84 b71e | 0000 448b | c54c 8b54 | 2428 4c89 | 5424 6848 | 8b5c 2440 
  0x000001505976bae4: 448b 4c24 | 4848 8b54 | 2460 e9e3 | f4ff ff48 | 8b54 2420 | 4c8b 8424 | 9000 0000 | 4533 c933 
  0x000001505976bb04: ff33 f633 | c945 33d2 | 4c89 1424 | 4c89 5424 | 084c 8954 | 2410 6690 

  0x000001505976bb1c: ;   {optimized virtual_call}
  0x000001505976bb1c: c5f8 77e8 

  0x000001505976bb20: ; ImmutableOopMap {[32]=Oop [40]=Oop [48]=Oop [56]=Oop [72]=NarrowOop [76]=NarrowOop [80]=Oop [96]=Oop [104]=NarrowOop [144]=Oop }
                      ;*invokevirtual definePackage {reexecute=0 rethrow=0 return_oop=1}
                      ; - java.net.URLClassLoader::defineClass@81
                      ; - java.net.URLClassLoader$1::run@43
                      ; - java.net.URLClassLoader$1::run@1
  0x000001505976bb20: 9c51 5bf1 

  0x000001505976bb24: ;   {other}
  0x000001505976bb24: 0f1f 8400 | 1433 0025 | e9b3 f7ff 

  0x000001505976bb30: ;   {metadata('jdk/internal/loader/URLClassPath$FileLoader$1')}
  0x000001505976bb30: ff81 fb98 | b36f 000f | 8517 3e00 | 0049 8bed | 498b 87b8 | 0100 004c | 8bd8 4983 | c320 4d3b 
  0x000001505976bb50: 9fc8 0100 | 000f 8311 | 2c00 004d | 899f b801 | 0000 410f | 1883 c000 | 0000 48c7 | 0001 0000 
  0x000001505976bb70: ;   {metadata('java/io/FileInputStream')}
  0x000001505976bb70: 00c7 4008 | 08f8 0600 | 4489 600c | 4c89 6010 | 4c89 6018 | 4c89 6c24 | 2044 8974 | 2428 4889 
  0x000001505976bb90: 5424 304c | 8944 2448 | 4489 5424 | 2c89 5c24 | 504c 8bd0 | 4c89 5424 | 5844 8b55 | 184d 8bc2 
  0x000001505976bbb0: 49c1 e003 | 488b 5424 | 5866 6690 

  0x000001505976bbbc: ;   {optimized virtual_call}
  0x000001505976bbbc: c5f8 77e8 

  0x000001505976bbc0: ; ImmutableOopMap {rbp=Oop [32]=Oop [40]=NarrowOop [44]=NarrowOop [48]=Oop [56]=Oop [72]=Oop [88]=Oop [96]=Oop [104]=NarrowOop }
                      ;*invokespecial <init> {reexecute=0 rethrow=0 return_oop=0}
                      ; - jdk.internal.loader.URLClassPath$FileLoader$1::getInputStream@8
                      ; - jdk.internal.loader.Resource::cachedInputStream@9
                      ; - jdk.internal.loader.Resource::getByteBuffer@1
                      ; - java.net.URLClassLoader::defineClass@132
                      ; - java.net.URLClassLoader$1::run@43
                      ; - java.net.URLClassLoader$1::run@1
  0x000001505976bbc0: bc3e baff 

  0x000001505976bbc4: ;   {other}
  0x000001505976bbc4: 0f1f 8400 | b433 0026 | 488b 5c24 | 58e9 dde3 | ffff 448d | 1c6d 0000 | 0000 4585 | db0f 8ca5 
  0x000001505976bbe4: 3d00 0043 | 8d3c 0085 | ff0f 8c99 | 3d00 0041 | 8d0c 3b44 | 3bc9 0f82 | 8c3d 0000 | 4b8d 7c1d 
  0x000001505976bc04: 1041 8bd0 | 8bca 83e1 | 0f83 e2f0 | 741c 488d | 3416 488d | 3c57 48f7 | dac4 e27d | 3004 16c5 
  0x000001505976bc24: fe7f 0457 | 4883 c210 | 75ef 8bd1 | 83e1 0783 | e2f8 7427 | c4e2 7930 | 06c5 fa7f | 0748 83c6 
  0x000001505976bc44: 0848 83c7 | 10e9 1100 | 0000 c4e2 | 7930 0416 | c5fa 7f04 | 5748 83c2 | 0875 ef8b | d183 fa04 
  0x000001505976bc64: 7c19 c5f9 | 6e06 c4e2 | 7930 c0c5 | f9d6 0748 | 83ea 0448 | 83c6 0448 | 83c7 0885 | d274 1848 
  0x000001505976bc84: 8d34 1648 | 8d3c 5748 | f7da 0fb6 | 0c16 6689 | 0c57 48ff | c275 f3e9 | f9da ffff | 4585 c90f 
  0x000001505976bca4: 844b 3f00 | 0048 8944 | 2460 4889 | 5c24 4844 | 8944 2440 | 4b8d 14cc | 4489 4c24 

  0x000001505976bcc0: ;   {no_reloc}
  0x000001505976bcc0: 4466 6690 

  0x000001505976bcc4: ;   {optimized virtual_call}
  0x000001505976bcc4: c5f8 77e8 

  0x000001505976bcc8: ; ImmutableOopMap {[32]=Oop [48]=Oop [56]=Oop [64]=NarrowOop [68]=NarrowOop [72]=Oop [80]=Oop [96]=Oop [104]=Oop }
                      ;*invokevirtual isNamed {reexecute=0 rethrow=0 return_oop=0}
                      ; - java.lang.NamedPackage::<init>@12
                      ; - java.lang.ClassLoader::getNamedPackage@22
                      ; - java.lang.ClassLoader::postDefineClass@9
                      ; - java.lang.ClassLoader::defineClass@37
                      ; - java.security.SecureClassLoader::defineClass@12
                      ; - java.net.URLClassLoader::defineClass@220
                      ; - java.net.URLClassLoader$1::run@43
                      ; - java.net.URLClassLoader$1::run@1
  0x000001505976bcc8: 74d4 afee 

  0x000001505976bccc: ;   {other}
  0x000001505976bccc: 0f1f 8400 | bc34 0027 | 85c0 0f85 | 303f 0000 | 448b 4c24 | 44e9 6bf3 | ffff 4c8b | c545 8b50 
  0x000001505976bcec: 2045 85d2 | 0f84 93e5 | ffff 4d8b | 5f28 498b | ca48 c1e1 | 034d 85db | 0f84 8a2c | 0000 4d8b 
  0x000001505976bd0c: 5738 4b89 | 4c1a f849 | 83c3 f84d | 895f 28e9 | 69e5 ffff | 4d8b 5758 | 4d8b 5f48 | f083 4424 
  0x000001505976bd2c: c000 8039 | 000f 848e | e5ff ff44 | 8821 4d85 | db75 2649 | 8bd8 498b | d7c5 f877 | 49ba 60d1 
  0x000001505976bd4c: 9836 fd7f | 0000 41ff 

  0x000001505976bd54: ;   {other}
  0x000001505976bd54: d20f 1f84 | 0000 0000 | 004c 8bc3 | e960 e5ff | ff4b 894c | 1af8 4983 | c3f8 4d89 | 5f48 e94e 
  0x000001505976bd74: e5ff ff47 | 8b4c d40c | 438b 7cd4 | 0849 63d9 | 4b8d 2cd4 | 48c1 e302 | 4181 f900 | 0004 000f 
  0x000001505976bd94: 8756 3500 | 0048 895c | 2478 458b | d944 8954 | 2464 4889 | 4c24 7048 | 8974 2468 | 4489 4424 
  0x000001505976bdb4: 504d 8b97 | b801 0000 | 4c8d 4317 | 4983 e0f8 | 4d8b ca4d | 03c8 4d3b | 8fc8 0100 | 000f 8334 
  0x000001505976bdd4: 3500 004d | 898f b801 | 0000 410f | 1881 c000 | 0000 49c7 | 0201 0000 | 0041 897a | 0845 895a 
  0x000001505976bdf4: 0c41 0f18 | 8100 0100 | 0041 0f18 | 8140 0100 | 0041 0f18 | 8180 0100 | 0044 8b44 | 2464 4b8d 
  0x000001505976be14: 4cc4 1049 | 8bd2 4883 | c210 498b | da4c 8b54 | 2478 4983 | c207 49c1 | ea03 4d8b | c2c5 f877 
  0x000001505976be34: 49ba 6081 | e357 5001 | 0000 41ff 

  0x000001505976be40: ;   {other}
  0x000001505976be40: d20f 1f84 | 0000 0000 | 00e9 b102 | 0000 498b | 87b8 0100 | 004c 8bd0 | 4983 c218 | 4b8d 14dc 
  0x000001505976be60: 4d3b 97c8 | 0100 000f | 8396 3500 | 004d 8997 | b801 0000 | 410f 1882 | c000 0000 | 48c7 0001 
  0x000001505976be80: ;   {metadata('java/util/ArrayList')}
  0x000001505976be80: 0000 00c7 | 4008 9876 | 0500 4489 | 600c 4489 | 6010 458b 

  0x000001505976be94: ;   {oop(a 'java/lang/Object'[0] {0x000000060044d068})}
  0x000001505976be94: 54dc 0cc7 | 4014 0d9a | 08c0 488b | f845 85d2 | 0f86 c600 | 0000 4533 | c9eb 1b90 | 448b c548 
  0x000001505976beb4: 8b74 2468 | 488b 4c24 | 7048 8b54 | 2478 488b | bc24 8000 | 0000 458b | 54dc 0c45 | 3bca 0f83 
  0x000001505976bed4: b83c 0000 | 4d8d 14dc | 438b 5c8a | 1045 8b54 | dc10 478b | 54d4 1044 | 894c 2464 | 4889 bc24 
  0x000001505976bef4: 8000 0000 | 4889 5424 | 7848 894c | 2470 4489 | 5c24 5048 | 8974 2468 | 418b e84d | 8bc2 49c1 
  0x000001505976bf14: e003 488b | d766 6690 

  0x000001505976bf1c: ;   {optimized virtual_call}
  0x000001505976bf1c: c5f8 77e8 

  0x000001505976bf20: ; ImmutableOopMap {rbp=NarrowOop [32]=Oop [40]=Oop [48]=Oop [56]=Oop [64]=Oop [72]=Oop [80]=NarrowOop [84]=NarrowOop [104]=Oop [112]=Oop [120]=Oop [128]=Oop }
                      ;*invokevirtual addAll {reexecute=0 rethrow=0 return_oop=0}
                      ; - java.security.CodeSource::getCertificates@57
                      ; - java.lang.ClassLoader::checkCerts@34
                      ; - java.lang.ClassLoader::preDefineClass@113
                      ; - java.lang.ClassLoader::defineClass@4
                      ; - java.security.SecureClassLoader::defineClass@12
                      ; - java.net.URLClassLoader::defineClass@220
                      ; - java.net.URLClassLoader$1::run@43
                      ; - java.net.URLClassLoader$1::run@1
  0x000001505976bf20: 5c2b 6efe 

  0x000001505976bf24: ;   {other}
  0x000001505976bf24: 0f1f 8400 | 1437 0028 | 4d8b 9758 | 0400 0044 | 8b5c 2450 | 438b 5cdc | 1044 8b4c | 2464 41ff 
  0x000001505976bf44: ; ImmutableOopMap {r11=NarrowOop rbx=NarrowOop rbp=NarrowOop [32]=Oop [40]=Oop [48]=Oop [56]=Oop [64]=Oop [72]=Oop [84]=NarrowOop [104]=Oop [112]=Oop [120]=Oop [128]=Oop }
                      ;*goto {reexecute=1 rethrow=0 return_oop=0}
                      ; - (reexecute) java.security.CodeSource::getCertificates@64
                      ; - java.lang.ClassLoader::checkCerts@34
                      ; - java.lang.ClassLoader::preDefineClass@113
                      ; - java.lang.ClassLoader::defineClass@4
                      ; - java.security.SecureClassLoader::defineClass@12
                      ; - java.net.URLClassLoader::defineClass@220
                      ; - java.net.URLClassLoader$1::run@43
                      ; - java.net.URLClassLoader$1::run@1
                      ;   {poll}
  0x000001505976bf44: c141 8502 

  0x000001505976bf48: ; implicit exception: dispatches to 0x0000015059770530
  0x000001505976bf48: 458b 54dc | 0c45 3bca | 0f8c 5aff | ffff 448b | c548 8b74 | 2468 488b | 4c24 7048 | 8b54 2478 
  0x000001505976bf68: 488b bc24 | 8000 0000 | 498b 87b8 | 0100 004c | 8bd0 4983 | c210 4d3b | 97c8 0100 | 000f 83cd 
  0x000001505976bf88: 3400 004d | 8997 b801 | 0000 410f | 1882 c000 | 0000 48c7 | 0001 0000 | 0041 0f18 | 8200 0100 
  0x000001505976bfa8: ;   {metadata('java/security/cert/Certificate'[])}
  0x000001505976bfa8: 00c7 4008 | 409e 0200 | 410f 1882 | 4001 0000 | 4489 600c | 410f 1882 | 8001 0000 | 4489 4424 
  0x000001505976bfc8: 5048 8974 | 2468 4489 | 5c24 6448 | 894c 2470 | 488b ea48 | 897c 2478 | 4c8b c048 | 8b54 2478 
  0x000001505976bfe8: ;   {optimized virtual_call}
  0x000001505976bfe8: c5f8 77e8 

  0x000001505976bfec: ; ImmutableOopMap {rbp=Oop [32]=Oop [40]=Oop [48]=Oop [56]=Oop [64]=Oop [72]=Oop [80]=NarrowOop [84]=NarrowOop [100]=NarrowOop [104]=Oop [112]=Oop }
                      ;*invokevirtual toArray {reexecute=0 rethrow=0 return_oop=1}
                      ; - java.security.CodeSource::getCertificates@73
                      ; - java.lang.ClassLoader::checkCerts@34
                      ; - java.lang.ClassLoader::preDefineClass@113
                      ; - java.lang.ClassLoader::defineClass@4
                      ; - java.security.SecureClassLoader::defineClass@12
                      ; - java.net.URLClassLoader::defineClass@220
                      ; - java.net.URLClassLoader$1::run@43
                      ; - java.net.URLClassLoader$1::run@1
  0x000001505976bfec: 902a 6efe 

  0x000001505976bff0: ;   {other}
  0x000001505976bff0: 0f1f 8400 | e037 002a | 4c8b d044 

  0x000001505976bffc: ;   {metadata('java/security/cert/Certificate'[])}
  0x000001505976bffc: 8b58 0841 | 81fb 409e | 0200 0f85 | c03f 0000 | 4180 7f40 | 000f 8530 | 2f00 0044 | 8b44 2464 
  0x000001505976c01c: 4c8b dd49 | 8bca 48c1 | e903 4389 | 4cc4 144d | 8bca 4d33 | cb49 c1e9 | 164d 85c9 | 741a 49c1 
  0x000001505976c03c: eb09 48b9 | 0000 1f66 | 5001 0000 | 4903 cb80 | 3902 0f85 | 302f 0000 | 458b 4a0c | 458b 4208 
  0x000001505976c05c: 4963 f948 | c1e7 0241 | 81f9 0000 | 0400 0f87 | 2934 0000 | 498b 9fb8 | 0100 004c | 8d5f 1749 
  0x000001505976c07c: 83e3 f848 | 8bcb 4903 | cb49 3b8f | c801 0000 | 0f83 0734 | 0000 4989 | 8fb8 0100 | 000f 1881 
  0x000001505976c09c: c000 0000 | 48c7 0301 | 0000 0044 | 8943 0844 | 894b 0c0f | 1881 0001 | 0000 0f18 | 8140 0100 
  0x000001505976c0bc: 000f 1881 | 8001 0000 | 4c89 5424 | 7848 8bef | 488b 4c24 | 7848 83c1 | 1048 8bd3 | 4883 c210 
  0x000001505976c0dc: 4c8d 5507 | 49c1 ea03 | 4d8b c2c5 | f877 49ba | 6081 e357 | 5001 0000 

  0x000001505976c0f4: ;   {other}
  0x000001505976c0f4: 41ff d20f | 1f84 0000 | 0000 0044 | 8b44 2450 | 488b 7424 | 6848 8b4c | 2470 4c8b | cbe9 45e9 
  0x000001505976c114: ;   {metadata('jdk/internal/loader/URLClassPath$FileLoader$1')}
  0x000001505976c114: ffff 4181 | fb98 b36f | 000f 8541 | 3b00 0045 | 33db 4c89 | 6c24 3044 | 8974 2448 | 4889 5424 
  0x000001505976c134: 204c 8944 | 2428 4c89 | 5c24 58e9 | 3add ffff | 4c8b 4c24 | 7845 8b41 | 1445 85c0 | 0f84 91e8 
  0x000001505976c154: ffff 4d8b | 5728 498b | c848 c1e1 | 034d 85d2 | 0f84 f42b | 0000 4d8b | 4738 4b89 | 4c10 f849 
  0x000001505976c174: 83c2 f84d | 8957 28e9 | 67e8 ffff | 4d8b 5748 | 4d8b 5f58 | f083 4424 | c000 8039 | 000f 8484 
  0x000001505976c194: e8ff ff44 | 8821 4d85 | d275 2649 | 8bd9 498b | d7c5 f877 | 49ba 60d1 | 9836 fd7f | 0000 41ff 
  0x000001505976c1b4: ;   {other}
  0x000001505976c1b4: d20f 1f84 | 0000 0000 | 004c 8bcb | e956 e8ff | ff4b 894c | 13f8 4983 | c2f8 4d89 | 5748 e944 
  0x000001505976c1d4: e8ff ff4c | 8b5c 2458 | 458b 4b14 | 4585 c90f | 844f daff | ff4d 8b47 | 2849 8bc9 | 48c1 e103 
  0x000001505976c1f4: 4d85 c00f | 848c 2b00 | 004d 8b4f | 384b 894c | 01f8 4983 | c0f8 4d89 | 4728 e925 | daff ff4d 
  0x000001505976c214: 8b57 484d | 8b47 58f0 | 8344 24c0 | 0080 3900 | 0f84 42da | ffff 4488 | 214d 85d2 | 7526 498b 
  0x000001505976c234: db49 8bd7 | c5f8 7749 | ba60 d198 | 36fd 7f00 | 0041 ffd2 

  0x000001505976c248: ;   {other}
  0x000001505976c248: 0f1f 8400 | 0000 0000 | 4c8b dbe9 | 14da ffff | 4b89 4c10 | f849 83c2 | f84d 8957 | 48e9 02da 
  0x000001505976c268: ;   {oop(""{0x00000006004016f8})}
  0x000001505976c268: ffff 48b9 | f816 4000 | 0600 0000 | e9b8 e7ff | ff4c 8b6c | 2420 458b | 5d0c 4585 | db0f 8438 
  0x000001505976c288: ddff ff4d | 8b57 2849 | 8bcb 48c1 | e103 4d85 | d20f 84b5 | 2b00 004d | 8b5f 384b | 894c 13f8 
  0x000001505976c2a8: 4983 c2f8 | 4d89 5728 | e90e ddff | ff4d 8b57 | 484d 8b5f | 58f0 8344 | 24c0 0080 | 3900 0f84 
  0x000001505976c2c8: 33dd ffff | 4488 214d | 85d2 7520 | 498b d7c5 | f877 49ba | 60d1 9836 | fd7f 0000 

  0x000001505976c2e4: ;   {other}
  0x000001505976c2e4: 41ff d20f | 1f84 0000 | 0000 00e9 | 0bdd ffff | 4b89 4c13 | f849 83c2 | f84d 8957 | 48e9 f9dc 
  0x000001505976c304: ffff 448b | 5710 4585 | d20f 84bb | edff ff4d | 8b5f 2849 | 8bca 48c1 | e103 4d85 | db0f 84e0 
  0x000001505976c324: 2b00 004d | 8b57 384b | 894c 1af8 | 4983 c3f8 | 4d89 5f28 | e991 edff | ff48 8b7c | 2460 448b 
  0x000001505976c344: 5f0c 4585 | db0f 8438 | edff ff4d | 8b57 2849 | 8bcb 48c1 | e103 4d85 | d20f 84c4 | 2b00 004d 
  0x000001505976c364: 8b5f 384b | 894c 13f8 | 4983 c2f8 | 4d89 5728 | e90e edff | ff44 8b44 | 2440 e9fc | d4ff ff4d 
  0x000001505976c384: 8b57 484d | 8b5f 58f0 | 8344 24c0 | 0080 3900 | 0f84 6bed | ffff 4488 | 214d 85d2 | 7520 498b 
  0x000001505976c3a4: d7c5 f877 | 49ba 60d1 | 9836 fd7f | 0000 41ff 

  0x000001505976c3b4: ;   {other}
  0x000001505976c3b4: d20f 1f84 | 0000 0000 | 00e9 43ed | ffff 4b89 | 4c13 f849 | 83c2 f84d | 8957 48e9 | 31ed ffff 
  0x000001505976c3d4: 4d8b 5758 | 4d8b 5f48 | f083 4424 | c000 8039 | 000f 84d8 | ecff ff44 | 8821 4d85 | db75 2049 
  0x000001505976c3f4: 8bd7 c5f8 | 7749 ba60 | d198 36fd | 7f00 0041 

  0x000001505976c404: ;   {other}
  0x000001505976c404: ffd2 0f1f | 8400 0000 | 0000 e9b0 | ecff ff4b | 894c 1af8 | 4983 c3f8 | 4d89 5f48 | e99e ecff 
  0x000001505976c424: ff4c 896c | 2448 4489 | 4c24 4048 | 895c 2430 | 4889 7424 | 284c 8974 | 2420 488b 

  0x000001505976c440: ;   {oop(".class"{0x00000006004e4ce8})}
  0x000001505976c440: 6c24 3848 | bae8 4c4e | 0006 0000 | 004d 8bc5 | 458b cabf | 0100 0000 

  0x000001505976c458: ;   {optimized virtual_call}
  0x000001505976c458: c5f8 77e8 

  0x000001505976c45c: ; ImmutableOopMap {rbp=Oop [32]=Oop [40]=Oop [72]=Oop }
                      ;*invokevirtual getBytes {reexecute=0 rethrow=0 return_oop=0}
                      ; - java.lang.StringConcatHelper::prepend@32
                      ; - java.lang.StringConcatHelper::simpleConcat@71
                      ; - java.lang.String::concat@11
                      ; - java.net.URLClassLoader$1::run@13
                      ; - java.net.URLClassLoader$1::run@1
  0x000001505976c45c: 2026 6efe 

  0x000001505976c460: ;   {other}
  0x000001505976c460: 0f1f 8400 | 503c 002b | 4889 6c24 | 3848 8b74 | 2428 488b | 5c24 3044 | 8b4c 2440 | 4c8b 6c24 
  0x000001505976c480: 484c 8b74 | 2420 e991 | d2ff ff44 | 8bdd 4c89 | 6c24 3048 | 895c 2428 | 4c89 7424 | 2048 8bd6 
  0x000001505976c4a0: 4d8b c545 | 8bcb bf01 | 0000 0090 

  0x000001505976c4ac: ;   {optimized virtual_call}
  0x000001505976c4ac: c5f8 77e8 

  0x000001505976c4b0: ; ImmutableOopMap {[32]=Oop [48]=Oop [56]=Oop }
                      ;*invokevirtual getBytes {reexecute=0 rethrow=0 return_oop=0}
                      ; - java.lang.StringConcatHelper::prepend@32
                      ; - java.lang.StringConcatHelper::simpleConcat@81
                      ; - java.lang.String::concat@11
                      ; - java.net.URLClassLoader$1::run@13
                      ; - java.net.URLClassLoader$1::run@1
  0x000001505976c4b0: cc25 6efe 

  0x000001505976c4b4: ;   {other}
  0x000001505976c4b4: 0f1f 8400 | a43c 002c | 488b 5c24 | 284c 8b6c | 2430 4c8b | 7424 20e9 | c9d2 ffff | 498b db4d 
  0x000001505976c4d4: 8bd0 4c63 | c549 8d48 | 104c 8bd9 | 4983 e3f8 | 488b fb49 | 03fb 48c1 | e903 4c2b | d149 8bca 
  0x000001505976c4f4: 4833 c048 | 83f9 087f | 1048 ffc9 | 784f 4889 | 04cf 48ff | c97d f7eb | 44c5 fdef | c0e9 0d00 
  0x000001505976c514: 0000 c5fe | 7f07 c5fe | 7f47 2048 | 83c7 4048 | 83e9 087d | ed48 83c1 | 047c 0cc5 | fe7f 0748 
  0x000001505976c534: 83c7 2048 | 83e9 0448 | 83c1 047e | 1048 ffc9 | c5f9 d607 | 4883 c708 | 48ff c97d | f348 8b8c 
  0x000001505976c554: 2480 0000 | 00c5 f877 | 49ba c07a | e357 5001 | 0000 41ff 

  0x000001505976c568: ;   {other}
  0x000001505976c568: d20f 1f84 | 0000 0000 | 004c 8bdb | e95e e4ff | ff49 8bda | 4d8b d34c | 63c5 4d8d | 5810 4d8b 
  0x000001505976c588: cb49 83e1 | f848 8bfb | 4903 f949 | c1eb 034d | 2bd3 498b | ca48 33c0 | 4883 f908 | 7f10 48ff 
  0x000001505976c5a8: c978 4f48 | 8904 cf48 | ffc9 7df7 | eb44 c5fd | efc0 e90d | 0000 00c5 | fe7f 07c5 | fe7f 4720 
  0x000001505976c5c8: 4883 c740 | 4883 e908 | 7ded 4883 | c104 7c0c | c5fe 7f07 | 4883 c720 | 4883 e904 | 4883 c104 
  0x000001505976c5e8: 7e10 48ff | c9c5 f9d6 | 0748 83c7 | 0848 ffc9 | 7df3 488b | 4c24 70c5 | f877 49ba | c07a e357 
  0x000001505976c608: 5001 0000 

  0x000001505976c60c: ;   {other}
  0x000001505976c60c: 41ff d20f | 1f84 0000 | 0000 004c | 8bd3 e909 | d6ff ff48 | 8974 2468 | 488b 5424 | 2866 6690 
  0x000001505976c62c: ;   {optimized virtual_call}
  0x000001505976c62c: c5f8 77e8 

  0x000001505976c630: ; ImmutableOopMap {rbp=NarrowOop [32]=Oop [40]=Oop [48]=Oop [56]=Oop [64]=Oop [72]=Oop [80]=NarrowOop [84]=NarrowOop [104]=Oop }
                      ;*invokevirtual length {reexecute=0 rethrow=0 return_oop=0}
                      ; - java.lang.String::indexOf@30
                      ; - java.lang.String::indexOf@3
                      ; - java.lang.ClassLoader::checkName@16
                      ; - java.lang.ClassLoader::preDefineClass@1
                      ; - java.lang.ClassLoader::defineClass@4
                      ; - java.security.SecureClassLoader::defineClass@12
                      ; - java.net.URLClassLoader::defineClass@220
                      ; - java.net.URLClassLoader$1::run@43
                      ; - java.net.URLClassLoader$1::run@1
  0x000001505976c630: 4c24 6efe 

  0x000001505976c634: ;   {other}
  0x000001505976c634: 0f1f 8400 | 243e 002d | 488b d548 | c1e2 0341 | b82f 0000 | 0045 33c9 | 8bf8 6690 

  0x000001505976c650: ;   {static_call}
  0x000001505976c650: c5f8 77e8 

  0x000001505976c654: ; ImmutableOopMap {[32]=Oop [40]=Oop [48]=Oop [56]=Oop [64]=Oop [72]=Oop [80]=NarrowOop [84]=NarrowOop [104]=Oop }
                      ;*invokestatic indexOf {reexecute=0 rethrow=0 return_oop=0}
                      ; - java.lang.String::indexOf@33
                      ; - java.lang.String::indexOf@3
                      ; - java.lang.ClassLoader::checkName@16
                      ; - java.lang.ClassLoader::preDefineClass@1
                      ; - java.lang.ClassLoader::defineClass@4
                      ; - java.security.SecureClassLoader::defineClass@12
                      ; - java.net.URLClassLoader::defineClass@220
                      ; - java.net.URLClassLoader$1::run@43
                      ; - java.net.URLClassLoader$1::run@1
  0x000001505976c654: 282a 6efe 

  0x000001505976c658: ;   {other}
  0x000001505976c658: 0f1f 8400 | 483e 002e | 448b 4424 | 5048 8b74 | 2468 8bd8 | e9d4 dfff 

  0x000001505976c670: ;   {oop(""{0x00000006004016f8})}
  0x000001505976c670: ff49 b9f8 | 1640 0006 | 0000 00e9 | aee3 ffff 

  0x000001505976c680: ;   {oop(""{0x00000006004016f8})}
  0x000001505976c680: 49bb f816 | 4000 0600 | 0000 e9fa | d5ff ff4c | 8944 2458 | 6690 c5f8 | 7748 b808 | f806 0008 
  0x000001505976c6a0: ;   {virtual_call}
  0x000001505976c6a0: 0000 00e8 

  0x000001505976c6a4: ; ImmutableOopMap {[32]=Oop [40]=Oop [48]=Oop [56]=Oop [72]=Oop [80]=NarrowOop [84]=NarrowOop [88]=Oop [104]=NarrowOop [112]=Oop }
                      ;*invokevirtual close {reexecute=0 rethrow=0 return_oop=0}
                      ; - jdk.internal.loader.Resource::getBytes@183
                      ; - java.net.URLClassLoader::defineClass@179
                      ; - java.net.URLClassLoader$1::run@43
                      ; - java.net.URLClassLoader$1::run@1
  0x000001505976c6a4: 781d 5cff 

  0x000001505976c6a8: ;   {other}
  0x000001505976c6a8: 0f1f 8400 | 983e 002f | e97b f3ff | ff48 8974 | 2468 418b | e849 8bd2 | 48c1 e203 | 4533 c090 
  0x000001505976c6c8: ;   {static_call}
  0x000001505976c6c8: c5f8 77e8 

  0x000001505976c6cc: ; ImmutableOopMap {rbp=NarrowOop [32]=Oop [40]=Oop [48]=Oop [56]=Oop [64]=Oop [72]=Oop [84]=NarrowOop [104]=Oop }
                      ;*invokestatic charAt {reexecute=0 rethrow=0 return_oop=0}
                      ; - java.lang.String::charAt@21
                      ; - java.lang.ClassLoader::checkName@25
                      ; - java.lang.ClassLoader::preDefineClass@1
                      ; - java.lang.ClassLoader::defineClass@4
                      ; - java.security.SecureClassLoader::defineClass@12
                      ; - java.net.URLClassLoader::defineClass@220
                      ; - java.net.URLClassLoader$1::run@43
                      ; - java.net.URLClassLoader$1::run@1
  0x000001505976c6cc: b029 6efe 

  0x000001505976c6d0: ;   {other}
  0x000001505976c6d0: 0f1f 8400 | c03e 0030 | 448b c548 | 8b74 2468 | 448b d0e9 | 8adf ffff | 470f b654 | c411 4585 
  0x000001505976c6f0: d20f 85a5 | d6ff ff8b | 6c24 5890 

  0x000001505976c6fc: ;   {static_call}
  0x000001505976c6fc: c5f8 77e8 

  0x000001505976c700: ; ImmutableOopMap {rbp=NarrowOop [32]=Oop [40]=Oop [48]=Oop [56]=Oop [72]=NarrowOop [76]=NarrowOop [80]=Oop [96]=Oop [104]=NarrowOop [112]=Oop [144]=Oop }
                      ;*invokestatic beginInit {reexecute=0 rethrow=0 return_oop=1}
                      ; - java.util.jar.JarFile::ensureInitialization@31
                      ; - java.util.jar.JavaUtilJarAccessImpl::ensureInitialization@1
                      ; - jdk.internal.loader.URLClassPath$JarLoader$2::getManifest@10
                      ; - java.net.URLClassLoader::defineClass@34
                      ; - java.net.URLClassLoader$1::run@43
                      ; - java.net.URLClassLoader$1::run@1
  0x000001505976c700: 7c29 6efe 

  0x000001505976c704: ;   {other}
  0x000001505976c704: 0f1f 8400 | f43e 0031 | 4889 4424 | 5848 8b54 | 2470 6690 

  0x000001505976c718: ;   {optimized virtual_call}
  0x000001505976c718: c5f8 77e8 

  0x000001505976c71c: ; ImmutableOopMap {rbp=NarrowOop [32]=Oop [40]=Oop [48]=Oop [56]=Oop [72]=NarrowOop [76]=NarrowOop [80]=Oop [88]=Oop [96]=Oop [104]=NarrowOop [112]=Oop [144]=Oop }
                      ;*invokevirtual initializeVerifier {reexecute=0 rethrow=0 return_oop=0}
                      ; - java.util.jar.JarFile::ensureInitialization@36
                      ; - java.util.jar.JavaUtilJarAccessImpl::ensureInitialization@1
                      ; - jdk.internal.loader.URLClassPath$JarLoader$2::getManifest@10
                      ; - java.net.URLClassLoader::defineClass@34
                      ; - java.net.URLClassLoader$1::run@43
                      ; - java.net.URLClassLoader$1::run@1
  0x000001505976c71c: 6023 6efe 

  0x000001505976c720: ;   {other}
  0x000001505976c720: 0f1f 8400 | 103f 0032 | 41c6 44ec | 1101 488b | 5424 5890 

  0x000001505976c734: ;   {static_call}
  0x000001505976c734: c5f8 77e8 

  0x000001505976c738: ; ImmutableOopMap {[32]=Oop [40]=Oop [48]=Oop [56]=Oop [72]=NarrowOop [76]=NarrowOop [80]=Oop [96]=Oop [104]=NarrowOop [112]=Oop [144]=Oop }
                      ;*invokestatic endInit {reexecute=0 rethrow=0 return_oop=0}
                      ; - java.util.jar.JarFile::ensureInitialization@45
                      ; - java.util.jar.JavaUtilJarAccessImpl::ensureInitialization@1
                      ; - jdk.internal.loader.URLClassPath$JarLoader$2::getManifest@10
                      ; - java.net.URLClassLoader::defineClass@34
                      ; - java.net.URLClassLoader$1::run@43
                      ; - java.net.URLClassLoader$1::run@1
  0x000001505976c738: 4429 6efe 

  0x000001505976c73c: ;   {other}
  0x000001505976c73c: 0f1f 8400 | 2c3f 0033 | e953 d6ff | ff4c 8b54 | 2468 458b | 523c 4585 | d20f 8425 | e7ff ff4d 
  0x000001505976c75c: 8b5f 2849 | 8bca 48c1 | e103 4d85 | db0f 84f0 | 2900 004d | 8b57 384b | 894c 1af8 | 4983 c3f8 
  0x000001505976c77c: 4d89 5f28 | e9fb e6ff | ff45 8b59 | 0c49 63cb | 48c1 e102 | 4181 fb00 | 0004 000f | 87f4 2b00 
  0x000001505976c79c: 0048 8be9 | 458b d34c | 8944 2478 | 4d8b 9fb8 | 0100 004c | 8d41 1749 | 83e0 f84d | 8bcb 4d03 
  0x000001505976c7bc: c84d 3b8f | c801 0000 | 0f83 d22b | 0000 4d89 | 8fb8 0100 | 0041 0f18 | 81c0 0000 | 0049 c703 
  0x000001505976c7dc: 0100 0000 | 410f 1881 | 0001 0000 

  0x000001505976c7e8: ;   {metadata('java/security/CodeSigner'[])}
  0x000001505976c7e8: 41c7 4308 | 88da 2700 | 4589 530c | 410f 1881 | 4001 0000 | 410f 1881 | 8001 0000 | 4d8b d348 
  0x000001505976c808: 8b4c 2460 | 4883 c110 | 498b d248 | 83c2 1049 | 8bda 4c8d | 5507 49c1 | ea03 4d8b | c2c5 f877 
  0x000001505976c828: 49ba 6081 | e357 5001 | 0000 41ff 

  0x000001505976c834: ;   {other}
  0x000001505976c834: d20f 1f84 | 0000 0000 | 0041 807f | 4000 0f85 | 2c26 0000 | 4c8b 4c24 | 784d 8bd1 | 4c8b db4d 
  0x000001505976c854: 8bc3 49c1 | e803 4589 | 4110 4d33 | da49 c1eb | 164d 85db | 741a 49c1 | ea09 48b9 | 0000 1f66 
  0x000001505976c874: 5001 0000 | 4903 ca80 | 3902 0f85 | 2c26 0000 | 4c89 4c24 | 78e9 4ada | ffff 438b | 7cd4 0c43 
  0x000001505976c894: 8b4c d408 | 4b8d 2cd4 | 4c63 cf49 | c1e1 0281 | ff00 0004 | 000f 8715 | 2b00 0049 | 8b87 b801 
  0x000001505976c8b4: 0000 4d8d | 5917 4983 | e3f8 488b | d849 03db | 493b 9fc8 | 0100 000f | 83f3 2a00 | 0049 899f 
  0x000001505976c8d4: b801 0000 | 0f18 83c0 | 0000 0048 | c700 0100 | 0000 8948 | 0889 780c | 0f18 8300 | 0100 000f 
  0x000001505976c8f4: 1883 4001 | 0000 0f18 | 8380 0100 | 0048 8bf8 | 4b8d 4cd4 | 1048 8bd7 | 4883 c210 | 4983 c107 
  0x000001505976c914: 49c1 e903 | 4d8b c1c5 | f877 49ba | 6081 e357 | 5001 0000 

  0x000001505976c928: ;   {other}
  0x000001505976c928: 41ff d20f | 1f84 0000 | 0000 00e9 | 8d02 0000 | 498b 87b8 | 0100 004c | 8bd0 4983 | c218 4b8d 
  0x000001505976c948: 3cdc 4d3b | 97c8 0100 | 000f 83ad | 2c00 004d | 8997 b801 | 0000 410f | 1882 c000 | 0000 48c7 
  0x000001505976c968: 0001 0000 

  0x000001505976c96c: ;   {metadata('java/util/ArrayList')}
  0x000001505976c96c: 00c7 4008 | 9876 0500 | 4489 600c | 4489 6010 | 438b 54cc 

  0x000001505976c980: ;   {oop(a 'java/lang/Object'[0] {0x000000060044d068})}
  0x000001505976c980: 0cc7 4014 | 0d9a 08c0 | 488b d885 | d20f 86a4 | 0000 0045 | 33d2 eb15 | 0f1f 8400 | 0000 0000 
  0x000001505976c9a0: 448b c548 | 8b7c 2448 | 488b 5c24 | 5043 8b54 | cc0c 443b | d20f 8370 | 3300 0049 | c1e1 0347 
  0x000001505976c9c0: 8b4c 9110 

  0x000001505976c9c4: ; implicit exception: dispatches to 0x0000015059770564
  0x000001505976c9c4: 438b 4ccc | 1041 8b4c | cc10 4489 | 5424 4448 | 895c 2450 | 4889 7c24 | 4844 895c | 2440 418b 
  0x000001505976c9e4: e84c 8bc1 | 49c1 e003 | 488b d390 

  0x000001505976c9f0: ;   {optimized virtual_call}
  0x000001505976c9f0: c5f8 77e8 

  0x000001505976c9f4: ; ImmutableOopMap {rbp=NarrowOop [32]=Oop [48]=Oop [56]=Oop [64]=NarrowOop [72]=Oop [80]=Oop [104]=Oop }
                      ;*invokevirtual addAll {reexecute=0 rethrow=0 return_oop=0}
                      ; - java.security.CodeSource::getCertificates@57
                      ; - java.lang.ClassLoader::postDefineClass@24
                      ; - java.lang.ClassLoader::defineClass@37
                      ; - java.security.SecureClassLoader::defineClass@12
                      ; - java.net.URLClassLoader::defineClass@220
                      ; - java.net.URLClassLoader$1::run@43
                      ; - java.net.URLClassLoader$1::run@1
  0x000001505976c9f4: 8820 6efe 

  0x000001505976c9f8: ;   {other}
  0x000001505976c9f8: 0f1f 8400 | e841 0034 | 4d8b 8758 | 0400 0044 | 8b5c 2440 | 478b 4cdc | 1044 8b54 | 2444 41ff 
  0x000001505976ca18: ; ImmutableOopMap {r11=NarrowOop r9=NarrowOop rbp=NarrowOop [32]=Oop [48]=Oop [56]=Oop [72]=Oop [80]=Oop [104]=Oop }
                      ;*goto {reexecute=1 rethrow=0 return_oop=0}
                      ; - (reexecute) java.security.CodeSource::getCertificates@64
                      ; - java.lang.ClassLoader::postDefineClass@24
                      ; - java.lang.ClassLoader::defineClass@37
                      ; - java.security.SecureClassLoader::defineClass@12
                      ; - java.net.URLClassLoader::defineClass@220
                      ; - java.net.URLClassLoader$1::run@43
                      ; - java.net.URLClassLoader$1::run@1
                      ;   {poll}
  0x000001505976ca18: c241 8500 

  0x000001505976ca1c: ; implicit exception: dispatches to 0x0000015059770594
  0x000001505976ca1c: 438b 4ccc | 0c44 3bd1 | 0f8c 76ff | ffff 448b | c548 8b7c | 2448 488b | 5c24 5049 | 8b87 b801 
  0x000001505976ca3c: 0000 4c8b | d049 83c2 | 104d 3b97 | c801 0000 | 0f83 f52b | 0000 4d89 | 97b8 0100 | 0041 0f18 
  0x000001505976ca5c: 82c0 0000 | 0048 c700 | 0100 0000 | 410f 1882 | 0001 0000 

  0x000001505976ca70: ;   {metadata('java/security/cert/Certificate'[])}
  0x000001505976ca70: c740 0840 | 9e02 0041 | 0f18 8240 | 0100 0044 | 8960 0c41 | 0f18 8280 | 0100 0044 | 8944 2440 
  0x000001505976ca90: 4c8b 5424 | 684c 8954 | 2428 4489 | 5c24 4448 | 8bef 4889 | 5c24 484c | 8bc0 488b | 5424 4890 
  0x000001505976cab0: ;   {optimized virtual_call}
  0x000001505976cab0: c5f8 77e8 

  0x000001505976cab4: ; ImmutableOopMap {rbp=Oop [32]=Oop [40]=Oop [48]=Oop [56]=Oop [64]=NarrowOop [68]=NarrowOop }
                      ;*invokevirtual toArray {reexecute=0 rethrow=0 return_oop=1}
                      ; - java.security.CodeSource::getCertificates@73
                      ; - java.lang.ClassLoader::postDefineClass@24
                      ; - java.lang.ClassLoader::defineClass@37
                      ; - java.security.SecureClassLoader::defineClass@12
                      ; - java.net.URLClassLoader::defineClass@220
                      ; - java.net.URLClassLoader$1::run@43
                      ; - java.net.URLClassLoader$1::run@1
  0x000001505976cab4: c81f 6efe 

  0x000001505976cab8: ;   {other}
  0x000001505976cab8: 0f1f 8400 | a842 0036 | 488b d844 

  0x000001505976cac4: ;   {metadata('java/security/cert/Certificate'[])}
  0x000001505976cac4: 8b58 0841 | 81fb 409e | 0200 0f85 | bc34 0000 | 4180 7f40 | 000f 8571 | 2700 008b | 7c24 444c 
  0x000001505976cae4: 8bd5 4c8b | c349 c1e8 | 0345 8944 | fc14 4c8b | db4d 33da | 49c1 eb16 | 4d85 db74 | 1649 c1ea 
  0x000001505976cb04: 094c 8b44 | 2458 4d03 | c241 8038 | 020f 8575 | 2700 0044 | 8b5b 0c44 | 8b53 084d | 63cb 49c1 
  0x000001505976cb24: e102 4181 | fb00 0004 | 000f 8752 | 2b00 0049 | 8b87 b801 | 0000 4d8d | 4117 4983 | e0f8 488b 
  0x000001505976cb44: c849 03c8 | 493b 8fc8 | 0100 000f | 8330 2b00 | 0049 898f | b801 0000 | 0f18 81c0 | 0000 0048 
  0x000001505976cb64: c700 0100 | 0000 4489 | 5008 4489 | 580c 0f18 | 8100 0100 | 000f 1881 | 4001 0000 | 0f18 8180 
  0x000001505976cb84: 0100 0048 | 8bf8 488b | cb48 83c1 | 1048 8bd7 | 4883 c210 | 4983 c107 | 49c1 e903 | 4d8b c1c5 
  0x000001505976cba4: f877 49ba | 6081 e357 | 5001 0000 

  0x000001505976cbb0: ;   {other}
  0x000001505976cbb0: 41ff d20f | 1f84 0000 | 0000 004c | 8b54 2428 | 4c89 5424 | 6848 8b54 | 2468 4c8b | c766 6690 
  0x000001505976cbd0: ;   {optimized virtual_call}
  0x000001505976cbd0: c5f8 77e8 

  0x000001505976cbd4: ; ImmutableOopMap {[48]=Oop [56]=Oop [104]=Oop }
                      ;*invokevirtual setSigners {reexecute=0 rethrow=0 return_oop=0}
                      ; - java.lang.ClassLoader::setSigners@2
                      ; - java.lang.ClassLoader::postDefineClass@35
                      ; - java.lang.ClassLoader::defineClass@37
                      ; - java.security.SecureClassLoader::defineClass@12
                      ; - java.net.URLClassLoader::defineClass@220
                      ; - java.net.URLClassLoader$1::run@43
                      ; - java.net.URLClassLoader$1::run@1
  0x000001505976cbd4: a81e 6efe 

  0x000001505976cbd8: ;   {other}
  0x000001505976cbd8: 0f1f 8400 | c843 0037 | e9c4 ccff | ff44 8b53 | 1445 85d2 | 0f84 2ee2 | ffff 4d8b | 5f28 498b 
  0x000001505976cbf8: ca48 c1e1 | 034d 85db | 0f84 2a26 | 0000 4d8b | 5738 4b89 | 4c1a f849 | 83c3 f84d | 895f 28e9 
  0x000001505976cc18: 04e2 ffff | 4d8b 5748 | 4d8b 5f58 | f083 4424 | c000 8039 | 000f 8424 | e2ff ff44 | 8821 4d85 
  0x000001505976cc38: d275 2049 | 8bd7 c5f8 | 7749 ba60 | d198 36fd | 7f00 0041 

  0x000001505976cc4c: ;   {other}
  0x000001505976cc4c: ffd2 0f1f | 8400 0000 | 0000 e9fc | e1ff ff4b | 894c 13f8 | 4983 c2f8 | 4d89 5748 | e9ea e1ff 
  0x000001505976cc6c: ff33 c0e9 | cfe2 ffff | 4489 4c24 | 2c48 895c | 2448 4c8b | 4c24 684c | 894c 2440 | 4489 4424 
  0x000001505976cc8c: 2845 8bc3 | 4c8b cb66 | 6690 c5f8 | 7748 b8ff | ffff ffff 

  0x000001505976cca0: ;   {virtual_call}
  0x000001505976cca0: ffff ffe8 

  0x000001505976cca4: ; ImmutableOopMap {[32]=Oop [40]=NarrowOop [44]=NarrowOop [48]=Oop [56]=Oop [64]=Oop [72]=Oop [80]=Oop }
                      ;*invokevirtual find {reexecute=0 rethrow=0 return_oop=1}
                      ; - java.util.concurrent.ConcurrentHashMap::get@93
                      ; - java.lang.ClassLoader::getNamedPackage@5
                      ; - java.lang.ClassLoader::postDefineClass@9
                      ; - java.lang.ClassLoader::defineClass@37
                      ; - java.security.SecureClassLoader::defineClass@12
                      ; - java.net.URLClassLoader::defineClass@220
                      ; - java.net.URLClassLoader$1::run@43
                      ; - java.net.URLClassLoader$1::run@1
  0x000001505976cca4: d820 6efe 

  0x000001505976cca8: ;   {other}
  0x000001505976cca8: 0f1f 8400 | 9844 0038 | 4885 c074 | 1b8b 6814 | 85ed 7414 | 448b 4424 | 284c 8b54 | 2440 4c89 
  0x000001505976ccc8: 5424 68e9 | 86cb ffff | 448b 4424 | 284c 8b54 | 2440 4c89 | 5424 6848 | 8b5c 2448 | 448b 4c24 
  0x000001505976cce8: 2ce9 02e3 | ffff 49ba | 0000 0000 | 0100 0000 | 493b da0f | 8596 3000 | 0049 8b87 | b801 0000 
  0x000001505976cd08: 4c8b d049 | 83c2 184d | 3b97 c801 | 0000 0f83 | b027 0000 | 4d89 97b8 | 0100 0041 | 0f18 82c0 
  0x000001505976cd28: 0000 0048 | c700 0100 

  0x000001505976cd30: ;   {metadata('java/lang/String')}
  0x000001505976cd30: 0000 c740 | 0828 1f04 | 0044 8960 | 0c48 c740 | 1001 0000 | 0089 6814 | e99f caff | ff66 6690 
  0x000001505976cd50: 4489 8424 | b000 0000 | eb0b 4533 | db44 899c | 24b0 0000 | 004c 8b94 | 2480 0000 | 0045 8b5a 
  0x000001505976cd70: 0c41 8bdb | 448b 9c24 | b000 0000 | 443b db0f | 8cf6 1000 | 0044 8b5c | 247c 458b | d344 2b94 
  0x000001505976cd90: 24b0 0000 | 0044 8d8b | 0004 0000 | 453b d145 | 0f4f d144 | 8994 2490 | 0000 0045 | 85d2 0f8c 
  0x000001505976cdb0: d22f 0000 | 448b 9424 | b000 0000 | 4403 9424 | 9000 0000 | 4489 9424 | 9400 0000 | 4c8b 9424 
  0x000001505976cdd0: 8000 0000 | 4983 c210 | 4c89 9424 | 9800 0000 | 448b 9c24 | 9400 0000 | 443b db0f | 84bf 1e00 
  0x000001505976cdf0: 0045 8bd3 | 4181 fa00 | 0010 000f | 879b 2e00 | 004d 63d2 | 4d8b c244 | 8bdb 443b | 9c24 9400 
  0x000001505976ce10: 0000 418b | eb44 8b94 | 2494 0000 | 0041 0f4f | ea44 3bdd | 0f82 e92e | 0000 443b | d50f 82ec 
  0x000001505976ce30: ;   {no_reloc}
  0x000001505976ce30: 2e00 004d | 8d50 174c | 8994 24a0 | 0000 0049 | 83e2 f84c | 8994 24a8 | 0000 0044 | 8b9c 2494 
  0x000001505976ce50: 0000 0041 | 81fb 0000 | 1000 0f87 | d424 0000 | 4d8b 97b8 | 0100 004d | 8bc2 4d8b | da4c 8b94 
  0x000001505976ce70: 24a8 0000 | 004d 03da | 4d3b 9fc8 | 0100 000f | 83af 2400 | 004d 899f | b801 0000 | 410f 1883 
  0x000001505976ce90: c000 0000 | 4d8b d049 | c702 0100 | 0000 410f | 1883 0001 

  0x000001505976cea4: ;   {metadata({type array byte})}
  0x000001505976cea4: 0000 41c7 | 4208 500a | 0400 448b | 9424 9400 | 0000 4589 | 500c 410f | 1883 4001 | 0000 410f 
  0x000001505976cec4: 1883 8001 | 0000 4d8b | d049 8bda | 4983 c210 | 4d8b ca4c | 8b94 24a0 | 0000 0049 | c1ea 0349 
  0x000001505976cee4: 8bca 85ed | 0f84 b92d | 0000 3bac | 2494 0000 | 000f 8cdc | 1600 004c | 8b94 24a8 | 0000 0049 
  0x000001505976cf04: 83c2 f049 | c1ea 0348 | 8b8c 2498 | 0000 0049 | 8bd1 4d8b | c2c5 f877 | 49ba 6081 | e357 5001 
  0x000001505976cf24: 0000 41ff 

  0x000001505976cf28: ;   {other}
  0x000001505976cf28: d20f 1f84 | 0000 0000 | 0048 899c | 2480 0000 | 0048 8b94 | 2488 0000 | 004c 8b84 | 2480 0000 
  0x000001505976cf48: 0044 8b8c | 24b0 0000 | 008b bc24 | 9000 0000 | 6690 c5f8 | 7748 b808 | f806 0008 

  0x000001505976cf64: ;   {virtual_call}
  0x000001505976cf64: 0000 00e8 

  0x000001505976cf68: ; ImmutableOopMap {[32]=Oop [40]=Oop [48]=Oop [56]=Oop [72]=Oop [80]=NarrowOop [84]=NarrowOop [88]=Oop [104]=NarrowOop [108]=NarrowOop [112]=Oop [128]=Oop [136]=Oop }
                      ;*invokevirtual read {reexecute=0 rethrow=0 return_oop=0}
                      ; - jdk.internal.loader.Resource::getBytes@117
                      ; - java.net.URLClassLoader::defineClass@179
                      ; - java.net.URLClassLoader$1::run@43
                      ; - java.net.URLClassLoader$1::run@1
  0x000001505976cf68: 542e d6ff 

  0x000001505976cf6c: ;   {other}
  0x000001505976cf6c: 0f1f 8400 | 5c47 0039 | 85c0 0f8c | ec2d 0000 | 448b 8424 | b000 0000 | 4403 c04d | 8b97 5804 
  0x000001505976cf8c: ; ImmutableOopMap {[32]=Oop [40]=Oop [48]=Oop [56]=Oop [72]=Oop [80]=NarrowOop [84]=NarrowOop [88]=Oop [104]=NarrowOop [108]=NarrowOop [112]=Oop [128]=Oop [136]=Oop }
                      ;*goto {reexecute=1 rethrow=0 return_oop=0}
                      ; - (reexecute) jdk.internal.loader.Resource::getBytes@179
                      ; - java.net.URLClassLoader::defineClass@179
                      ; - java.net.URLClassLoader$1::run@43
                      ; - java.net.URLClassLoader$1::run@1
                      ;   {poll}
  0x000001505976cf8c: 0000 4185 | 0244 3b44 | 247c 0f8c | b4fd ffff | 4c8b 9424 | 8000 0000 | e952 eaff | ff44 8b44 
  0x000001505976cfac: 2428 4c8b | 5424 404c | 8954 2468 | 488b 5c24 | 4844 8b4c | 242c 448b | 5c24 6048 | 8b54 2470 
  0x000001505976cfcc: e9cc dfff | ff44 895c | 2450 4889 | 7424 6841 | 8be8 488b | d748 c1e2 | 0345 33c0 | 448b c990 
  0x000001505976cfec: ;   {static_call}
  0x000001505976cfec: c5f8 77e8 

  0x000001505976cff0: ; ImmutableOopMap {rbp=NarrowOop [32]=Oop [40]=Oop [48]=Oop [56]=Oop [64]=Oop [72]=Oop [80]=NarrowOop [84]=NarrowOop [104]=Oop }
                      ;*invokestatic newString {reexecute=0 rethrow=0 return_oop=1}
                      ; - java.lang.String::substring@54
                      ; - java.lang.ClassLoader::checkCerts@21
                      ; - java.lang.ClassLoader::preDefineClass@113
                      ; - java.lang.ClassLoader::defineClass@4
                      ; - java.security.SecureClassLoader::defineClass@12
                      ; - java.net.URLClassLoader::defineClass@220
                      ; - java.net.URLClassLoader$1::run@43
                      ; - java.net.URLClassLoader$1::run@1
  0x000001505976cff0: 8c20 6efe 

  0x000001505976cff4: ;   {other}
  0x000001505976cff4: 0f1f 8400 | e447 003b | 448b c548 | 8b74 2468 | 448b 5c24 | 504c 8bc8 | e91d daff | ff44 8954 
  0x000001505976d014: 2450 4c89 | 4424 4848 | 8954 2430 | 4489 7424 | 2c4c 896c | 2420 498b | d148 c1e2 | 0345 33c0 
  0x000001505976d034: 458b cb90 

  0x000001505976d038: ;   {static_call}
  0x000001505976d038: c5f8 77e8 

  0x000001505976d03c: ; ImmutableOopMap {[32]=Oop [44]=NarrowOop [48]=Oop [56]=Oop [72]=Oop [80]=NarrowOop [96]=Oop [104]=NarrowOop }
                      ;*invokestatic newString {reexecute=0 rethrow=0 return_oop=1}
                      ; - java.lang.String::substring@54
                      ; - java.net.URLClassLoader::defineClass@28
                      ; - java.net.URLClassLoader$1::run@43
                      ; - java.net.URLClassLoader$1::run@1
  0x000001505976d03c: 4020 6efe 

  0x000001505976d040: ;   {other}
  0x000001505976d040: 0f1f 8400 | 3048 003c | 4c8b 6c24 | 2044 8b74 | 242c 488b | 5424 304c | 8b44 2448 | 448b 5424 
  0x000001505976d060: 504c 8bd8 | e920 ccff | ff4c 63c5 | 4d8d 5010 | 498b ca48 | 83e1 f848 | 8bfe 4803 | f949 c1ea 
  0x000001505976d080: 0349 2bd2 | 488b ca48 | 33c0 4883 | f908 7f10 | 48ff c978 | 4f48 8904 | cf48 ffc9 | 7df7 eb44 
  0x000001505976d0a0: c5fd efc0 | e90d 0000 | 00c5 fe7f | 07c5 fe7f | 4720 4883 | c740 4883 | e908 7ded | 4883 c104 
  0x000001505976d0c0: 7c0c c5fe | 7f07 4883 | c720 4883 | e904 4883 | c104 7e10 | 48ff c9c5 | f9d6 0748 | 83c7 0848 
  0x000001505976d0e0: ffc9 7df3 | 498b c949 | 8bd3 c5f8 | 7749 bac0 | 7ae3 5750 | 0100 0041 

  0x000001505976d0f8: ;   {other}
  0x000001505976d0f8: ffd2 0f1f | 8400 0000 | 0000 e90e | ddff ff4c | 8974 2428 | 4889 5424 | 2048 8b6c | 2438 498b 
  0x000001505976d118: d148 c1e2 | 0341 b82e | 0000 0041 | b92f 0000 | 0066 6690 

  0x000001505976d12c: ;   {static_call}
  0x000001505976d12c: c5f8 77e8 

  0x000001505976d130: ; ImmutableOopMap {rbp=Oop [32]=Oop [40]=Oop [56]=Oop }
                      ;*invokestatic replace {reexecute=0 rethrow=0 return_oop=1}
                      ; - java.lang.String::replace@30
                      ; - java.net.URLClassLoader$1::run@8
                      ; - java.net.URLClassLoader$1::run@1
  0x000001505976d130: 4c1f 6efe 

  0x000001505976d134: ;   {other}
  0x000001505976d134: 0f1f 8400 | 2449 003d | 488b 5424 | 2048 8bf0 | 4c8b 7424 | 28e9 9fc4 | ffff 413b | d80f 85e8 
  0x000001505976d154: 0000 0044 | 8bd3 41ff | ca44 3bd3 | 0f83 4e2c | 0000 4585 | c00f 8645 | 2c00 0045 | 8bd8 41ff 
  0x000001505976d174: cb45 33c9 | eb34 448b | 8c24 8800 | 0000 41ff | c144 3b4c | 2454 0f8d | e800 0000 | 488b 7c24 
  0x000001505976d194: 7048 8b44 | 2478 8b5c | 2454 448b | 8424 8000 | 0000 448b | 9c24 8400 | 0000 428b | 4c8f 1045 
  0x000001505976d1b4: 3bd8 0f83 | f528 0000 | 85c9 0f84 | ed28 0000 | 4489 8c24 | 8800 0000 | 4489 9c24 | 8400 0000 
  0x000001505976d1d4: 4489 8424 | 8000 0000 | 895c 2454 | 4889 4424 | 7848 897c | 2470 4d8d | 14cc 4c89 | 9424 9000 
  0x000001505976d1f4: 0000 898c | 248c 0000 | 0033 ed90 | 4c8b 5424 | 7845 8b54 | aa10 4d8b | c249 c1e0 | 0348 8b94 
  0x000001505976d214: 2490 0000 | 0066 6690 

  0x000001505976d21c: ;   {optimized virtual_call}
  0x000001505976d21c: c5f8 77e8 

  0x000001505976d220: ; ImmutableOopMap {[32]=Oop [40]=Oop [48]=Oop [56]=Oop [64]=Oop [72]=Oop [80]=NarrowOop [100]=NarrowOop [104]=Oop [112]=Oop [120]=Oop [140]=NarrowOop [144]=Oop }
                      ;*invokevirtual equals {reexecute=0 rethrow=0 return_oop=0}
                      ; - java.lang.ClassLoader::compareCerts@81
                      ; - java.lang.ClassLoader::checkCerts@80
                      ; - java.lang.ClassLoader::preDefineClass@113
                      ; - java.lang.ClassLoader::defineClass@4
                      ; - java.security.SecureClassLoader::defineClass@12
                      ; - java.net.URLClassLoader::defineClass@220
                      ; - java.net.URLClassLoader$1::run@43
                      ; - java.net.URLClassLoader$1::run@1
  0x000001505976d220: 5c18 6efe 

  0x000001505976d224: ;   {other}
  0x000001505976d224: 0f1f 8400 | 144a 003e | 85c0 0f85 | 46ff ffff | ffc5 3bac | 2480 0000 | 007c c1ba | 45ff ffff 
  0x000001505976d244: 488b 6c24 | 384c 8b54 | 2430 4c89 | 5424 204c | 8b54 2440 | 4c89 5424 | 2844 8b54 | 2450 4489 
  0x000001505976d264: 5424 4490 

  0x000001505976d268: ;   {runtime_call UncommonTrapBlob}
  0x000001505976d268: c5f8 77e8 

  0x000001505976d26c: ; ImmutableOopMap {rbp=Oop [32]=Oop [40]=Oop [68]=NarrowOop [80]=NarrowOop [100]=NarrowOop [104]=Oop }
                      ;*ifne {reexecute=1 rethrow=0 return_oop=0}
                      ; - (reexecute) java.lang.ClassLoader::checkCerts@83
                      ; - java.lang.ClassLoader::preDefineClass@113
                      ; - java.lang.ClassLoader::defineClass@4
                      ; - java.security.SecureClassLoader::defineClass@12
                      ; - java.net.URLClassLoader::defineClass@220
                      ; - java.net.URLClassLoader$1::run@43
                      ; - java.net.URLClassLoader$1::run@1
  0x000001505976d26c: 9073 6efe 

  0x000001505976d270: ;   {other}
  0x000001505976d270: 0f1f 8400 | 604a 003f | 4533 d2eb | 1944 8b94 | 2484 0000 | 0041 ffc2 | 443b 9424 | 8000 0000 
  0x000001505976d290: 0f8d 3dd8 | ffff 488b | 4c24 7846 | 8b44 9110 | 4585 c00f | 847b 2800 | 004f 8d1c | c433 ed44 
  0x000001505976d2b0: 8994 2484 | 0000 0044 | 8984 2490 | 0000 004c | 899c 24a0 | 0000 0066 | 0f1f 8400 | 0000 0000 
  0x000001505976d2d0: 4c8b 5424 | 7045 8b54 | aa10 4d8b | c249 c1e0 | 0348 8b94 | 24a0 0000 | 0066 6690 

  0x000001505976d2ec: ;   {optimized virtual_call}
  0x000001505976d2ec: c5f8 77e8 

  0x000001505976d2f0: ; ImmutableOopMap {[32]=Oop [40]=Oop [48]=Oop [56]=Oop [64]=Oop [72]=Oop [80]=NarrowOop [100]=NarrowOop [104]=Oop [112]=Oop [120]=Oop [144]=NarrowOop [160]=Oop }
                      ;*invokevirtual equals {reexecute=0 rethrow=0 return_oop=0}
                      ; - java.lang.ClassLoader::compareCerts@166
                      ; - java.lang.ClassLoader::checkCerts@80
                      ; - java.lang.ClassLoader::preDefineClass@113
                      ; - java.lang.ClassLoader::defineClass@4
                      ; - java.security.SecureClassLoader::defineClass@12
                      ; - java.net.URLClassLoader::defineClass@220
                      ; - java.net.URLClassLoader$1::run@43
                      ; - java.net.URLClassLoader$1::run@1
  0x000001505976d2f0: 8c17 6efe 

  0x000001505976d2f4: ;   {other}
  0x000001505976d2f4: 0f1f 8400 | e44a 0040 | 85c0 0f85 | 79ff ffff | ffc5 3b6c | 2454 7cc4 | e92e ffff | ff4c 8944 
  0x000001505976d314: 2460 498b | d066 6690 

  0x000001505976d31c: ;   {optimized virtual_call}
  0x000001505976d31c: c5f8 77e8 

  0x000001505976d320: ; ImmutableOopMap {rbp=NarrowOop [32]=Oop [40]=Oop [48]=Oop [56]=Oop [72]=Oop [80]=NarrowOop [84]=NarrowOop [96]=Oop [104]=NarrowOop [112]=Oop }
                      ;*invokevirtual realEntry {reexecute=0 rethrow=0 return_oop=1}
                      ; - java.util.jar.JarFile$JarFileEntry::getCodeSigners@46
                      ; - jdk.internal.loader.URLClassPath$JarLoader$2::getCodeSigners@4
                      ; - java.net.URLClassLoader::defineClass@185
                      ; - java.net.URLClassLoader$1::run@43
                      ; - java.net.URLClassLoader$1::run@1
  0x000001505976d320: 5c17 6efe 

  0x000001505976d324: ;   {other}
  0x000001505976d324: 0f1f 8400 | 144b 0041 | 498d 14ec | 4c8b c090 

  0x000001505976d334: ;   {optimized virtual_call}
  0x000001505976d334: c5f8 77e8 

  0x000001505976d338: ; ImmutableOopMap {[32]=Oop [40]=Oop [48]=Oop [56]=Oop [72]=Oop [80]=NarrowOop [84]=NarrowOop [96]=Oop [104]=NarrowOop [112]=Oop }
                      ;*invokevirtual getCodeSigners {reexecute=0 rethrow=0 return_oop=1}
                      ; - java.util.jar.JarFile$JarFileEntry::getCodeSigners@49
                      ; - jdk.internal.loader.URLClassPath$JarLoader$2::getCodeSigners@4
                      ; - java.net.URLClassLoader::defineClass@185
                      ; - java.net.URLClassLoader$1::run@43
                      ; - java.net.URLClassLoader$1::run@1
  0x000001505976d338: 4417 6efe 

  0x000001505976d33c: ;   {other}
  0x000001505976d33c: 0f1f 8400 | 2c4b 0042 | 488b d841 | 807f 4000 | 0f85 741d | 0000 4c8b | 4c24 6048 | 8bcb 4c8b 
  0x000001505976d35c: d949 c1eb | 0345 8959 | 5c4d 8bd1 | 4c8b c14d | 33c2 49c1 | e816 4d85 | c00f 843d | 1d00 0048 
  0x000001505976d37c: 85c9 0f84 | 5dce ffff | 49c1 ea09 | 48b9 0000 | 1f66 5001 | 0000 4903 | ca80 3902 | 0f85 641d 
  0x000001505976d39c: 0000 478b | 54dc 0c4f | 8d04 dc4d | 63ca 49c1 | e102 4181 | fa00 0004 | 000f 87a5 | 1f00 004c 
  0x000001505976d3bc: 894c 2478 | 498b e844 | 895c 2460 | 498b 87b8 | 0100 004d | 8d59 1749 | 83e3 f84c | 8bc0 4d03 
  0x000001505976d3dc: c34d 3b87 | c801 0000 | 0f83 831f | 0000 4d89 | 87b8 0100 | 0041 0f18 | 80c0 0000 | 0048 c700 
  0x000001505976d3fc: 0100 0000 | 410f 1880 | 0001 0000 

  0x000001505976d408: ;   {metadata('java/security/CodeSigner'[])}
  0x000001505976d408: c740 0888 | da27 0044 | 8950 0c41 | 0f18 8040 | 0100 0041 | 0f18 8080 | 0100 004c | 8bd0 448b 
  0x000001505976d428: 5c24 604b | 8d4c dc10 | 498b d248 | 83c2 1049 | 8bda 4c8b | 5424 7849 | 83c2 0749 | c1ea 034d 
  0x000001505976d448: 8bc2 c5f8 | 7749 ba60 | 81e3 5750 | 0100 0041 

  0x000001505976d458: ;   {other}
  0x000001505976d458: ffd2 0f1f | 8400 0000 | 0000 4c8b | c3e9 7acd 

  0x000001505976d468: ;   {oop(""{0x00000006004016f8})}
  0x000001505976d468: ffff 48bb | f816 4000 | 0600 0000 | e9e2 d9ff | ff44 894c | 2434 4889 | 5c24 4044 | 8954 2430 
  0x000001505976d488: 4889 7424 | 284c 8974 | 2420 488b 

  0x000001505976d494: ;   {metadata({type array byte})}
  0x000001505976d494: 6c24 3848 | ba50 0a04 | 0008 0000 | 0045 8bc1 | 4889 4c24 | 3866 6690 

  0x000001505976d4ac: ;   {runtime_call _new_array_Java}
  0x000001505976d4ac: c5f8 77e8 

  0x000001505976d4b0: ; ImmutableOopMap {rbp=Oop [32]=Oop [40]=Oop }
                      ;*invokevirtual allocateUninitializedArray0 {reexecute=0 rethrow=0 return_oop=1}
                      ; - jdk.internal.misc.Unsafe::allocateUninitializedArray@51
                      ; - java.lang.StringConcatHelper::newArray@33
                      ; - java.lang.StringConcatHelper::simpleConcat@61
                      ; - java.lang.String::concat@11
                      ; - java.net.URLClassLoader$1::run@13
                      ; - java.net.URLClassLoader$1::run@1
  0x000001505976d4b0: cc4c 71fe 

  0x000001505976d4b4: ;   {other}
  0x000001505976d4b4: 0f1f 8400 | a44c 0043 | 4889 6c24 | 3848 8b74 | 2428 448b | 5424 3048 | 8b5c 2440 | 448b 4c24 
  0x000001505976d4d4: 344c 8be8 | 4c8b 7424 | 20e9 eac1 | ffff 4c89 

  0x000001505976d4e4: ;   {metadata('java/lang/String')}
  0x000001505976d4e4: 7424 2848 | ba28 1f04 | 0008 0000 | 004c 896c | 2430 6690 

  0x000001505976d4f8: ;   {runtime_call _new_instance_Java}
  0x000001505976d4f8: c5f8 77e8 

  0x000001505976d4fc: ; ImmutableOopMap {rbp=NarrowOop [40]=Oop [48]=Oop [56]=Oop }
                      ;*new {reexecute=0 rethrow=0 return_oop=1}
                      ; - java.lang.StringConcatHelper::newString@6
                      ; - java.lang.StringConcatHelper::simpleConcat@90
                      ; - java.lang.String::concat@11
                      ; - java.net.URLClassLoader$1::run@13
                      ; - java.net.URLClassLoader$1::run@1
  0x000001505976d4fc: 804f 71fe 

  0x000001505976d500: ;   {other}
  0x000001505976d500: 0f1f 8400 | f04c 0044 | 4c8b 7424 | 28e9 d7c2 | ffff 33c0 | e90c d6ff | ff89 7c24 | 4c44 8954 
  0x000001505976d520: 2458 4889 | 7424 5089 | 4c24 484c | 8974 2440 | 4889 5424 | 3044 894c | 242c 4489 | 4424 284c 
  0x000001505976d540: 8b54 2438 | 4c89 5424 

  0x000001505976d548: ;   {metadata({type array byte})}
  0x000001505976d548: 2048 ba50 | 0a04 0008 | 0000 0044 | 8bc1 6690 

  0x000001505976d558: ;   {runtime_call _new_array_Java}
  0x000001505976d558: c5f8 77e8 

  0x000001505976d55c: ; ImmutableOopMap {[32]=Oop [40]=NarrowOop [44]=NarrowOop [48]=Oop [64]=Oop [80]=Oop }
                      ;*invokevirtual allocateUninitializedArray0 {reexecute=0 rethrow=0 return_oop=1}
                      ; - jdk.internal.misc.Unsafe::allocateUninitializedArray@51
                      ; - java.lang.StringConcatHelper::newArray@33
                      ; - java.lang.StringLatin1::replace@49
                      ; - java.lang.String::replace@18
                      ; - java.net.URLClassLoader$1::run@8
                      ; - java.net.URLClassLoader$1::run@1
  0x000001505976d55c: 204c 71fe 

  0x000001505976d560: ;   {other}
  0x000001505976d560: 0f1f 8400 | 504d 0045 | 4c8b 5c24 | 204c 895c | 2438 448b | 4424 2844 | 8b4c 242c | 488b 5424 
  0x000001505976d580: 304c 8b74 | 2440 8b4c | 2448 488b | 7424 5048 | 8bd8 e9bf | bdff ff48 | 895c 2430 | 4c89 7424 
  0x000001505976d5a0: 2848 8954 

  0x000001505976d5a4: ;   {metadata('java/lang/String')}
  0x000001505976d5a4: 2420 48ba | 281f 0400 | 0800 0000 

  0x000001505976d5b0: ;   {runtime_call _new_instance_Java}
  0x000001505976d5b0: c5f8 77e8 

  0x000001505976d5b4: ; ImmutableOopMap {[32]=Oop [40]=Oop [48]=Oop [56]=Oop }
                      ;*new {reexecute=0 rethrow=0 return_oop=1}
                      ; - java.lang.StringLatin1::replace@116
                      ; - java.lang.String::replace@18
                      ; - java.net.URLClassLoader$1::run@8
                      ; - java.net.URLClassLoader$1::run@1
  0x000001505976d5b4: c84e 71fe 

  0x000001505976d5b8: ;   {other}
  0x000001505976d5b8: 0f1f 8400 | a84d 0046 | 488b 5424 | 204c 8b74 | 2428 488b | 5c24 3048 | 8bf0 e9e7 | bfff ff4c 
  0x000001505976d5d8: 8944 2458 | 4889 4c24 | 484c 894c | 2430 498b 

  0x000001505976d5e8: ;   {metadata('java/security/CodeSource')}
  0x000001505976d5e8: ea48 baa8 | 5405 0008 | 0000 0090 

  0x000001505976d5f4: ;   {runtime_call _new_instance_Java}
  0x000001505976d5f4: c5f8 77e8 

  0x000001505976d5f8: ; ImmutableOopMap {rbp=Oop [32]=Oop [40]=Oop [48]=Oop [56]=Oop [80]=NarrowOop [84]=NarrowOop [88]=Oop [104]=NarrowOop [112]=Oop }
                      ;*new {reexecute=0 rethrow=0 return_oop=1}
                      ; - java.net.URLClassLoader::defineClass@190
                      ; - java.net.URLClassLoader$1::run@43
                      ; - java.net.URLClassLoader$1::run@1
  0x000001505976d5f8: 844e 71fe 

  0x000001505976d5fc: ;   {other}
  0x000001505976d5fc: 0f1f 8400 | ec4d 0047 | 4c8b d54c | 8b4c 2430 | 488b 4c24 | 484c 8b44 | 2458 488b | d8e9 1dcc 
  0x000001505976d61c: ffff 4489 | 4424 4048 | 8b6c 2470 

  0x000001505976d628: ;   {metadata('java/security/SecureClassLoader$CodeSourceKey')}
  0x000001505976d628: 48ba d001 | 0900 0800 | 0000 6690 

  0x000001505976d634: ;   {runtime_call _new_instance_Java}
  0x000001505976d634: c5f8 77e8 

  0x000001505976d638: ; ImmutableOopMap {rbp=Oop [32]=Oop [40]=Oop [48]=Oop [56]=Oop [72]=Oop [80]=NarrowOop [104]=NarrowOop [120]=Oop }
                      ;*new {reexecute=0 rethrow=0 return_oop=1}
                      ; - java.security.SecureClassLoader::getProtectionDomain@6
                      ; - java.security.SecureClassLoader::defineClass@9
                      ; - java.net.URLClassLoader::defineClass@220
                      ; - java.net.URLClassLoader$1::run@43
                      ; - java.net.URLClassLoader$1::run@1
  0x000001505976d638: 444e 71fe 

  0x000001505976d63c: ;   {other}
  0x000001505976d63c: 0f1f 8400 | 2c4e 0048 | 4c8b dd44 | 8b44 2440 | 488b c8e9 | 42ce ffff | 4889 4c24 | 6844 8944 
  0x000001505976d65c: 2444 4c89 | 5c24 6044 | 894c 2440 

  0x000001505976d668: ;   {metadata('java/security/SecureClassLoader$1')}
  0x000001505976d668: 48ba f803 | 0900 0800 | 0000 6690 

  0x000001505976d674: ;   {runtime_call _new_instance_Java}
  0x000001505976d674: c5f8 77e8 

  0x000001505976d678: ; ImmutableOopMap {rbp=NarrowOop [32]=Oop [40]=Oop [48]=Oop [56]=Oop [64]=NarrowOop [72]=Oop [80]=NarrowOop [96]=Oop [104]=Oop }
                      ;*new {reexecute=0 rethrow=0 return_oop=1}
                      ; - java.security.SecureClassLoader::getProtectionDomain@20
                      ; - java.security.SecureClassLoader::defineClass@9
                      ; - java.net.URLClassLoader::defineClass@220
                      ; - java.net.URLClassLoader$1::run@43
                      ; - java.net.URLClassLoader$1::run@1
  0x000001505976d678: 044e 71fe 

  0x000001505976d67c: ;   {other}
  0x000001505976d67c: 0f1f 8400 | 6c4e 0049 | 448b 4c24 | 404c 8b5c | 2460 448b | 4424 4448 | 8b4c 2468 | 488b d8e9 
  0x000001505976d69c: 49ce ffff | 8954 2474 | 897c 2470 | 894c 2464 | 4489 5c24 | 5048 8974 | 2468 418b 

  0x000001505976d6b8: ;   {metadata('java/lang/String')}
  0x000001505976d6b8: e848 ba28 | 1f04 0008 | 0000 0090 

  0x000001505976d6c4: ;   {runtime_call _new_instance_Java}
  0x000001505976d6c4: c5f8 77e8 

  0x000001505976d6c8: ; ImmutableOopMap {rbp=NarrowOop [32]=Oop [40]=Oop [48]=Oop [56]=Oop [64]=Oop [72]=Oop [80]=NarrowOop [84]=NarrowOop [104]=Oop [112]=NarrowOop }
                      ;*new {reexecute=0 rethrow=0 return_oop=1}
                      ; - java.lang.StringLatin1::newString@7
                      ; - java.lang.String::substring@41
                      ; - java.lang.ClassLoader::checkCerts@21
                      ; - java.lang.ClassLoader::preDefineClass@113
                      ; - java.lang.ClassLoader::defineClass@4
                      ; - java.security.SecureClassLoader::defineClass@12
                      ; - java.net.URLClassLoader::defineClass@220
                      ; - java.net.URLClassLoader$1::run@43
                      ; - java.net.URLClassLoader$1::run@1
  0x000001505976d6c8: b44d 71fe 

  0x000001505976d6cc: ;   {other}
  0x000001505976d6cc: 0f1f 8400 | bc4e 004a | 448b c548 | 8b74 2468 | 448b 5c24 | 508b 4c24 | 648b 7c24 | 708b 5424 
  0x000001505976d6ec: 7448 8bd8 | e9e5 d0ff | ff89 4c24 | 5c44 894c | 2458 4489 | 5424 5444 | 895c 2450 | 4c89 4424 
  0x000001505976d70c: 4848 8954 | 2430 4489 | 7424 2c4c | 896c 2420 | 488b 6c24 

  0x000001505976d720: ;   {metadata('java/lang/String')}
  0x000001505976d720: 6048 ba28 | 1f04 0008 | 0000 0090 

  0x000001505976d72c: ;   {runtime_call _new_instance_Java}
  0x000001505976d72c: c5f8 77e8 

  0x000001505976d730: ; ImmutableOopMap {rbp=Oop [32]=Oop [44]=NarrowOop [48]=Oop [56]=Oop [72]=Oop [84]=NarrowOop [88]=NarrowOop [104]=NarrowOop }
                      ;*new {reexecute=0 rethrow=0 return_oop=1}
                      ; - java.lang.StringLatin1::newString@7
                      ; - java.lang.String::substring@41
                      ; - java.net.URLClassLoader::defineClass@28
                      ; - java.net.URLClassLoader$1::run@43
                      ; - java.net.URLClassLoader$1::run@1
  0x000001505976d730: 4c4d 71fe 

  0x000001505976d734: ;   {other}
  0x000001505976d734: 0f1f 8400 | 244f 004b | 4889 6c24 | 604c 8b6c | 2420 448b | 7424 2c48 | 8b54 2430 | 4c8b 4424 
  0x000001505976d754: 4844 8b5c | 2450 448b | 5424 5444 | 8b4c 2458 | 8b4c 245c | 488b d8e9 | b2c2 ffff | 442b 9424 
  0x000001505976d774: a800 0000 | 4489 9424 | 9000 0000 | e919 e2ff | ff48 8b5c | 2440 c643 | 1101 33c0 | 448b 4424 
  0x000001505976d794: 2844 8b4c | 242c e9a4 | d7ff ff44 | 894c 242c | 4889 5c24 | 4044 8944 | 2428 6690 

  0x000001505976d7b0: ;   {static_call}
  0x000001505976d7b0: c5f8 77e8 

  0x000001505976d7b4: ; ImmutableOopMap {rbp=Oop [32]=Oop [40]=NarrowOop [44]=NarrowOop [48]=Oop [56]=Oop [64]=Oop [80]=Oop [104]=Oop }
                      ;*invokestatic hashCode {reexecute=0 rethrow=0 return_oop=0}
                      ; - java.lang.String::hashCode@37
                      ; - java.util.concurrent.ConcurrentHashMap::get@1
                      ; - java.lang.ClassLoader::getNamedPackage@5
                      ; - java.lang.ClassLoader::postDefineClass@9
                      ; - java.lang.ClassLoader::defineClass@37
                      ; - java.security.SecureClassLoader::defineClass@12
                      ; - java.net.URLClassLoader::defineClass@220
                      ; - java.net.URLClassLoader$1::run@43
                      ; - java.net.URLClassLoader$1::run@1
  0x000001505976d7b4: c818 6efe 

  0x000001505976d7b8: ;   {other}
  0x000001505976d7b8: 0f1f 8400 | a84f 004c | e98b daff | ff48 8b6c | 2468 488b | d148 c1e2 | 0345 33c0 | 458b ca90 
  0x000001505976d7d8: ;   {static_call}
  0x000001505976d7d8: c5f8 77e8 

  0x000001505976d7dc: ; ImmutableOopMap {rbp=Oop [32]=Oop [48]=Oop [56]=Oop [80]=Oop [100]=NarrowOop }
                      ;*invokestatic newString {reexecute=0 rethrow=0 return_oop=1}
                      ; - java.lang.String::substring@54
                      ; - java.lang.Class::getPackageName@62
                      ; - java.lang.ClassLoader::postDefineClass@2
                      ; - java.lang.ClassLoader::defineClass@37
                      ; - java.security.SecureClassLoader::defineClass@12
                      ; - java.net.URLClassLoader::defineClass@220
                      ; - java.net.URLClassLoader$1::run@43
                      ; - java.net.URLClassLoader$1::run@1
  0x000001505976d7dc: a018 6efe 

  0x000001505976d7e0: ;   {other}
  0x000001505976d7e0: 0f1f 8400 | d04f 004d | 4885 c00f | 8495 2600 | 0048 896c | 2468 488b | d8e9 5dd6 | ffff 4489 
  0x000001505976d800: 4c24 4848 | 895c 2440 

  0x000001505976d808: ;   {metadata('java/lang/NamedPackage')}
  0x000001505976d808: 418b e848 | ba78 f108 | 0008 0000 | 0066 6690 

  0x000001505976d818: ;   {runtime_call _new_instance_Java}
  0x000001505976d818: c5f8 77e8 

  0x000001505976d81c: ; ImmutableOopMap {rbp=NarrowOop [32]=Oop [48]=Oop [56]=Oop [64]=Oop [72]=NarrowOop [80]=Oop [104]=Oop }
                      ;*new {reexecute=0 rethrow=0 return_oop=1}
                      ; - java.lang.ClassLoader::getNamedPackage@16
                      ; - java.lang.ClassLoader::postDefineClass@9
                      ; - java.lang.ClassLoader::defineClass@37
                      ; - java.security.SecureClassLoader::defineClass@12
                      ; - java.net.URLClassLoader::defineClass@220
                      ; - java.net.URLClassLoader$1::run@43
                      ; - java.net.URLClassLoader$1::run@1
  0x000001505976d81c: 604c 71fe 

  0x000001505976d820: ;   {other}
  0x000001505976d820: 0f1f 8400 | 1050 004e | 448b c548 | 8b5c 2440 | 448b 4c24 | 48e9 f6d7 | ffff 4c89 | 4424 5048 
  0x000001505976d840: 8954 2448 | 4489 7424 | 344c 896c | 2428 488b | d548 c1e2 | 0341 b82e | 0000 0090 

  0x000001505976d85c: ;   {static_call}
  0x000001505976d85c: c5f8 77e8 

  0x000001505976d860: ; ImmutableOopMap {[40]=Oop [52]=NarrowOop [56]=Oop [72]=Oop [80]=Oop [96]=Oop [104]=NarrowOop }
                      ;*invokestatic lastIndexOf {reexecute=0 rethrow=0 return_oop=0}
                      ; - java.lang.String::lastIndexOf@25
                      ; - java.lang.String::lastIndexOf@8
                      ; - java.net.URLClassLoader::defineClass@7
                      ; - java.net.URLClassLoader$1::run@43
                      ; - java.net.URLClassLoader$1::run@1
  0x000001505976d860: 1c18 6efe 

  0x000001505976d864: ;   {other}
  0x000001505976d864: 0f1f 8400 | 5450 004f | 4c8b 6c24 | 2844 8b74 | 2434 488b | 5424 484c | 8b44 2450 | 448b d8e9 
  0x000001505976d884: f3c0 ffff | 4489 5c24 | 5048 8974 | 2468 418b | e849 8bd2 | 48c1 e203 | 41b8 2e00 | 0000 6690 
  0x000001505976d8a4: ;   {static_call}
  0x000001505976d8a4: c5f8 77e8 

  0x000001505976d8a8: ; ImmutableOopMap {rbp=NarrowOop [32]=Oop [40]=Oop [48]=Oop [56]=Oop [64]=Oop [72]=Oop [80]=NarrowOop [84]=NarrowOop [104]=Oop }
                      ;*invokestatic lastIndexOf {reexecute=0 rethrow=0 return_oop=0}
                      ; - java.lang.String::lastIndexOf@25
                      ; - java.lang.String::lastIndexOf@8
                      ; - java.lang.ClassLoader::checkCerts@3
                      ; - java.lang.ClassLoader::preDefineClass@113
                      ; - java.lang.ClassLoader::defineClass@4
                      ; - java.security.SecureClassLoader::defineClass@12
                      ; - java.net.URLClassLoader::defineClass@220
                      ; - java.net.URLClassLoader$1::run@43
                      ; - java.net.URLClassLoader$1::run@1
  0x000001505976d8a8: d417 6efe 

  0x000001505976d8ac: ;   {other}
  0x000001505976d8ac: 0f1f 8400 | 9c50 0050 | 448b c548 | 8b74 2468 | 448b 5c24 | 508b c8e9 | 8cce ffff | 4489 4424 
  0x000001505976d8cc: 5048 8974 | 2468 4489 | 5c24 6489 | 4c24 7048 | 895c 2478 | 4c89 8c24 | 8000 0000 | 4c89 9424 
  0x000001505976d8ec: 8800 0000 | 4889 bc24 | 9000 0000 

  0x000001505976d8f8: ;   {metadata({type array byte})}
  0x000001505976d8f8: 48ba 500a | 0400 0800 | 0000 448b | 4424 7090 

  0x000001505976d908: ;   {runtime_call _new_array_nozero_Java}
  0x000001505976d908: c5f8 77e8 

  0x000001505976d90c: ; ImmutableOopMap {[32]=Oop [40]=Oop [48]=Oop [56]=Oop [64]=Oop [72]=Oop [80]=NarrowOop [84]=NarrowOop [100]=NarrowOop [104]=Oop [120]=Oop [176]=Oop [128]=Derived_oop_[176] }
                      ;*newarray {reexecute=0 rethrow=0 return_oop=1}
                      ; - java.util.Arrays::copyOfRangeByte@10
                      ; - java.util.Arrays::copyOfRange@13
                      ; - java.lang.StringLatin1::newString@16
                      ; - java.lang.String::substring@41
                      ; - java.lang.ClassLoader::checkCerts@21
                      ; - java.lang.ClassLoader::preDefineClass@113
                      ; - java.lang.ClassLoader::defineClass@4
                      ; - java.security.SecureClassLoader::defineClass@12
                      ; - java.net.URLClassLoader::defineClass@220
                      ; - java.net.URLClassLoader$1::run@43
                      ; - java.net.URLClassLoader$1::run@1
  0x000001505976d90c: f044 71fe 

  0x000001505976d910: ;   {other}
  0x000001505976d910: 0f1f 8400 | 0051 0051 | 448b 5424 | 704c 8bd8 | e955 d0ff | ff4c 896c | 2420 4489 | 7424 4848 
  0x000001505976d930: 8954 2428 | 4c89 4424 | 3044 895c | 244c 4489 | 5424 5048 | 895c 2458 | 4889 7c24 | 7048 8974 
  0x000001505976d950: 2478 4c89 | 8c24 8000 

  0x000001505976d958: ;   {metadata({type array byte})}
  0x000001505976d958: 0000 48ba | 500a 0400 | 0800 0000 | 448b 4424 | 4c66 6690 

  0x000001505976d96c: ;   {runtime_call _new_array_nozero_Java}
  0x000001505976d96c: c5f8 77e8 

  0x000001505976d970: ; ImmutableOopMap {[32]=Oop [40]=Oop [48]=Oop [56]=Oop [72]=NarrowOop [80]=NarrowOop [88]=Oop [96]=Oop [104]=NarrowOop [152]=Oop [112]=Derived_oop_[152] }
                      ;*newarray {reexecute=0 rethrow=0 return_oop=1}
                      ; - java.util.Arrays::copyOfRangeByte@10
                      ; - java.util.Arrays::copyOfRange@13
                      ; - java.lang.StringLatin1::newString@16
                      ; - java.lang.String::substring@41
                      ; - java.net.URLClassLoader::defineClass@28
                      ; - java.net.URLClassLoader$1::run@43
                      ; - java.net.URLClassLoader$1::run@1
  0x000001505976d970: 8c44 71fe 

  0x000001505976d974: ;   {other}
  0x000001505976d974: 0f1f 8400 | 6451 0052 | 448b 4424 | 4c4c 8bd0 | e948 c2ff | ff44 8bc5 | 4c8b 5424 | 284c 8954 
  0x000001505976d994: 2468 488b | 5c24 4044 | 8b4c 2448 | 448b 5c24 | 4c48 8b54 | 2460 e9ee | d5ff ff49 | ba00 0000 
  0x000001505976d9b4: 0001 0000 | 0049 0bda | 448b d3e9 | 5bbc ffff | bae4 ffff | ff4c 8b54 | 2438 4c89 | 5424 204c 
  0x000001505976d9d4: 896c 2430 | 48ff 7424 | 4048 8f44 | 2438 4489 | 5c24 4444 | 8974 244c 

  0x000001505976d9ec: ;   {runtime_call UncommonTrapBlob}
  0x000001505976d9ec: c5f8 77e8 

  0x000001505976d9f0: ; ImmutableOopMap {rbp=NarrowOop [32]=Oop [48]=Oop [76]=NarrowOop [104]=NarrowOop }
                      ;*baload {reexecute=0 rethrow=0 return_oop=0}
                      ; - java.lang.StringLatin1::lastIndexOf@24
                      ; - java.lang.String::lastIndexOf@13
                      ; - java.lang.String::lastIndexOf@8
                      ; - java.net.URLClassLoader::defineClass@7
                      ; - java.net.URLClassLoader$1::run@43
                      ; - java.net.URLClassLoader$1::run@1
  0x000001505976d9f0: 0c6c 6efe 

  0x000001505976d9f4: ;   {other}
  0x000001505976d9f4: 0f1f 8400 | e451 0053 | bae4 ffff | ff48 8b6c | 2438 4c8b | 4c24 304c | 894c 2420 | 4c8b 4c24 
  0x000001505976da14: 404c 894c | 2428 4889 | 7424 3844 | 895c 2434 | 894c 2444 | 448b 5c24 | 5445 8bcb | 4489 4c24 
  0x000001505976da34: 5044 8944 | 2454 4489 | 5424 5c90 

  0x000001505976da40: ;   {runtime_call UncommonTrapBlob}
  0x000001505976da40: c5f8 77e8 

  0x000001505976da44: ; ImmutableOopMap {rbp=Oop [32]=Oop [40]=Oop [52]=NarrowOop [56]=Oop [80]=NarrowOop [84]=NarrowOop [92]=NarrowOop }
                      ;*baload {reexecute=0 rethrow=0 return_oop=0}
                      ; - java.lang.StringLatin1::lastIndexOf@24
                      ; - java.lang.String::lastIndexOf@13
                      ; - java.lang.String::lastIndexOf@8
                      ; - java.lang.ClassLoader::checkCerts@3
                      ; - java.lang.ClassLoader::preDefineClass@113
                      ; - java.lang.ClassLoader::defineClass@4
                      ; - java.security.SecureClassLoader::defineClass@12
                      ; - java.net.URLClassLoader::defineClass@220
                      ; - java.net.URLClassLoader$1::run@43
                      ; - java.net.URLClassLoader$1::run@1
  0x000001505976da44: b86b 6efe 

  0x000001505976da48: ;   {other}
  0x000001505976da48: 0f1f 8400 | 3852 0054 | 4489 5c24 | 4089 4c24 | 2c44 8954 

  0x000001505976da5c: ;   {metadata('java/lang/String')}
  0x000001505976da5c: 2428 48ba | 281f 0400 | 0800 0000 

  0x000001505976da68: ;   {runtime_call _new_instance_Java}
  0x000001505976da68: c5f8 77e8 

  0x000001505976da6c: ; ImmutableOopMap {[32]=Oop [44]=NarrowOop [48]=Oop [56]=Oop [80]=Oop [100]=NarrowOop [104]=Oop }
                      ;*new {reexecute=0 rethrow=0 return_oop=1}
                      ; - java.lang.StringLatin1::newString@7
                      ; - java.lang.String::substring@41
                      ; - java.lang.Class::getPackageName@62
                      ; - java.lang.ClassLoader::postDefineClass@2
                      ; - java.lang.ClassLoader::defineClass@37
                      ; - java.security.SecureClassLoader::defineClass@12
                      ; - java.net.URLClassLoader::defineClass@220
                      ; - java.net.URLClassLoader$1::run@43
                      ; - java.net.URLClassLoader$1::run@1
  0x000001505976da6c: 104a 71fe 

  0x000001505976da70: ;   {other}
  0x000001505976da70: 0f1f 8400 | 6052 0055 | 448b 5424 | 288b 4c24 | 2c44 8b5c | 2440 488b | d8e9 f4d1 | ffff 4489 
  0x000001505976da90: 4424 5048 | 8974 2468 | 4489 5c24 | 6489 7c24 | 7044 8bd2 | 4889 5c24 | 784c 898c | 2480 0000 
  0x000001505976dab0: ;   {metadata({type array byte})}
  0x000001505976dab0: 0048 ba50 | 0a04 0008 | 0000 0045 | 8bc2 6690 

  0x000001505976dac0: ;   {runtime_call _new_array_nozero_Java}
  0x000001505976dac0: c5f8 77e8 

  0x000001505976dac4: ; ImmutableOopMap {[32]=Oop [40]=Oop [48]=Oop [56]=Oop [64]=Oop [72]=Oop [80]=NarrowOop [84]=NarrowOop [100]=NarrowOop [104]=Oop [112]=NarrowOop [120]=Oop [176]=Oop [128]=Derived_oop_[176] }
                      ;*invokevirtual clone {reexecute=1 rethrow=0 return_oop=1}
                      ; - (reexecute) java.util.Arrays::copyOfRange@18
                      ; - java.lang.StringLatin1::newString@16
                      ; - java.lang.String::substring@41
                      ; - java.lang.ClassLoader::checkCerts@21
                      ; - java.lang.ClassLoader::preDefineClass@113
                      ; - java.lang.ClassLoader::defineClass@4
                      ; - java.security.SecureClassLoader::defineClass@12
                      ; - java.net.URLClassLoader::defineClass@220
                      ; - java.net.URLClassLoader$1::run@43
                      ; - java.net.URLClassLoader$1::run@1
  0x000001505976dac4: 3843 71fe 

  0x000001505976dac8: ;   {other}
  0x000001505976dac8: 0f1f 8400 | b852 0056 | 488b d8e9 | a7cd ffff | 4c89 6c24 | 2044 8974 | 2448 4889 | 5424 284c 
  0x000001505976dae8: 8944 2430 | 4489 5424 | 5044 894c | 244c 4889 | 5c24 5848 | 897c 2470 

  0x000001505976db00: ;   {metadata({type array byte})}
  0x000001505976db00: 48ba 500a | 0400 0800 | 0000 448b | c166 6690 

  0x000001505976db10: ;   {runtime_call _new_array_nozero_Java}
  0x000001505976db10: c5f8 77e8 

  0x000001505976db14: ; ImmutableOopMap {[32]=Oop [40]=Oop [48]=Oop [56]=Oop [72]=NarrowOop [76]=NarrowOop [80]=NarrowOop [88]=Oop [96]=Oop [104]=NarrowOop [152]=Oop [112]=Derived_oop_[152] }
                      ;*invokevirtual clone {reexecute=1 rethrow=0 return_oop=1}
                      ; - (reexecute) java.util.Arrays::copyOfRange@18
                      ; - java.lang.StringLatin1::newString@16
                      ; - java.lang.String::substring@41
                      ; - java.net.URLClassLoader::defineClass@28
                      ; - java.net.URLClassLoader$1::run@43
                      ; - java.net.URLClassLoader$1::run@1
  0x000001505976db14: e842 71fe 

  0x000001505976db18: ;   {other}
  0x000001505976db18: 0f1f 8400 | 0853 0057 | 488b d8e9 | a5bf ffff | 4c89 7424 

  0x000001505976db2c: ;   {metadata('java/lang/String')}
  0x000001505976db2c: 2048 ba28 | 1f04 0008 | 0000 0090 

  0x000001505976db38: ;   {runtime_call _new_instance_Java}
  0x000001505976db38: c5f8 77e8 

  0x000001505976db3c: ; ImmutableOopMap {[32]=Oop [56]=Oop }
                      ;*new {reexecute=0 rethrow=0 return_oop=1}
                      ; - java.lang.StringConcatHelper::simpleConcat@17
                      ; - java.lang.String::concat@11
                      ; - java.net.URLClassLoader$1::run@13
                      ; - java.net.URLClassLoader$1::run@1
  0x000001505976db3c: 4049 71fe 

  0x000001505976db40: ;   {other}
  0x000001505976db40: 0f1f 8400 | 3053 0058 | 4c8b 7424 | 20e9 8ad6 | ffff 418b | ebe9 82b7 | ffff 4c89 | 4424 4048 
  0x000001505976db60: 8bd5 48c1 | e203 41b8 | 2e00 0000 

  0x000001505976db6c: ;   {static_call}
  0x000001505976db6c: c5f8 77e8 

  0x000001505976db70: ; ImmutableOopMap {[32]=Oop [48]=Oop [56]=Oop [64]=Oop [72]=Oop [80]=Oop [100]=NarrowOop [104]=Oop }
                      ;*invokestatic lastIndexOf {reexecute=0 rethrow=0 return_oop=0}
                      ; - java.lang.String::lastIndexOf@25
                      ; - java.lang.String::lastIndexOf@8
                      ; - java.lang.Class::getPackageName@47
                      ; - java.lang.ClassLoader::postDefineClass@2
                      ; - java.lang.ClassLoader::defineClass@37
                      ; - java.security.SecureClassLoader::defineClass@12
                      ; - java.net.URLClassLoader::defineClass@220
                      ; - java.net.URLClassLoader$1::run@43
                      ; - java.net.URLClassLoader$1::run@1
  0x000001505976db70: 0c15 6efe 

  0x000001505976db74: ;   {other}
  0x000001505976db74: 0f1f 8400 | 6453 0059 | 4c8b 4424 | 4044 8bd0 | e96f d0ff | ff4c 63c5 | 4d8d 5010 | 4d8b da49 
  0x000001505976db94: 83e3 f848 | 8bfb 4903 | fb49 c1ea | 034c 8bd9 | 4d2b da49 | 8bcb 4833 | c048 83f9 | 087f 1048 
  0x000001505976dbb4: ffc9 784f | 4889 04cf | 48ff c97d | f7eb 44c5 | fdef c0e9 | 0d00 0000 | c5fe 7f07 | c5fe 7f47 
  0x000001505976dbd4: 2048 83c7 | 4048 83e9 | 087d ed48 | 83c1 047c | 0cc5 fe7f | 0748 83c7 | 2048 83e9 | 0448 83c1 
  0x000001505976dbf4: 047e 1048 | ffc9 c5f9 | d607 4883 | c708 48ff | c97d f348 | 8b8c 2488 | 0000 0049 | 8bd1 c5f8 
  0x000001505976dc14: 7749 bac0 | 7ae3 5750 | 0100 0041 

  0x000001505976dc20: ;   {other}
  0x000001505976dc20: ffd2 0f1f | 8400 0000 | 0000 e967 | ddff ff4c | 8984 2480 | 0000 0048 | 8954 2478 | 4c89 4c24 
  0x000001505976dc40: 7048 895c | 2448 4489 | 5424 404c | 8b54 2468 | 4c89 5424 

  0x000001505976dc54: ;   {metadata({type array byte})}
  0x000001505976dc54: 2848 ba50 | 0a04 0008 | 0000 0044 | 8b44 2440 

  0x000001505976dc64: ;   {runtime_call _new_array_nozero_Java}
  0x000001505976dc64: c5f8 77e8 

  0x000001505976dc68: ; ImmutableOopMap {[32]=Oop [40]=Oop [48]=Oop [56]=Oop [72]=Oop [80]=Oop [100]=NarrowOop [168]=Oop [112]=Derived_oop_[168] }
                      ;*newarray {reexecute=0 rethrow=0 return_oop=1}
                      ; - java.util.Arrays::copyOfRangeByte@10
                      ; - java.util.Arrays::copyOfRange@13
                      ; - java.lang.StringLatin1::newString@16
                      ; - java.lang.String::substring@41
                      ; - java.lang.Class::getPackageName@62
                      ; - java.lang.ClassLoader::postDefineClass@2
                      ; - java.lang.ClassLoader::defineClass@37
                      ; - java.security.SecureClassLoader::defineClass@12
                      ; - java.net.URLClassLoader::defineClass@220
                      ; - java.net.URLClassLoader$1::run@43
                      ; - java.net.URLClassLoader$1::run@1
  0x000001505976dc68: 9441 71fe 

  0x000001505976dc6c: ;   {other}
  0x000001505976dc6c: 0f1f 8400 | 5c54 005a | 4c8b 5424 | 284c 8954 | 2468 448b | 5424 4048 | 8b5c 2448 | 4c8b 4c24 
  0x000001505976dc8c: 7048 8b54 | 2478 4c8b | 8424 8000 | 0000 488b | f0e9 31d1 | ffff 4c63 | d149 8bea | 448b d141 
  0x000001505976dcac: 81fa 0000 | 1000 0f87 | 841f 0000 | 4d8b 97b8 | 0100 004d | 8bc2 4c8d | 5d17 4983 | e3f8 4d03 
  0x000001505976dccc: d34d 3b97 | c801 0000 | 0f83 621f | 0000 4d89 | 97b8 0100 | 0041 0f18 | 82c0 0000 | 0049 c700 
  0x000001505976dcec: 0100 0000 | 410f 1882 | 0001 0000 

  0x000001505976dcf8: ;   {metadata({type array byte})}
  0x000001505976dcf8: 41c7 4008 | 500a 0400 | 4189 480c | 410f 1882 | 4001 0000 | 410f 1882 | 8001 0000 | 4d8b d049 
  0x000001505976dd18: 8bda 498b | d248 83c2 | 104c 8d55 | 0749 c1ea | 0348 8b8c | 2488 0000 | 004d 8bc2 | c5f8 7749 
  0x000001505976dd38: ba60 81e3 | 5750 0100 | 0041 ffd2 

  0x000001505976dd44: ;   {other}
  0x000001505976dd44: 0f1f 8400 | 0000 0000 | e945 dcff | ffba e4ff | ffff 4c8b | 5c24 384c | 895c 2420 | 4c8b 5c24 
  0x000001505976dd64: 304c 895c | 2428 4c8b | 5c24 504c | 895c 2440 | 4c89 4424 | 5044 8954 | 245c 6690 

  0x000001505976dd80: ;   {runtime_call UncommonTrapBlob}
  0x000001505976dd80: c5f8 77e8 

  0x000001505976dd84: ; ImmutableOopMap {rbp=NarrowOop [32]=Oop [40]=Oop [64]=Oop [80]=Oop [100]=NarrowOop [104]=Oop }
                      ;*baload {reexecute=0 rethrow=0 return_oop=0}
                      ; - java.lang.StringLatin1::lastIndexOf@24
                      ; - java.lang.String::lastIndexOf@13
                      ; - java.lang.String::lastIndexOf@8
                      ; - java.lang.Class::getPackageName@47
                      ; - java.lang.ClassLoader::postDefineClass@2
                      ; - java.lang.ClassLoader::defineClass@37
                      ; - java.security.SecureClassLoader::defineClass@12
                      ; - java.net.URLClassLoader::defineClass@220
                      ; - java.net.URLClassLoader$1::run@43
                      ; - java.net.URLClassLoader$1::run@1
  0x000001505976dd84: 7868 6efe 

  0x000001505976dd88: ;   {other}
  0x000001505976dd88: 0f1f 8400 | 7855 005b | 4889 7424 | 4049 8be9 | 4889 5c24 | 7045 8bd3 | 894c 2448 | 4c8b 5c24 
  0x000001505976dda8: 684c 895c 

  0x000001505976ddac: ;   {metadata({type array byte})}
  0x000001505976ddac: 2428 48ba | 500a 0400 | 0800 0000 | 458b c290 

  0x000001505976ddbc: ;   {runtime_call _new_array_nozero_Java}
  0x000001505976ddbc: c5f8 77e8 

  0x000001505976ddc0: ; ImmutableOopMap {[32]=Oop [40]=Oop [48]=Oop [56]=Oop [72]=NarrowOop [80]=Oop [100]=NarrowOop [112]=Oop [168]=Oop rbp=Derived_oop_[168] }
                      ;*invokevirtual clone {reexecute=1 rethrow=0 return_oop=1}
                      ; - (reexecute) java.util.Arrays::copyOfRange@18
                      ; - java.lang.StringLatin1::newString@16
                      ; - java.lang.String::substring@41
                      ; - java.lang.Class::getPackageName@62
                      ; - java.lang.ClassLoader::postDefineClass@2
                      ; - java.lang.ClassLoader::defineClass@37
                      ; - java.security.SecureClassLoader::defineClass@12
                      ; - java.net.URLClassLoader::defineClass@220
                      ; - java.net.URLClassLoader$1::run@43
                      ; - java.net.URLClassLoader$1::run@1
  0x000001505976ddc0: 3c40 71fe 

  0x000001505976ddc4: ;   {other}
  0x000001505976ddc4: 0f1f 8400 | b455 005c | 4c8b 5c24 | 284c 895c | 2468 488b | 5c24 704c | 8bcd 488b | 7424 4048 
  0x000001505976dde4: 8bf8 e91c | cfff ff4c | 8b4c 2458 | 458b 590c | 4585 db0f | 8467 d7ff | ff4d 8b57 | 2849 8bcb 
  0x000001505976de04: 48c1 e103 | 4d85 d20f | 847b 1c00 | 004d 8b5f | 384b 894c | 13f8 4983 | c2f8 4d89 | 5728 e93d 
  0x000001505976de24: d7ff ff4d | 8b57 484d | 8b5f 58f0 | 8344 24c0 | 0080 3900 | 7438 4488 | 214d 85d2 | 740f 4b89 
  0x000001505976de44: 4c13 f849 | 83c2 f84d | 8957 48eb | 2149 8bd9 | 498b d7c5 | f877 49ba | 60d1 9836 | fd7f 0000 
  0x000001505976de64: ;   {other}
  0x000001505976de64: 41ff d20f | 1f84 0000 | 0000 004c | 8bcb 458b | 590c e922 | d7ff ff44 | 8bdb 458b | d344 2b94 
  0x000001505976de84: 24b0 0000 | 0044 8994 | 2490 0000 | 00e9 a3f0 

  0x000001505976de94: ;   {metadata({type array byte})}
  0x000001505976de94: ffff 48ba | 500a 0400 | 0800 0000 | 448b 8424 | 9400 0000 

  0x000001505976dea8: ;   {runtime_call _new_array_nozero_Java}
  0x000001505976dea8: c5f8 77e8 

  0x000001505976deac: ; ImmutableOopMap {[32]=Oop [40]=Oop [48]=Oop [56]=Oop [72]=Oop [80]=NarrowOop [84]=NarrowOop [88]=Oop [104]=NarrowOop [108]=NarrowOop [112]=Oop [128]=Oop [136]=Derived_oop_[128] [176]=Oop }
                      ;*newarray {reexecute=0 rethrow=0 return_oop=1}
                      ; - java.util.Arrays::copyOf@15
                      ; - jdk.internal.loader.Resource::getBytes@94
                      ; - java.net.URLClassLoader::defineClass@179
                      ; - java.net.URLClassLoader$1::run@43
                      ; - java.net.URLClassLoader$1::run@1
  0x000001505976deac: 503f 71fe 

  0x000001505976deb0: ;   {other}
  0x000001505976deb0: 0f1f 8400 | a056 005d | 4c8b c0e9 | 6fda ffff | baf6 ffff | ff48 8944 | 2420 6690 

  0x000001505976decc: ;   {runtime_call UncommonTrapBlob}
  0x000001505976decc: c5f8 77e8 

  0x000001505976ded0: ; ImmutableOopMap {[32]=Oop [56]=Oop }
                      ;*invokevirtual getResource {reexecute=0 rethrow=0 return_oop=0}
                      ; - java.net.URLClassLoader$1::run@26
                      ; - java.net.URLClassLoader$1::run@1
  0x000001505976ded0: 2c67 6efe 

  0x000001505976ded4: ;   {other}
  0x000001505976ded4: 0f1f 8400 | c456 005e | ba76 ffff | ff48 8b6c | 2438 894c | 2424 4489 | 4424 2844 | 894c 242c 
  0x000001505976def4: ;   {runtime_call UncommonTrapBlob}
  0x000001505976def4: c5f8 77e8 

  0x000001505976def8: ; ImmutableOopMap {rbp=Oop [40]=NarrowOop [44]=NarrowOop }
                      ;*if_icmpge {reexecute=1 rethrow=0 return_oop=0}
                      ; - (reexecute) java.lang.StringLatin1::replace@19
                      ; - java.lang.String::replace@18
                      ; - java.net.URLClassLoader$1::run@8
                      ; - java.net.URLClassLoader$1::run@1
  0x000001505976def8: 0467 6efe 

  0x000001505976defc: ;   {other}
  0x000001505976defc: 0f1f 8400 | ec56 005f | 41bb 0100 | 0000 e9bf | b6ff ff4d | 63d9 e94b | b7ff ffba | ccff ffff 
  0x000001505976df1c: 488b 6c24 | 3848 8974 | 2420 4889 | 5c24 304c | 896c 2438 | 4489 5424 | 4066 6690 

  0x000001505976df38: ;   {runtime_call UncommonTrapBlob}
  0x000001505976df38: c5f8 77e8 

  0x000001505976df3c: ; ImmutableOopMap {rbp=Oop [32]=Oop [56]=Oop }
                      ;*invokestatic arraycopy {reexecute=0 rethrow=0 return_oop=0}
                      ; - java.lang.String::getBytes@22
                      ; - java.lang.StringConcatHelper::prepend@21
                      ; - java.lang.StringConcatHelper::simpleConcat@71
                      ; - java.lang.String::concat@11
                      ; - java.net.URLClassLoader$1::run@13
                      ; - java.net.URLClassLoader$1::run@1
  0x000001505976df3c: c066 6efe 

  0x000001505976df40: ;   {other}
  0x000001505976df40: 0f1f 8400 | 3057 0060 | bacc ffff | ff4c 8b5c | 2438 4c89 | 5c24 2048 | 895c 2430 | 4489 5424 
  0x000001505976df60: 384c 896c | 2440 4489 | 4424 3c90 

  0x000001505976df6c: ;   {runtime_call UncommonTrapBlob}
  0x000001505976df6c: c5f8 77e8 

  0x000001505976df70: ; ImmutableOopMap {[32]=Oop [56]=NarrowOop [64]=Oop }
                      ;*invokestatic arraycopy {reexecute=0 rethrow=0 return_oop=0}
                      ; - java.lang.String::getBytes@22
                      ; - java.lang.StringConcatHelper::prepend@21
                      ; - java.lang.StringConcatHelper::simpleConcat@81
                      ; - java.lang.String::concat@11
                      ; - java.net.URLClassLoader$1::run@13
                      ; - java.net.URLClassLoader$1::run@1
  0x000001505976df70: 8c66 6efe 

  0x000001505976df74: ;   {other}
  0x000001505976df74: 0f1f 8400 | 6457 0061 | ba76 ffff | ff4c 8b54 | 2438 4c89 | 5424 2048 | 895c 2430 | 894c 2438 
  0x000001505976df94: 4489 4424 | 3c44 894c | 2440 6690 

  0x000001505976dfa0: ;   {runtime_call UncommonTrapBlob}
  0x000001505976dfa0: c5f8 77e8 

  0x000001505976dfa4: ; ImmutableOopMap {[32]=Oop [48]=Oop [60]=NarrowOop [64]=NarrowOop }
                      ;*if_icmpge {reexecute=1 rethrow=0 return_oop=0}
                      ; - (reexecute) java.lang.StringLatin1::replace@82
                      ; - java.lang.String::replace@18
                      ; - java.net.URLClassLoader$1::run@8
                      ; - java.net.URLClassLoader$1::run@1
  0x000001505976dfa4: 5866 6efe 

  0x000001505976dfa8: ;   {other}
  0x000001505976dfa8: 0f1f 8400 | 9857 0062 

  0x000001505976dfb0: ;   {metadata({type array byte})}
  0x000001505976dfb0: 48ba 500a | 0400 0800 | 0000 4533 | c066 6690 

  0x000001505976dfc0: ;   {runtime_call _new_array_Java}
  0x000001505976dfc0: c5f8 77e8 

  0x000001505976dfc4: ; ImmutableOopMap {[32]=Oop [40]=Oop [48]=Oop [56]=Oop [72]=Oop [80]=NarrowOop [84]=NarrowOop [88]=Oop [104]=NarrowOop [108]=NarrowOop [112]=Oop }
                      ;*newarray {reexecute=0 rethrow=0 return_oop=1}
                      ; - jdk.internal.loader.Resource::getBytes@30
                      ; - java.net.URLClassLoader::defineClass@179
                      ; - java.net.URLClassLoader$1::run@43
                      ; - java.net.URLClassLoader$1::run@1
  0x000001505976dfc4: b841 71fe 

  0x000001505976dfc8: ;   {other}
  0x000001505976dfc8: 0f1f 8400 | b857 0063 | 4c8b c0e9 | 63d7 ffff | baf6 ffff | ff48 8944 | 2428 4489 | 7424 3090 
  0x000001505976dfe8: ;   {runtime_call UncommonTrapBlob}
  0x000001505976dfe8: c5f8 77e8 

  0x000001505976dfec: ; ImmutableOopMap {[40]=Oop [48]=NarrowOop [56]=Oop }
                      ;*invokevirtual defineClass {reexecute=0 rethrow=0 return_oop=0}
                      ; - java.net.URLClassLoader$1::run@43
                      ; - java.net.URLClassLoader$1::run@1
  0x000001505976dfec: 1066 6efe 

  0x000001505976dff0: ;   {other}
  0x000001505976dff0: 0f1f 8400 | e057 0064 | ba45 ffff | ff4c 8b5c | 2438 4c89 | 5c24 204c | 896c 2430 | 48ff 7424 
  0x000001505976e010: 4048 8f44 | 2438 4489 | 7424 4444 | 8954 2448 

  0x000001505976e020: ;   {runtime_call UncommonTrapBlob}
  0x000001505976e020: c5f8 77e8 

  0x000001505976e024: ; ImmutableOopMap {rbp=NarrowOop [32]=Oop [48]=Oop [68]=NarrowOop [72]=NarrowOop [104]=NarrowOop }
                      ;*ifeq {reexecute=1 rethrow=0 return_oop=0}
                      ; - (reexecute) jdk.internal.loader.Resource::getByteBuffer@9
                      ; - java.net.URLClassLoader::defineClass@132
                      ; - java.net.URLClassLoader$1::run@43
                      ; - java.net.URLClassLoader$1::run@1
  0x000001505976e024: d865 6efe 

  0x000001505976e028: ;   {other}
  0x000001505976e028: 0f1f 8400 | 1858 0065 | bae4 ffff | ff4c 8b54 | 2438 4c89 | 5424 204c | 8b54 2430 | 4c89 5424 
  0x000001505976e048: 2844 8b54 | 2450 4489 | 5424 3c44 | 894c 2454 

  0x000001505976e058: ;   {runtime_call UncommonTrapBlob}
  0x000001505976e058: c5f8 77e8 

  0x000001505976e05c: ; ImmutableOopMap {[32]=Oop [40]=Oop [60]=NarrowOop [84]=NarrowOop [104]=NarrowOop [112]=Oop [120]=Oop }
                      ;*invokestatic checkIndex {reexecute=0 rethrow=0 return_oop=0}
                      ; - java.nio.Buffer::checkIndex@8
                      ; - java.nio.DirectLongBufferU::get@11
                      ; - jdk.internal.perf.PerfCounter::get@5
                      ; - jdk.internal.perf.PerfCounter::add@1
                      ; - jdk.internal.perf.PerfCounter::addElapsedTimeFrom@6
                      ; - java.net.URLClassLoader::defineClass@207
                      ; - java.net.URLClassLoader$1::run@43
                      ; - java.net.URLClassLoader$1::run@1
  0x000001505976e05c: a065 6efe 

  0x000001505976e060: ;   {other}
  0x000001505976e060: 0f1f 8400 | 5058 0066 | baf6 ffff | ff4c 8b54 | 2430 4c89 | 5424 2048 | 894c 2428 | 4c89 4c24 
  0x000001505976e080: 3066 6690 

  0x000001505976e084: ;   {runtime_call UncommonTrapBlob}
  0x000001505976e084: c5f8 77e8 

  0x000001505976e088: ; ImmutableOopMap {[32]=Oop [40]=Oop [48]=Oop [56]=Oop }
                      ;*invokevirtual putIfAbsent {reexecute=0 rethrow=0 return_oop=0}
                      ; - java.lang.ClassLoader::checkCerts@62
                      ; - java.lang.ClassLoader::preDefineClass@113
                      ; - java.lang.ClassLoader::defineClass@4
                      ; - java.security.SecureClassLoader::defineClass@12
                      ; - java.net.URLClassLoader::defineClass@220
                      ; - java.net.URLClassLoader$1::run@43
                      ; - java.net.URLClassLoader$1::run@1
  0x000001505976e088: 7465 6efe 

  0x000001505976e08c: ;   {other}
  0x000001505976e08c: 0f1f 8400 | 7c58 0067 | baf6 ffff | ff66 6690 

  0x000001505976e09c: ;   {runtime_call UncommonTrapBlob}
  0x000001505976e09c: c5f8 77e8 

  0x000001505976e0a0: ; ImmutableOopMap {rbp=NarrowOop [48]=Oop [56]=Oop }
                      ;*invokevirtual toExternalForm {reexecute=0 rethrow=0 return_oop=0}
                      ; - java.net.URL::toExternalForm@5
                      ; - java.net.URL::toString@1
                      ; - java.lang.ClassLoader::defineClassSourceLocation@22
                      ; - java.lang.ClassLoader::defineClass@12
                      ; - java.security.SecureClassLoader::defineClass@12
                      ; - java.net.URLClassLoader::defineClass@220
                      ; - java.net.URLClassLoader$1::run@43
                      ; - java.net.URLClassLoader$1::run@1
  0x000001505976e0a0: 5c65 6efe 

  0x000001505976e0a4: ;   {other}
  0x000001505976e0a4: 0f1f 8400 | 9458 0068 | baf6 ffff | ff48 8b6c | 2438 4c89 | 6c24 204c | 8b44 2440 | 4c89 4424 
  0x000001505976e0c4: 2844 8974 | 2434 4c89 | 5c24 3844 | 8954 2440 

  0x000001505976e0d4: ;   {runtime_call UncommonTrapBlob}
  0x000001505976e0d4: c5f8 77e8 

  0x000001505976e0d8: ; ImmutableOopMap {rbp=Oop [32]=Oop [52]=NarrowOop [56]=Oop [64]=NarrowOop [104]=NarrowOop [144]=Oop }
                      ;*invokevirtual ensureInitialization {reexecute=0 rethrow=0 return_oop=0}
                      ; - java.util.jar.JavaUtilJarAccessImpl::ensureInitialization@1
                      ; - jdk.internal.loader.URLClassPath$JarLoader$2::getManifest@10
                      ; - java.net.URLClassLoader::defineClass@34
                      ; - java.net.URLClassLoader$1::run@43
                      ; - java.net.URLClassLoader$1::run@1
  0x000001505976e0d8: 2465 6efe 

  0x000001505976e0dc: ;   {other}
  0x000001505976e0dc: 0f1f 8400 | cc58 0069 | baf6 ffff | ff48 8b6c | 2438 48ff | 7424 4848 | 8f44 2420 | 4c8b 5424 
  0x000001505976e0fc: 404c 8954 | 2428 4c89 | 5c24 4890 

  0x000001505976e108: ;   {runtime_call UncommonTrapBlob}
  0x000001505976e108: c5f8 77e8 

  0x000001505976e10c: ; ImmutableOopMap {rbp=Oop [32]=Oop [72]=Oop [80]=NarrowOop [84]=NarrowOop [104]=NarrowOop [112]=Oop }
                      ;*invokevirtual maybeInstantiateVerifier {reexecute=0 rethrow=0 return_oop=0}
                      ; - java.util.jar.JarFile$JarFileEntry::getCodeSigners@4
                      ; - jdk.internal.loader.URLClassPath$JarLoader$2::getCodeSigners@4
                      ; - java.net.URLClassLoader::defineClass@185
                      ; - java.net.URLClassLoader$1::run@43
                      ; - java.net.URLClassLoader$1::run@1
  0x000001505976e10c: f064 6efe 

  0x000001505976e110: ;   {other}
  0x000001505976e110: 0f1f 8400 | 0059 006a | 4489 5424 | 584c 8944 | 2450 4889 | 5424 4844 | 8974 2434 | 448b 5c24 
  0x000001505976e130: 6844 895c | 2430 4c89 | 6c24 284c | 8b54 2460 | 4c89 5424 | 2048 8b6c | 2438 498b | d54c 8d84 
  0x000001505976e150: 24c0 0000 | 0066 6690 

  0x000001505976e158: ;   {runtime_call _complete_monitor_locking_Java}
  0x000001505976e158: c5f8 77e8 

  0x000001505976e15c: ; ImmutableOopMap {rbp=Oop [32]=Oop [40]=Oop [48]=NarrowOop [52]=NarrowOop [72]=Oop [80]=Oop [88]=NarrowOop }
                      ;*synchronization entry
                      ; - jdk.internal.loader.Resource::cachedInputStream@-1
                      ; - jdk.internal.loader.Resource::getByteBuffer@1
                      ; - java.net.URLClassLoader::defineClass@132
                      ; - java.net.URLClassLoader$1::run@43
                      ; - java.net.URLClassLoader$1::run@1
  0x000001505976e15c: 209a 71fe 

  0x000001505976e160: ;   {other}
  0x000001505976e160: 0f1f 8400 | 5059 006b | 4889 6c24 | 384c 8b54 | 2420 4c89 | 5424 604c | 8b6c 2428 | 448b 5424 
  0x000001505976e180: 3044 8954 | 2468 448b | 7424 3448 | 8b54 2448 | 4c8b 4424 | 5044 8b54 | 2458 e9a4 | bdff ff89 
  0x000001505976e1a0: 5c24 4844 | 8954 2424 | 4c89 4424 | 3048 8954 | 2428 4489 | 7424 2049 | 8bcd 488d | 9424 c000 
  0x000001505976e1c0: 0000 4d8b | c7c5 f877 | 49ba b00b | da36 fd7f | 0000 41ff 

  0x000001505976e1d4: ;   {other}
  0x000001505976e1d4: d20f 1f84 | 0000 0000 | 0044 8b74 | 2420 488b | 5424 284c | 8b44 2430 | 448b 5424 | 248b 5c24 
  0x000001505976e1f4: 48e9 bebe 

  0x000001505976e1f8: ;   {oop(a 'jdk/internal/perf/PerfCounter'{0x00000006004e4cb8})}
  0x000001505976e1f8: ffff 48ba | b84c 4e00 | 0600 0000 | 4c8d 8424 | c000 0000 

  0x000001505976e20c: ;   {runtime_call _complete_monitor_locking_Java}
  0x000001505976e20c: c5f8 77e8 

  0x000001505976e210: ; ImmutableOopMap {[32]=Oop [40]=Oop [48]=Oop [56]=Oop [72]=Oop [80]=NarrowOop [104]=NarrowOop [112]=Oop [120]=Oop }
                      ;*synchronization entry
                      ; - jdk.internal.perf.PerfCounter::add@-1
                      ; - jdk.internal.perf.PerfCounter::addElapsedTimeFrom@6
                      ; - java.net.URLClassLoader::defineClass@207
                      ; - java.net.URLClassLoader$1::run@43
                      ; - java.net.URLClassLoader$1::run@1
  0x000001505976e210: 6c99 71fe 

  0x000001505976e214: ;   {other}
  0x000001505976e214: 0f1f 8400 | 045a 006c | e94e c1ff | ffba ccff | ffff 4c8b | 5424 384c | 8954 2420 | 4c8b 5424 
  0x000001505976e234: 304c 8954 | 2428 448b | 5c24 5044 | 895c 243c | 4489 4c24 | 5466 6690 

  0x000001505976e24c: ;   {runtime_call UncommonTrapBlob}
  0x000001505976e24c: c5f8 77e8 

  0x000001505976e250: ; ImmutableOopMap {[32]=Oop [40]=Oop [60]=NarrowOop [84]=NarrowOop [104]=NarrowOop [112]=Oop [120]=Oop }
                      ;*invokestatic checkIndex {reexecute=0 rethrow=0 return_oop=0}
                      ; - java.nio.Buffer::checkIndex@8
                      ; - java.nio.DirectLongBufferU::get@11
                      ; - jdk.internal.perf.PerfCounter::get@5
                      ; - jdk.internal.perf.PerfCounter::add@1
                      ; - jdk.internal.perf.PerfCounter::addElapsedTimeFrom@6
                      ; - java.net.URLClassLoader::defineClass@207
                      ; - java.net.URLClassLoader$1::run@43
                      ; - java.net.URLClassLoader$1::run@1
  0x000001505976e250: ac63 6efe 

  0x000001505976e254: ;   {other}
  0x000001505976e254: 0f1f 8400 | 445a 006d 

  0x000001505976e25c: ;   {oop(a 'jdk/internal/perf/PerfCounter'{0x00000006004e4cb8})}
  0x000001505976e25c: 48b9 b84c | 4e00 0600 | 0000 488d | 9424 c000 | 0000 4d8b | c7c5 f877 | 49ba b00b | da36 fd7f 
  0x000001505976e27c: 0000 41ff 

  0x000001505976e280: ;   {other}
  0x000001505976e280: d20f 1f84 | 0000 0000 | 00e9 c3c1 | ffff bade | ffff ff4c | 8b54 2438 | 4c89 5424 | 204c 8b54 
  0x000001505976e2a0: 2430 4c89 | 5424 284c | 895c 2430 | 4489 4424 | 3844 894c | 243c 448b | 5424 5044 | 8954 2440 
  0x000001505976e2c0: 4889 4c24 | 4848 895c | 2450 6690 

  0x000001505976e2cc: ;   {runtime_call UncommonTrapBlob}
  0x000001505976e2cc: c5f8 77e8 

  0x000001505976e2d0: ; ImmutableOopMap {rbp=NarrowOop [32]=Oop [40]=Oop [48]=Oop [60]=NarrowOop [64]=NarrowOop [72]=Oop [80]=Oop }
                      ;*invokeinterface computeIfAbsent {reexecute=0 rethrow=0 return_oop=0}
                      ; - java.security.SecureClassLoader::getProtectionDomain@28
                      ; - java.security.SecureClassLoader::defineClass@9
                      ; - java.net.URLClassLoader::defineClass@220
                      ; - java.net.URLClassLoader$1::run@43
                      ; - java.net.URLClassLoader$1::run@1
  0x000001505976e2d0: 2c63 6efe 

  0x000001505976e2d4: ;   {other}
  0x000001505976e2d4: 0f1f 8400 | c45a 006e | ba45 ffff | ff48 8b6c | 2438 4c8b | 5424 304c | 8954 2420 | 4c8b 5424 
  0x000001505976e2f4: 404c 8954 | 2428 4889 | 7424 3844 | 8b54 2454 | 4489 5424 | 4466 6690 

  0x000001505976e30c: ;   {runtime_call UncommonTrapBlob}
  0x000001505976e30c: c5f8 77e8 

  0x000001505976e310: ; ImmutableOopMap {rbp=Oop [32]=Oop [40]=Oop [56]=Oop [68]=NarrowOop [80]=NarrowOop [84]=NarrowOop }
                      ;*ifeq {reexecute=1 rethrow=0 return_oop=0}
                      ; - (reexecute) java.lang.ClassLoader::checkName@8
                      ; - java.lang.ClassLoader::preDefineClass@1
                      ; - java.lang.ClassLoader::defineClass@4
                      ; - java.security.SecureClassLoader::defineClass@12
                      ; - java.net.URLClassLoader::defineClass@220
                      ; - java.net.URLClassLoader$1::run@43
                      ; - java.net.URLClassLoader$1::run@1
  0x000001505976e310: ec62 6efe 

  0x000001505976e314: ;   {other}
  0x000001505976e314: 0f1f 8400 | 045b 006f | bade ffff | ff48 8b6c | 2438 4c8b | 5424 304c | 8954 2420 | 4c8b 5424 
  0x000001505976e334: 504c 8954 | 2438 4489 | 4424 4444 | 894c 2450 | 4489 5c24 | 5448 895c | 2458 6690 

  0x000001505976e350: ;   {runtime_call UncommonTrapBlob}
  0x000001505976e350: c5f8 77e8 

  0x000001505976e354: ; ImmutableOopMap {rbp=Oop [32]=Oop [56]=Oop [68]=NarrowOop [80]=NarrowOop [84]=NarrowOop [88]=Oop [100]=NarrowOop [104]=Oop }
                      ;*invokevirtual get {reexecute=0 rethrow=0 return_oop=0}
                      ; - java.lang.ClassLoader::getNamedPackage@5
                      ; - java.lang.ClassLoader::postDefineClass@9
                      ; - java.lang.ClassLoader::defineClass@37
                      ; - java.security.SecureClassLoader::defineClass@12
                      ; - java.net.URLClassLoader::defineClass@220
                      ; - java.net.URLClassLoader$1::run@43
                      ; - java.net.URLClassLoader$1::run@1
  0x000001505976e354: a862 6efe 

  0x000001505976e358: ;   {other}
  0x000001505976e358: 0f1f 8400 | 485b 0070 | bae4 ffff | ff4c 8b5c | 2438 4c89 | 5c24 204c | 8b5c 2430 | 4c89 5c24 
  0x000001505976e378: 284c 8b5c | 2440 4c89 | 5c24 3048 | 8974 2440 | 448b 5c24 | 5445 8bcb | 4489 4c24 | 4c44 8944 
  0x000001505976e398: 2450 4489 | 5424 5490 

  0x000001505976e3a0: ;   {runtime_call UncommonTrapBlob}
  0x000001505976e3a0: c5f8 77e8 

  0x000001505976e3a4: ; ImmutableOopMap {[32]=Oop [40]=Oop [48]=Oop [64]=Oop [76]=NarrowOop [80]=NarrowOop [84]=NarrowOop }
                      ;*invokestatic checkIndex {reexecute=0 rethrow=0 return_oop=0}
                      ; - java.lang.String::checkIndex@5
                      ; - java.lang.StringLatin1::charAt@3
                      ; - java.lang.String::charAt@12
                      ; - java.lang.ClassLoader::checkName@25
                      ; - java.lang.ClassLoader::preDefineClass@1
                      ; - java.lang.ClassLoader::defineClass@4
                      ; - java.security.SecureClassLoader::defineClass@12
                      ; - java.net.URLClassLoader::defineClass@220
                      ; - java.net.URLClassLoader$1::run@43
                      ; - java.net.URLClassLoader$1::run@1
  0x000001505976e3a4: 5862 6efe 

  0x000001505976e3a8: ;   {other}
  0x000001505976e3a8: 0f1f 8400 | 985b 0071 | bade ffff | ff4c 8b44 | 2438 4c89 | 4424 204c | 896c 2428 | 4c8b 4424 
  0x000001505976e3c8: 404c 8944 | 2430 4489 | 7424 3c44 | 8954 2448 | 4c89 5c24 | 5889 5c24 | 4c66 6690 

  0x000001505976e3e4: ;   {runtime_call UncommonTrapBlob}
  0x000001505976e3e4: c5f8 77e8 

  0x000001505976e3e8: ; ImmutableOopMap {rbp=NarrowOop [32]=Oop [40]=Oop [60]=NarrowOop [72]=NarrowOop [76]=NarrowOop [88]=Oop [104]=NarrowOop [144]=Oop }
                      ;*invokeinterface ensureInitialization {reexecute=0 rethrow=0 return_oop=0}
                      ; - jdk.internal.loader.URLClassPath$JarLoader$2::getManifest@10
                      ; - java.net.URLClassLoader::defineClass@34
                      ; - java.net.URLClassLoader$1::run@43
                      ; - java.net.URLClassLoader$1::run@1
  0x000001505976e3e8: 1462 6efe 

  0x000001505976e3ec: ;   {other}
  0x000001505976e3ec: 0f1f 8400 | dc5b 0072 | 4c89 4c24 | 7089 6c24 | 584c 895c | 2450 4489 | 5424 4c4c | 8944 2430 
  0x000001505976e40c: 4889 5424 | 2844 8974 | 2448 4c89 | 6c24 2048 | 8b6c 2438 | 498b d14c | 8d84 24c0 | 0000 0090 
  0x000001505976e42c: ;   {runtime_call _complete_monitor_locking_Java}
  0x000001505976e42c: c5f8 77e8 

  0x000001505976e430: ; ImmutableOopMap {rbp=Oop [32]=Oop [40]=Oop [48]=Oop [72]=NarrowOop [76]=NarrowOop [80]=Oop [88]=NarrowOop [96]=Oop [104]=NarrowOop [112]=Oop [144]=Oop }
                      ;*synchronization entry
                      ; - java.util.jar.JarFile::ensureInitialization@-1
                      ; - java.util.jar.JavaUtilJarAccessImpl::ensureInitialization@1
                      ; - jdk.internal.loader.URLClassPath$JarLoader$2::getManifest@10
                      ; - java.net.URLClassLoader::defineClass@34
                      ; - java.net.URLClassLoader$1::run@43
                      ; - java.net.URLClassLoader$1::run@1
  0x000001505976e430: 4c97 71fe 

  0x000001505976e434: ;   {other}
  0x000001505976e434: 0f1f 8400 | 245c 0073 | 4889 6c24 | 384c 8b6c | 2420 488b | 5424 284c | 8b44 2430 | 448b 5424 
  0x000001505976e454: 4c4c 8b5c | 2450 4c8b | 4c24 70e9 | f4b8 ffff | 498b cb48 | 8d94 24c0 | 0000 004d | 8bc7 c5f8 
  0x000001505976e474: 7749 bab0 | 0bda 36fd | 7f00 0041 

  0x000001505976e480: ;   {other}
  0x000001505976e480: ffd2 0f1f | 8400 0000 | 0000 e9ad | b9ff ffba | deff ffff | 4c8b 5424 | 384c 8954 | 2420 4c8b 
  0x000001505976e4a0: 5424 304c | 8954 2428 | 4c8b 5424 | 404c 8954 | 2430 448b | 5424 4844 | 8954 243c | 4c89 4424 
  0x000001505976e4c0: 4066 6690 

  0x000001505976e4c4: ;   {runtime_call UncommonTrapBlob}
  0x000001505976e4c4: c5f8 77e8 

  0x000001505976e4c8: ; ImmutableOopMap {rbp=NarrowOop [32]=Oop [40]=Oop [60]=NarrowOop [64]=Oop [76]=NarrowOop [104]=NarrowOop [144]=Oop }
                      ;*invokevirtual getManifest {reexecute=0 rethrow=0 return_oop=0}
                      ; - jdk.internal.loader.URLClassPath$JarLoader$2::getManifest@22
                      ; - java.net.URLClassLoader::defineClass@34
                      ; - java.net.URLClassLoader$1::run@43
                      ; - java.net.URLClassLoader$1::run@1
  0x000001505976e4c8: 3461 6efe 

  0x000001505976e4cc: ;   {other}
  0x000001505976e4cc: 0f1f 8400 | bc5c 0074 | bade ffff | ff4c 8b5c | 2438 4c89 | 5c24 2048 | ff74 2448 | 488f 4424 
  0x000001505976e4ec: 284c 8b54 | 2440 4c89 | 5424 3090 

  0x000001505976e4f8: ;   {runtime_call UncommonTrapBlob}
  0x000001505976e4f8: c5f8 77e8 

  0x000001505976e4fc: ; ImmutableOopMap {rbp=NarrowOop [32]=Oop [40]=Oop [80]=NarrowOop [84]=NarrowOop [104]=NarrowOop [112]=Oop }
                      ;*invokevirtual getCodeSigners {reexecute=0 rethrow=0 return_oop=0}
                      ; - jdk.internal.loader.URLClassPath$JarLoader$2::getCodeSigners@4
                      ; - java.net.URLClassLoader::defineClass@185
                      ; - java.net.URLClassLoader$1::run@43
                      ; - java.net.URLClassLoader$1::run@1
  0x000001505976e4fc: 0061 6efe 

  0x000001505976e500: ;   {other}
  0x000001505976e500: 0f1f 8400 | f05c 0075 | bace ffff | ff4c 8b5c | 2438 4c89 | 5c24 204c | 8b5c 2430 | 4c89 5c24 
  0x000001505976e520: 284c 8b5c | 2440 4c89 | 5c24 3048 | 8974 2440 | 448b 4c24 | 5444 894c | 244c 4489 | 5424 5890 
  0x000001505976e540: ;   {runtime_call UncommonTrapBlob}
  0x000001505976e540: c5f8 77e8 

  0x000001505976e544: ; ImmutableOopMap {rbp=NarrowOop [32]=Oop [40]=Oop [48]=Oop [64]=Oop [76]=NarrowOop [80]=NarrowOop }
                      ;*invokestatic indexOfChar {reexecute=0 rethrow=0 return_oop=0}
                      ; - java.lang.StringLatin1::indexOf@33
                      ; - java.lang.String::indexOf@17
                      ; - java.lang.String::indexOf@3
                      ; - java.lang.ClassLoader::checkName@16
                      ; - java.lang.ClassLoader::preDefineClass@1
                      ; - java.lang.ClassLoader::defineClass@4
                      ; - java.security.SecureClassLoader::defineClass@12
                      ; - java.net.URLClassLoader::defineClass@220
                      ; - java.net.URLClassLoader$1::run@43
                      ; - java.net.URLClassLoader$1::run@1
  0x000001505976e544: b860 6efe 

  0x000001505976e548: ;   {other}
  0x000001505976e548: 0f1f 8400 | 385d 0076 | bae4 ffff | ff48 8b6c | 2438 4c8b | 5c24 304c | 895c 2420 | 4c8b 5c24 
  0x000001505976e568: 404c 895c | 2428 4889 | 7424 3844 | 8b4c 2454 | 4489 4c24 | 4444 8944 | 2448 4489 | 5424 5090 
  0x000001505976e588: ;   {runtime_call UncommonTrapBlob}
  0x000001505976e588: c5f8 77e8 

  0x000001505976e58c: ; ImmutableOopMap {rbp=Oop [32]=Oop [40]=Oop [56]=Oop [68]=NarrowOop [72]=NarrowOop [80]=NarrowOop [84]=NarrowOop }
                      ;*baload {reexecute=0 rethrow=0 return_oop=0}
                      ; - jdk.internal.util.ArraysSupport::mismatch@82
                      ; - java.lang.String::startsWith@70
                      ; - java.lang.String::startsWith@3
                      ; - java.lang.ClassLoader::preDefineClass@43
                      ; - java.lang.ClassLoader::defineClass@4
                      ; - java.security.SecureClassLoader::defineClass@12
                      ; - java.net.URLClassLoader::defineClass@220
                      ; - java.net.URLClassLoader$1::run@43
                      ; - java.net.URLClassLoader$1::run@1
  0x000001505976e58c: 7060 6efe 

  0x000001505976e590: ;   {other}
  0x000001505976e590: 0f1f 8400 | 805d 0077 | ba76 ffff | ff4c 8b54 | 2438 4c89 | 5424 2089 | 4c24 2848 | 895c 2430 
  0x000001505976e5b0: 4489 4424 | 3844 894c | 243c 6690 

  0x000001505976e5bc: ;   {runtime_call UncommonTrapBlob}
  0x000001505976e5bc: c5f8 77e8 

  0x000001505976e5c0: ; ImmutableOopMap {[32]=Oop [48]=Oop [56]=NarrowOop [60]=NarrowOop }
                      ;*if_icmpge {reexecute=1 rethrow=0 return_oop=0}
                      ; - (reexecute) java.lang.StringLatin1::replace@61
                      ; - java.lang.String::replace@18
                      ; - java.net.URLClassLoader$1::run@8
                      ; - java.net.URLClassLoader$1::run@1
  0x000001505976e5c0: 3c60 6efe 

  0x000001505976e5c4: ;   {other}
  0x000001505976e5c4: 0f1f 8400 | b45d 0078 | 41ba 0100 | 0000 e929 | aeff ff4c | 63c5 4d8d | 5010 4d8b | da49 83e3 
  0x000001505976e5e4: f848 8bfb | 4903 fb49 | c1ea 034c | 8bd9 4d2b | da49 8bcb | 4833 c048 | 83f9 087f | 1048 ffc9 
  0x000001505976e604: 784f 4889 | 04cf 48ff | c97d f7eb | 44c5 fdef | c0e9 0d00 | 0000 c5fe | 7f07 c5fe | 7f47 2048 
  0x000001505976e624: 83c7 4048 | 83e9 087d | ed48 83c1 | 047c 0cc5 | fe7f 0748 | 83c7 2048 | 83e9 0448 | 83c1 047e 
  0x000001505976e644: 1048 ffc9 | c5f9 d607 | 4883 c708 | 48ff c97d | f348 8b8c | 2498 0000 | 0049 8bd1 | c5f8 7749 
  0x000001505976e664: bac0 7ae3 | 5750 0100 | 0041 ffd2 

  0x000001505976e670: ;   {other}
  0x000001505976e670: 0f1f 8400 | 0000 0000 | e9b4 e8ff | ffba 45ff | ffff 4889 | 7424 2044 | 8954 2428 

  0x000001505976e68c: ;   {runtime_call UncommonTrapBlob}
  0x000001505976e68c: c5f8 77e8 

  0x000001505976e690: ; ImmutableOopMap {[32]=Oop [56]=Oop }
                      ;*iflt {reexecute=1 rethrow=0 return_oop=0}
                      ; - (reexecute) java.lang.StringConcatHelper::checkOverflow@2
                      ; - java.lang.StringConcatHelper::mix@23
                      ; - java.lang.StringConcatHelper::simpleConcat@46
                      ; - java.lang.String::concat@11
                      ; - java.net.URLClassLoader$1::run@13
                      ; - java.net.URLClassLoader$1::run@1
  0x000001505976e690: 6c5f 6efe 

  0x000001505976e694: ;   {other}
  0x000001505976e694: 0f1f 8400 | 845e 0079 | ba45 ffff | ff48 8974 | 2428 6690 

  0x000001505976e6a8: ;   {runtime_call UncommonTrapBlob}
  0x000001505976e6a8: c5f8 77e8 

  0x000001505976e6ac: ; ImmutableOopMap {[40]=Oop [56]=Oop }
                      ;*iflt {reexecute=1 rethrow=0 return_oop=0}
                      ; - (reexecute) java.lang.StringConcatHelper::checkOverflow@2
                      ; - java.lang.StringConcatHelper::mix@23
                      ; - java.lang.StringConcatHelper::simpleConcat@54
                      ; - java.lang.String::concat@11
                      ; - java.net.URLClassLoader$1::run@13
                      ; - java.net.URLClassLoader$1::run@1
  0x000001505976e6ac: 505f 6efe 

  0x000001505976e6b0: ;   {other}
  0x000001505976e6b0: 0f1f 8400 | a05e 007a | 4c89 4c24 | 5844 8954 | 2450 4c89 | 4424 3048 | 8954 2428 | 4489 7424 
  0x000001505976e6d0: 2444 8b5c | 2468 4489 | 5c24 204c | 896c 2448 | 488b 6c24 

  0x000001505976e6e4: ;   {metadata('java/io/FileInputStream')}
  0x000001505976e6e4: 6048 ba08 | f806 0008 | 0000 0090 

  0x000001505976e6f0: ;   {runtime_call _new_instance_Java}
  0x000001505976e6f0: c5f8 77e8 

  0x000001505976e6f4: ; ImmutableOopMap {rbp=Oop [32]=NarrowOop [36]=NarrowOop [40]=Oop [48]=Oop [56]=Oop [72]=Oop [80]=NarrowOop [88]=Oop }
                      ;*new {reexecute=0 rethrow=0 return_oop=1}
                      ; - jdk.internal.loader.URLClassPath$FileLoader$1::getInputStream@0
                      ; - jdk.internal.loader.Resource::cachedInputStream@9
                      ; - jdk.internal.loader.Resource::getBytes@1
                      ; - java.net.URLClassLoader::defineClass@179
                      ; - java.net.URLClassLoader$1::run@43
                      ; - java.net.URLClassLoader$1::run@1
  0x000001505976e6f4: 883d 71fe 

  0x000001505976e6f8: ;   {other}
  0x000001505976e6f8: 0f1f 8400 | e85e 007b | e91f ceff | ffba 45ff | ffff 4889 | 7424 2048 | 894c 2428 | 4489 4c24 
  0x000001505976e718: 3066 6690 

  0x000001505976e71c: ;   {runtime_call UncommonTrapBlob}
  0x000001505976e71c: c5f8 77e8 

  0x000001505976e720: ; ImmutableOopMap {[32]=Oop [56]=Oop }
                      ;*ifge {reexecute=1 rethrow=0 return_oop=0}
                      ; - (reexecute) java.lang.StringConcatHelper::newArray@13
                      ; - java.lang.StringConcatHelper::simpleConcat@61
                      ; - java.lang.String::concat@11
                      ; - java.net.URLClassLoader$1::run@13
                      ; - java.net.URLClassLoader$1::run@1
  0x000001505976e720: dc5e 6efe 

  0x000001505976e724: ;   {other}
  0x000001505976e724: 0f1f 8400 | 145f 007c | baf6 ffff | ff4c 8b5c | 2438 4c89 | 5c24 204c | 896c 2430 | 48ff 7424 
  0x000001505976e744: 4048 8f44 | 2438 4489 | 7424 4444 | 8954 2448 | 4889 4c24 | 5066 6690 

  0x000001505976e75c: ;   {runtime_call UncommonTrapBlob}
  0x000001505976e75c: c5f8 77e8 

  0x000001505976e760: ; ImmutableOopMap {rbp=NarrowOop [32]=Oop [48]=Oop [68]=NarrowOop [72]=NarrowOop [80]=Oop [104]=NarrowOop }
                      ;*invokevirtual getInputStream {reexecute=0 rethrow=0 return_oop=0}
                      ; - jdk.internal.loader.URLClassPath$JarLoader$2::getInputStream@11
                      ; - jdk.internal.loader.Resource::cachedInputStream@9
                      ; - jdk.internal.loader.Resource::getByteBuffer@1
                      ; - java.net.URLClassLoader::defineClass@132
                      ; - java.net.URLClassLoader$1::run@43
                      ; - java.net.URLClassLoader$1::run@1
  0x000001505976e760: 9c5e 6efe 

  0x000001505976e764: ;   {other}
  0x000001505976e764: 0f1f 8400 | 545f 007d | 895c 2450 | 4489 5424 | 2c4c 8944 | 2448 4889 | 5424 3044 | 8974 2428 
  0x000001505976e784: 4c89 6c24 

  0x000001505976e788: ;   {metadata('java/io/FileInputStream')}
  0x000001505976e788: 2048 ba08 | f806 0008 | 0000 0090 

  0x000001505976e794: ;   {runtime_call _new_instance_Java}
  0x000001505976e794: c5f8 77e8 

  0x000001505976e798: ; ImmutableOopMap {rbp=Oop [32]=Oop [40]=NarrowOop [44]=NarrowOop [48]=Oop [56]=Oop [72]=Oop [96]=Oop [104]=NarrowOop }
                      ;*new {reexecute=0 rethrow=0 return_oop=1}
                      ; - jdk.internal.loader.URLClassPath$FileLoader$1::getInputStream@0
                      ; - jdk.internal.loader.Resource::cachedInputStream@9
                      ; - jdk.internal.loader.Resource::getByteBuffer@1
                      ; - java.net.URLClassLoader::defineClass@132
                      ; - java.net.URLClassLoader$1::run@43
                      ; - java.net.URLClassLoader$1::run@1
  0x000001505976e798: e43c 71fe 

  0x000001505976e79c: ;   {other}
  0x000001505976e79c: 0f1f 8400 | 8c5f 007e | e9f8 d3ff | ffba f6ff | ffff 4c8b | 5424 304c | 8954 2420 | 4889 7c24 
  0x000001505976e7bc: 3066 6690 

  0x000001505976e7c0: ;   {runtime_call UncommonTrapBlob}
  0x000001505976e7c0: c5f8 77e8 

  0x000001505976e7c4: ; ImmutableOopMap {[32]=Oop [48]=Oop [56]=Oop [72]=Oop }
                      ;*invokevirtual putIfAbsent {reexecute=0 rethrow=0 return_oop=0}
                      ; - java.lang.ClassLoader::getNamedPackage@32
                      ; - java.lang.ClassLoader::postDefineClass@9
                      ; - java.lang.ClassLoader::defineClass@37
                      ; - java.security.SecureClassLoader::defineClass@12
                      ; - java.net.URLClassLoader::defineClass@220
                      ; - java.net.URLClassLoader$1::run@43
                      ; - java.net.URLClassLoader$1::run@1
  0x000001505976e7c4: 385e 6efe 

  0x000001505976e7c8: ;   {other}
  0x000001505976e7c8: 0f1f 8400 | b85f 007f | 488b e8ba | 54ff ffff | 4c8b 5424 | 384c 8954 | 2420 4c8b | 5424 304c 
  0x000001505976e7e8: 8954 2428 | 4c8b 5424 | 504c 8954 | 2440 6690 

  0x000001505976e7f8: ;   {runtime_call UncommonTrapBlob}
  0x000001505976e7f8: c5f8 77e8 

  0x000001505976e7fc: ; ImmutableOopMap {rbp=Oop [32]=Oop [40]=Oop [64]=Oop [96]=NarrowOop [100]=NarrowOop [104]=Oop [112]=Oop }
                      ;*ifnull {reexecute=1 rethrow=0 return_oop=0}
                      ; - (reexecute) java.lang.ClassLoader::getNamedPackage@42
                      ; - java.lang.ClassLoader::postDefineClass@9
                      ; - java.lang.ClassLoader::defineClass@37
                      ; - java.security.SecureClassLoader::defineClass@12
                      ; - java.net.URLClassLoader::defineClass@220
                      ; - java.net.URLClassLoader$1::run@43
                      ; - java.net.URLClassLoader$1::run@1
  0x000001505976e7fc: 005e 6efe 

  0x000001505976e800: ;   {other}
  0x000001505976e800: 0f1f 8400 | f05f 0080 | 4c63 d1e9 | b5c0 ffff | 4983 c0fe | 498b c848 | 8bfa 4833 | c048 83f9 
  0x000001505976e820: 087f 1048 | ffc9 784f | 4889 04cf | 48ff c97d | f7eb 44c5 | fdef c0e9 | 0d00 0000 | c5fe 7f07 
  0x000001505976e840: c5fe 7f47 | 2048 83c7 | 4048 83e9 | 087d ed48 | 83c1 047c | 0cc5 fe7f | 0748 83c7 | 2048 83e9 
  0x000001505976e860: 0448 83c1 | 047e 1048 | ffc9 c5f9 | d607 4883 | c708 48ff | c97d f3e9 | 5bc1 ffff | 4963 f3e9 
  0x000001505976e880: 8db2 ffff | 4983 c3fe | 498b cb48 | 8bfa 4833 | c048 83f9 | 087f 1048 | ffc9 784f | 4889 04cf 
  0x000001505976e8a0: 48ff c97d | f7eb 44c5 | fdef c0e9 | 0d00 0000 | c5fe 7f07 | c5fe 7f47 | 2048 83c7 | 4048 83e9 
  0x000001505976e8c0: 087d ed48 | 83c1 047c | 0cc5 fe7f | 0748 83c7 | 2048 83e9 | 0448 83c1 | 047e 1048 | ffc9 c5f9 
  0x000001505976e8e0: d607 4883 | c708 48ff | c97d f3e9 | 38b3 ffff | bacc ffff | ff48 8b6c | 2438 4c8b 

  0x000001505976e8fc: ;   {no_reloc}
  0x000001505976e8fc: 5424 304c | 8954 2420 | 4c8b 5424 | 404c 8954 | 2428 448b | 4c24 6044 | 894c 2430 | 4889 7424 
  0x000001505976e91c: 3844 895c | 2434 894c | 2444 448b | 5424 5444 | 8954 2450 | 4489 4424 | 5448 895c | 2460 897c 
  0x000001505976e93c: 2468 6690 

  0x000001505976e940: ;   {runtime_call UncommonTrapBlob}
  0x000001505976e940: c5f8 77e8 

  0x000001505976e944: ; ImmutableOopMap {rbp=Oop [32]=Oop [40]=Oop [52]=NarrowOop [56]=Oop [80]=NarrowOop [84]=NarrowOop [96]=Oop [104]=NarrowOop }
                      ;*newarray {reexecute=1 rethrow=0 return_oop=0}
                      ; - (reexecute) java.util.Arrays::copyOfRangeByte@10
                      ; - java.util.Arrays::copyOfRange@13
                      ; - java.lang.StringLatin1::newString@16
                      ; - java.lang.String::substring@41
                      ; - java.lang.ClassLoader::checkCerts@21
                      ; - java.lang.ClassLoader::preDefineClass@113
                      ; - java.lang.ClassLoader::defineClass@4
                      ; - java.security.SecureClassLoader::defineClass@12
                      ; - java.net.URLClassLoader::defineClass@220
                      ; - java.net.URLClassLoader$1::run@43
                      ; - java.net.URLClassLoader$1::run@1
  0x000001505976e944: b85c 6efe 

  0x000001505976e948: ;   {other}
  0x000001505976e948: 0f1f 8400 | 3861 0081 | bacc ffff | ff48 8b6c | 2438 4c89 | 6c24 284c | 8b44 2440 | 4c89 4424 
  0x000001505976e968: 3044 895c | 243c 4489 | 7424 4444 | 8954 2448 | 4889 5c24 | 5844 894c | 244c 6690 

  0x000001505976e984: ;   {runtime_call UncommonTrapBlob}
  0x000001505976e984: c5f8 77e8 

  0x000001505976e988: ; ImmutableOopMap {rbp=Oop [40]=Oop [68]=NarrowOop [72]=NarrowOop [76]=NarrowOop [88]=Oop [104]=NarrowOop }
                      ;*newarray {reexecute=1 rethrow=0 return_oop=0}
                      ; - (reexecute) java.util.Arrays::copyOfRangeByte@10
                      ; - java.util.Arrays::copyOfRange@13
                      ; - java.lang.StringLatin1::newString@16
                      ; - java.lang.String::substring@41
                      ; - java.net.URLClassLoader::defineClass@28
                      ; - java.net.URLClassLoader$1::run@43
                      ; - java.net.URLClassLoader$1::run@1
  0x000001505976e988: 745c 6efe 

  0x000001505976e98c: ;   {other}
  0x000001505976e98c: 0f1f 8400 | 7c61 0082 | 498b d7c5 | f877 49ba | 80d1 9836 | fd7f 0000 

  0x000001505976e9a4: ;   {other}
  0x000001505976e9a4: 41ff d20f | 1f84 0000 | 0000 004c | 8bc5 e9d2 | b8ff ffba | 45ff ffff | 488b 6c24 | 384c 8b54 
  0x000001505976e9c4: 2430 4c89 | 5424 204c | 8b54 2440 | 4c89 5424 | 2848 8974 | 2438 448b | 5424 5444 | 8954 2444 
  0x000001505976e9e4: 4489 4424 | 4889 5c24 | 4c66 6690 

  0x000001505976e9f0: ;   {runtime_call UncommonTrapBlob}
  0x000001505976e9f0: c5f8 77e8 

  0x000001505976e9f4: ; ImmutableOopMap {rbp=Oop [32]=Oop [40]=Oop [56]=Oop [68]=NarrowOop [72]=NarrowOop [84]=NarrowOop }
                      ;*if_icmpne {reexecute=1 rethrow=0 return_oop=0}
                      ; - (reexecute) java.lang.ClassLoader::checkName@20
                      ; - java.lang.ClassLoader::preDefineClass@1
                      ; - java.lang.ClassLoader::defineClass@4
                      ; - java.security.SecureClassLoader::defineClass@12
                      ; - java.net.URLClassLoader::defineClass@220
                      ; - java.net.URLClassLoader$1::run@43
                      ; - java.net.URLClassLoader$1::run@1
  0x000001505976e9f4: 085c 6efe 

  0x000001505976e9f8: ;   {other}
  0x000001505976e9f8: 0f1f 8400 | e861 0083 | ba45 ffff | ff4c 8b54 | 2438 4c89 | 5424 204c | 8b54 2430 | 4c89 5424 
  0x000001505976ea18: 284c 8b54 | 2440 4c89 | 5424 3044 | 8b4c 2460 | 4489 4c24 | 3848 8974 | 2440 4489 | 5c24 3c89 
  0x000001505976ea38: 4c24 4c89 | 4c24 5044 | 8944 2460 | 4489 4424 | 6466 6690 

  0x000001505976ea4c: ;   {runtime_call UncommonTrapBlob}
  0x000001505976ea4c: c5f8 77e8 

  0x000001505976ea50: ; ImmutableOopMap {[32]=Oop [40]=Oop [48]=Oop [60]=NarrowOop [64]=Oop [84]=NarrowOop [96]=NarrowOop [100]=NarrowOop }
                      ;*if_icmpgt {reexecute=1 rethrow=0 return_oop=0}
                      ; - (reexecute) jdk.internal.util.Preconditions::checkFromToIndex@6
                      ; - java.lang.String::checkBoundsBeginEnd@6
                      ; - java.lang.String::substring@8
                      ; - java.lang.ClassLoader::checkCerts@21
                      ; - java.lang.ClassLoader::preDefineClass@113
                      ; - java.lang.ClassLoader::defineClass@4
                      ; - java.security.SecureClassLoader::defineClass@12
                      ; - java.net.URLClassLoader::defineClass@220
                      ; - java.net.URLClassLoader$1::run@43
                      ; - java.net.URLClassLoader$1::run@1
  0x000001505976ea50: ac5b 6efe 

  0x000001505976ea54: ;   {other}
  0x000001505976ea54: 0f1f 8400 | 4462 0084 | ba45 ffff | ff4c 8b44 | 2438 4c89 | 4424 204c | 896c 2430 | 48ff 7424 
  0x000001505976ea74: 4048 8f44 | 2438 4489 | 5c24 4444 | 895c 2448 | 4489 5424 | 5444 8974 | 2458 6690 

  0x000001505976ea90: ;   {runtime_call UncommonTrapBlob}
  0x000001505976ea90: c5f8 77e8 

  0x000001505976ea94: ; ImmutableOopMap {[32]=Oop [48]=Oop [84]=NarrowOop [88]=NarrowOop [104]=NarrowOop }
                      ;*if_icmpgt {reexecute=1 rethrow=0 return_oop=0}
                      ; - (reexecute) jdk.internal.util.Preconditions::checkFromToIndex@6
                      ; - java.lang.String::checkBoundsBeginEnd@6
                      ; - java.lang.String::substring@8
                      ; - java.net.URLClassLoader::defineClass@28
                      ; - java.net.URLClassLoader$1::run@43
                      ; - java.net.URLClassLoader$1::run@1
  0x000001505976ea94: 685b 6efe 

  0x000001505976ea98: ;   {other}
  0x000001505976ea98: 0f1f 8400 | 8862 0085 | ba45 ffff | ff48 8b6c | 2438 4c89 | 5424 204c | 8b54 2440 | 4c89 5424 
  0x000001505976eab8: 2844 8b4c | 2450 4489 | 4c24 3c48 | 895c 2448 | 4c89 4424 | 5866 6690 

  0x000001505976ead0: ;   {runtime_call UncommonTrapBlob}
  0x000001505976ead0: c5f8 77e8 

  0x000001505976ead4: ; ImmutableOopMap {rbp=Oop [32]=Oop [60]=NarrowOop [72]=Oop [84]=NarrowOop [88]=Oop [104]=NarrowOop [112]=Oop }
                      ;*ifnull {reexecute=1 rethrow=0 return_oop=0}
                      ; - (reexecute) java.security.CodeSource::<init>@25
                      ; - java.net.URLClassLoader::defineClass@198
                      ; - java.net.URLClassLoader$1::run@43
                      ; - java.net.URLClassLoader$1::run@1
  0x000001505976ead4: 285b 6efe 

  0x000001505976ead8: ;   {other}
  0x000001505976ead8: 0f1f 8400 | c862 0086 | ba45 ffff | ff4c 8b54 | 2438 4c89 | 5424 204c | 8b54 2430 | 4c89 5424 
  0x000001505976eaf8: 2844 8b5c | 2450 4489 | 5c24 3c44 | 894c 2454 

  0x000001505976eb08: ;   {runtime_call UncommonTrapBlob}
  0x000001505976eb08: c5f8 77e8 

  0x000001505976eb0c: ; ImmutableOopMap {rbp=NarrowOop [32]=Oop [40]=Oop [60]=NarrowOop [84]=NarrowOop [104]=NarrowOop [112]=Oop [120]=Oop }
                      ;*ifnull {reexecute=1 rethrow=0 return_oop=0}
                      ; - (reexecute) java.nio.Buffer::session@4
                      ; - java.nio.DirectLongBufferU::get@4
                      ; - jdk.internal.perf.PerfCounter::get@5
                      ; - jdk.internal.perf.PerfCounter::add@1
                      ; - jdk.internal.perf.PerfCounter::addElapsedTimeFrom@6
                      ; - java.net.URLClassLoader::defineClass@207
                      ; - java.net.URLClassLoader$1::run@43
                      ; - java.net.URLClassLoader$1::run@1
  0x000001505976eb0c: f05a 6efe 

  0x000001505976eb10: ;   {other}
  0x000001505976eb10: 0f1f 8400 | 0063 0087 | ba45 ffff | ff48 8b6c | 2438 4c8b | 5c24 304c | 895c 2420 | 4c8b 5c24 
  0x000001505976eb30: 404c 895c | 2428 4889 | 7424 3844 | 8b5c 2454 | 4489 5c24 | 4444 8944 | 2448 4489 | 5424 4c90 
  0x000001505976eb50: ;   {runtime_call UncommonTrapBlob}
  0x000001505976eb50: c5f8 77e8 

  0x000001505976eb54: ; ImmutableOopMap {rbp=Oop [32]=Oop [40]=Oop [56]=Oop [68]=NarrowOop [72]=NarrowOop [84]=NarrowOop }
                      ;*if_icmpne {reexecute=1 rethrow=0 return_oop=0}
                      ; - (reexecute) java.lang.ClassLoader::checkName@30
                      ; - java.lang.ClassLoader::preDefineClass@1
                      ; - java.lang.ClassLoader::defineClass@4
                      ; - java.security.SecureClassLoader::defineClass@12
                      ; - java.net.URLClassLoader::defineClass@220
                      ; - java.net.URLClassLoader$1::run@43
                      ; - java.net.URLClassLoader$1::run@1
  0x000001505976eb54: a85a 6efe 

  0x000001505976eb58: ;   {other}
  0x000001505976eb58: 0f1f 8400 | 4863 0088 | ba45 ffff | ff4c 8b54 | 2438 4c89 | 5424 204c | 8b54 2430 | 4c89 5424 
  0x000001505976eb78: 284c 8b54 | 2440 4c89 | 5424 3090 

  0x000001505976eb84: ;   {runtime_call UncommonTrapBlob}
  0x000001505976eb84: c5f8 77e8 

  0x000001505976eb88: ; ImmutableOopMap {rbp=NarrowOop [32]=Oop [40]=Oop [48]=Oop [80]=NarrowOop [100]=NarrowOop [104]=Oop }
                      ;*ifnull {reexecute=1 rethrow=0 return_oop=0}
                      ; - (reexecute) java.lang.ClassLoader::defineClassSourceLocation@15
                      ; - java.lang.ClassLoader::defineClass@12
                      ; - java.security.SecureClassLoader::defineClass@12
                      ; - java.net.URLClassLoader::defineClass@220
                      ; - java.net.URLClassLoader$1::run@43
                      ; - java.net.URLClassLoader$1::run@1
  0x000001505976eb88: 745a 6efe 

  0x000001505976eb8c: ;   {other}
  0x000001505976eb8c: 0f1f 8400 | 7c63 0089 | ba45 ffff | ff4c 8b54 | 2438 4c89 | 5424 204c | 8b54 2430 | 4c89 5424 
  0x000001505976ebac: 284c 8b54 | 2440 4c89 | 5424 3044 | 8b54 2460 | 4489 5424 | 3848 8974 | 2440 4489 | 5c24 3c89 
  0x000001505976ebcc: 4c24 4c89 | 4c24 5044 | 8944 2460 | 4489 4424 | 6466 6690 

  0x000001505976ebe0: ;   {runtime_call UncommonTrapBlob}
  0x000001505976ebe0: c5f8 77e8 

  0x000001505976ebe4: ; ImmutableOopMap {[32]=Oop [40]=Oop [48]=Oop [60]=NarrowOop [64]=Oop [84]=NarrowOop [96]=NarrowOop [100]=NarrowOop }
                      ;*if_icmple {reexecute=1 rethrow=0 return_oop=0}
                      ; - (reexecute) jdk.internal.util.Preconditions::checkFromToIndex@11
                      ; - java.lang.String::checkBoundsBeginEnd@6
                      ; - java.lang.String::substring@8
                      ; - java.lang.ClassLoader::checkCerts@21
                      ; - java.lang.ClassLoader::preDefineClass@113
                      ; - java.lang.ClassLoader::defineClass@4
                      ; - java.security.SecureClassLoader::defineClass@12
                      ; - java.net.URLClassLoader::defineClass@220
                      ; - java.net.URLClassLoader$1::run@43
                      ; - java.net.URLClassLoader$1::run@1
  0x000001505976ebe4: 185a 6efe 

  0x000001505976ebe8: ;   {other}
  0x000001505976ebe8: 0f1f 8400 | d863 008a | ba45 ffff | ff48 8b6c | 2438 4c8b | 5424 304c | 8954 2420 | 4c8b 5424 
  0x000001505976ec08: 404c 8954 | 2428 448b | 5424 5044 | 8954 2444 | 4489 4424 | 4866 6690 

  0x000001505976ec20: ;   {runtime_call UncommonTrapBlob}
  0x000001505976ec20: c5f8 77e8 

  0x000001505976ec24: ; ImmutableOopMap {rbp=Oop [32]=Oop [40]=Oop [68]=NarrowOop [80]=NarrowOop [84]=NarrowOop [104]=Oop }
                      ;*ifne {reexecute=1 rethrow=0 return_oop=0}
                      ; - (reexecute) java.lang.ClassLoader::compareCerts@7
                      ; - java.lang.ClassLoader::checkCerts@80
                      ; - java.lang.ClassLoader::preDefineClass@113
                      ; - java.lang.ClassLoader::defineClass@4
                      ; - java.security.SecureClassLoader::defineClass@12
                      ; - java.net.URLClassLoader::defineClass@220
                      ; - java.net.URLClassLoader$1::run@43
                      ; - java.net.URLClassLoader$1::run@1
  0x000001505976ec24: d859 6efe 

  0x000001505976ec28: ;   {other}
  0x000001505976ec28: 0f1f 8400 | 1864 008b | ba45 ffff | ff4c 8b44 | 2438 4c89 | 4424 204c | 896c 2430 | 48ff 7424 
  0x000001505976ec48: 4048 8f44 | 2438 4489 | 5c24 4444 | 895c 2448 | 4489 5424 | 5444 8974 | 2458 6690 

  0x000001505976ec64: ;   {runtime_call UncommonTrapBlob}
  0x000001505976ec64: c5f8 77e8 

  0x000001505976ec68: ; ImmutableOopMap {[32]=Oop [48]=Oop [84]=NarrowOop [88]=NarrowOop [104]=NarrowOop }
                      ;*if_icmple {reexecute=1 rethrow=0 return_oop=0}
                      ; - (reexecute) jdk.internal.util.Preconditions::checkFromToIndex@11
                      ; - java.lang.String::checkBoundsBeginEnd@6
                      ; - java.lang.String::substring@8
                      ; - java.net.URLClassLoader::defineClass@28
                      ; - java.net.URLClassLoader$1::run@43
                      ; - java.net.URLClassLoader$1::run@1
  0x000001505976ec68: 9459 6efe 

  0x000001505976ec6c: ;   {other}
  0x000001505976ec6c: 0f1f 8400 | 5c64 008c | ba45 ffff | ff48 8b6c | 2438 4c89 | 6c24 204c | 8b44 2440 | 4c89 4424 
  0x000001505976ec8c: 2844 8974 | 2434 4489 | 5424 404c | 895c 2450 | 895c 2458 

  0x000001505976eca0: ;   {runtime_call UncommonTrapBlob}
  0x000001505976eca0: c5f8 77e8 

  0x000001505976eca4: ; ImmutableOopMap {rbp=Oop [32]=Oop [52]=NarrowOop [64]=NarrowOop [80]=Oop [88]=NarrowOop [104]=NarrowOop [144]=Oop }
                      ;*ifnonnull {reexecute=1 rethrow=0 return_oop=0}
                      ; - (reexecute) jdk.internal.access.SharedSecrets::javaUtilJarAccess@5
                      ; - jdk.internal.loader.URLClassPath$JarLoader$2::getManifest@0
                      ; - java.net.URLClassLoader::defineClass@34
                      ; - java.net.URLClassLoader$1::run@43
                      ; - java.net.URLClassLoader$1::run@1
  0x000001505976eca4: 5859 6efe 

  0x000001505976eca8: ;   {other}
  0x000001505976eca8: 0f1f 8400 | 9864 008d | 4c63 d349 | 8bea 81fb | 0000 1000 | 0f87 fa11 | 0000 4d8b | 97b8 0100 
  0x000001505976ecc8: 004d 8bc2 | 4c8d 5d17 | 4983 e3f8 | 4d03 d34d | 3b97 c801 | 0000 0f83 | d811 0000 | 4d89 97b8 
  0x000001505976ece8: 0100 0041 | 0f18 82c0 | 0000 0049 | c700 0100 | 0000 410f | 1882 0001 

  0x000001505976ed00: ;   {metadata({type array byte})}
  0x000001505976ed00: 0000 41c7 | 4008 500a | 0400 448b | db45 8958 | 0c41 0f18 | 8240 0100 | 0041 0f18 | 8280 0100 
  0x000001505976ed20: 004d 8bd0 | 498b da49 | 8bd2 4883 | c210 4c8d | 5507 49c1 | ea03 488b | 8c24 9800 | 0000 4d8b 
  0x000001505976ed40: c2c5 f877 | 49ba 6081 | e357 5001 | 0000 41ff 

  0x000001505976ed50: ;   {other}
  0x000001505976ed50: d20f 1f84 | 0000 0000 | 00e9 d3e1 | ffff 498b | fb49 8bd7 | c5f8 7749 | ba80 d198 | 36fd 7f00 
  0x000001505976ed70: 0041 ffd2 

  0x000001505976ed74: ;   {other}
  0x000001505976ed74: 0f1f 8400 | 0000 0000 | 4c8b 4c24 | 784c 8bdf | e95e bcff | ff49 8bfa | 498b d7c5 | f877 49ba 
  0x000001505976ed94: 80d1 9836 | fd7f 0000 

  0x000001505976ed9c: ;   {other}
  0x000001505976ed9c: 41ff d20f | 1f84 0000 | 0000 004c | 8b5c 2458 | 4c8b d7e9 | 84ae ffff | 33ed 4d85 | d240 0f94 
  0x000001505976edbc: c5ba 45ff | ffff 4c8b | 5424 384c | 8954 2420 | 4c8b 5424 | 304c 8954 | 2428 4889 | 4424 384c 
  0x000001505976eddc: 8b54 2450 | 4c89 5424 | 4048 8944 | 2448 448b | 5c24 6444 | 895c 2454 

  0x000001505976edf4: ;   {runtime_call UncommonTrapBlob}
  0x000001505976edf4: c5f8 77e8 

  0x000001505976edf8: ; ImmutableOopMap {[32]=Oop [40]=Oop [56]=Oop [64]=Oop [72]=Oop [84]=NarrowOop [100]=NarrowOop }
                      ;*ifeq {reexecute=1 rethrow=0 return_oop=0}
                      ; - (reexecute) java.lang.Class::getPackageName@29
                      ; - java.lang.ClassLoader::postDefineClass@2
                      ; - java.lang.ClassLoader::defineClass@37
                      ; - java.security.SecureClassLoader::defineClass@12
                      ; - java.net.URLClassLoader::defineClass@220
                      ; - java.net.URLClassLoader$1::run@43
                      ; - java.net.URLClassLoader$1::run@1
  0x000001505976edf8: 0458 6efe 

  0x000001505976edfc: ;   {other}
  0x000001505976edfc: 0f1f 8400 | ec65 008e | ba45 ffff | ff48 8b6c | 2438 4c8b | 5424 304c | 8954 2420 | 4889 4424 
  0x000001505976ee1c: 3048 8944 | 2440 448b | 5c24 6444 | 895c 244c 

  0x000001505976ee2c: ;   {runtime_call UncommonTrapBlob}
  0x000001505976ee2c: c5f8 77e8 

  0x000001505976ee30: ; ImmutableOopMap {rbp=Oop [32]=Oop [48]=Oop [64]=Oop [76]=NarrowOop [80]=Oop [100]=NarrowOop }
                      ;*ifeq {reexecute=1 rethrow=0 return_oop=0}
                      ; - (reexecute) java.lang.Class::getPackageName@13
                      ; - java.lang.ClassLoader::postDefineClass@2
                      ; - java.lang.ClassLoader::defineClass@37
                      ; - java.security.SecureClassLoader::defineClass@12
                      ; - java.net.URLClassLoader::defineClass@220
                      ; - java.net.URLClassLoader$1::run@43
                      ; - java.net.URLClassLoader$1::run@1
  0x000001505976ee30: cc57 6efe 

  0x000001505976ee34: ;   {other}
  0x000001505976ee34: 0f1f 8400 | 2466 008f | bade ffff | ff66 6690 

  0x000001505976ee44: ;   {runtime_call UncommonTrapBlob}
  0x000001505976ee44: c5f8 77e8 

  0x000001505976ee48: ; ImmutableOopMap {rbp=NarrowOop [48]=Oop [56]=Oop }
                      ;*checkcast {reexecute=0 rethrow=0 return_oop=0}
                      ; - java.lang.ClassLoader::getNamedPackage@8
                      ; - java.lang.ClassLoader::postDefineClass@9
                      ; - java.lang.ClassLoader::defineClass@37
                      ; - java.security.SecureClassLoader::defineClass@12
                      ; - java.net.URLClassLoader::defineClass@220
                      ; - java.net.URLClassLoader$1::run@43
                      ; - java.net.URLClassLoader$1::run@1
  0x000001505976ee48: b457 6efe 

  0x000001505976ee4c: ;   {other}
  0x000001505976ee4c: 0f1f 8400 | 3c66 0090 | 498b d7c5 | f877 49ba | 80d1 9836 | fd7f 0000 

  0x000001505976ee64: ;   {other}
  0x000001505976ee64: 41ff d20f | 1f84 0000 | 0000 00e9 | 4fb1 ffff | 4c8b 4c24 | 7845 8b51 | 1045 85d2 | 0f84 c7d9 
  0x000001505976ee84: ffff 4d8b | 5f28 498b | ca48 c1e1 | 034d 85db | 0f84 760f | 0000 4d8b | 5738 4b89 | 4c1a f849 
  0x000001505976eea4: 83c3 f84d | 895f 28e9 | 9dd9 ffff | 4d8b 5748 | 4d8b 5f58 | f083 4424 | c000 8039 | 000f 84bd 
  0x000001505976eec4: d9ff ff44 | 8821 4d85 | d275 2649 | 8bd9 498b | d7c5 f877 | 49ba 60d1 | 9836 fd7f | 0000 41ff 
  0x000001505976eee4: ;   {other}
  0x000001505976eee4: d20f 1f84 | 0000 0000 | 004c 8bcb | e98f d9ff | ff4b 894c | 13f8 4983 | c2f8 4d89 | 5748 e97d 
  0x000001505976ef04: d9ff ff49 | 8bd7 c5f8 | 7749 ba80 | d198 36fd | 7f00 0041 

  0x000001505976ef18: ;   {other}
  0x000001505976ef18: ffd2 0f1f | 8400 0000 | 0000 e9a7 | c1ff ff49 | 8bd7 c5f8 | 7749 ba80 | d198 36fd | 7f00 0041 
  0x000001505976ef38: ;   {other}
  0x000001505976ef38: ffd2 0f1f | 8400 0000 | 0000 e940 | c1ff ff44 | 8b44 2464 | 478b 5cc4 | 1445 85db | 0f84 c2d0 
  0x000001505976ef58: ffff 4d8b | 4f28 498b | cb48 c1e1 | 034d 85c9 | 0f84 c70e | 0000 4d8b | 5f38 4b89 | 4c0b f849 
  0x000001505976ef78: 83c1 f84d | 894f 28e9 | 98d0 ffff | 4d8b 5748 | 4d8b 5f58 | f083 4424 | c000 8039 | 0074 3844 
  0x000001505976ef98: 8821 4d85 | d274 0f4b | 894c 13f8 | 4983 c2f8 | 4d89 5748 | eb21 418b | f849 8bd7 | c5f8 7749 
  0x000001505976efb8: ba60 d198 | 36fd 7f00 | 0041 ffd2 

  0x000001505976efc4: ;   {other}
  0x000001505976efc4: 0f1f 8400 | 0000 0000 | 448b c747 | 8b5c c414 | 4585 db0f | 8407 0f00 | 004d 8bd3 | 49c1 e203 
  0x000001505976efe4: e96b d0ff | ff49 63d2 | e95b bdff | ff48 83c2 | fe48 8bca | 498b fb48 | 33c0 4883 | f908 7f10 
  0x000001505976f004: 48ff c978 | 4f48 8904 | cf48 ffc9 | 7df7 eb44 | c5fd efc0 | e90d 0000 | 00c5 fe7f | 07c5 fe7f 
  0x000001505976f024: 4720 4883 | c740 4883 | e908 7ded | 4883 c104 | 7c0c c5fe | 7f07 4883 | c720 4883 | e904 4883 
  0x000001505976f044: c104 7e10 | 48ff c9c5 | f9d6 0748 | 83c7 0848 | ffc9 7df3 | e9b8 bdff | ffba ccff | ffff 488b 
  0x000001505976f064: 6c24 384c | 8b5c 2430 | 4c89 5c24 | 204c 8b5c | 2468 4c89 | 5c24 304c | 8b5c 2450 | 4c89 5c24 
  0x000001505976f084: 384c 8b5c | 2468 4c89 | 5c24 4044 | 8954 244c | 448b 5424 | 6444 8954 | 2454 4889 | 5c24 6089 
  0x000001505976f0a4: 4c24 6890 

  0x000001505976f0a8: ;   {runtime_call UncommonTrapBlob}
  0x000001505976f0a8: c5f8 77e8 

  0x000001505976f0ac: ; ImmutableOopMap {rbp=Oop [32]=Oop [48]=Oop [56]=Oop [64]=Oop [84]=NarrowOop [96]=Oop [104]=NarrowOop }
                      ;*newarray {reexecute=1 rethrow=0 return_oop=0}
                      ; - (reexecute) java.util.Arrays::copyOfRangeByte@10
                      ; - java.util.Arrays::copyOfRange@13
                      ; - java.lang.StringLatin1::newString@16
                      ; - java.lang.String::substring@41
                      ; - java.lang.Class::getPackageName@62
                      ; - java.lang.ClassLoader::postDefineClass@2
                      ; - java.lang.ClassLoader::defineClass@37
                      ; - java.security.SecureClassLoader::defineClass@12
                      ; - java.net.URLClassLoader::defineClass@220
                      ; - java.net.URLClassLoader$1::run@43
                      ; - java.net.URLClassLoader$1::run@1
  0x000001505976f0ac: 5055 6efe 

  0x000001505976f0b0: ;   {other}
  0x000001505976f0b0: 0f1f 8400 | a068 0091 | 4885 c90f | 85dd e2ff | ffe9 1bb1 | ffff 4c8b | 4c24 6045 | 8b51 5c45 
  0x000001505976f0d0: 85d2 0f84 | 7fe2 ffff | 4d8b 5f28 | 498b ca48 | c1e1 034d | 85db 0f84 | 740d 0000 | 4d8b 5738 
  0x000001505976f0f0: 4b89 4c1a | f849 83c3 | f84d 895f | 28e9 55e2 | ffff 4d8b | 5758 4d8b | 5f48 f083 | 4424 c000 
  0x000001505976f110: 8039 0074 | 3844 8821 | 4d85 db74 | 0f4b 894c | 1af8 4983 | c3f8 4d89 | 5f48 eb21 | 498b d949 
  0x000001505976f130: 8bd7 c5f8 | 7749 ba60 | d198 36fd | 7f00 0041 

  0x000001505976f140: ;   {other}
  0x000001505976f140: ffd2 0f1f | 8400 0000 | 0000 4c8b | cb45 8b59 | 5c45 85db | 0f85 44e2 | ffff e982 | b0ff ff49 
  0x000001505976f160: 8bd7 c5f8 | 7749 ba80 | d198 36fd | 7f00 0041 

  0x000001505976f170: ;   {other}
  0x000001505976f170: ffd2 0f1f | 8400 0000 | 0000 e901 | bdff ffba | 45ff ffff | 4c8b 5c24 | 384c 895c | 2420 4c8b 
  0x000001505976f190: 5c24 304c | 895c 2428 | 4c8b 5c24 | 684c 895c | 2438 4c8b | 5c24 504c | 895c 2440 | 48ff 7424 
  0x000001505976f1b0: 6848 8f44 | 2448 4c89 | 4424 5044 | 8954 245c | 4489 5424 | 6066 6690 

  0x000001505976f1c8: ;   {runtime_call UncommonTrapBlob}
  0x000001505976f1c8: c5f8 77e8 

  0x000001505976f1cc: ; ImmutableOopMap {[32]=Oop [40]=Oop [56]=Oop [64]=Oop [72]=Oop [80]=Oop [100]=NarrowOop }
                      ;*if_icmpgt {reexecute=1 rethrow=0 return_oop=0}
                      ; - (reexecute) jdk.internal.util.Preconditions::checkFromToIndex@6
                      ; - java.lang.String::checkBoundsBeginEnd@6
                      ; - java.lang.String::substring@8
                      ; - java.lang.Class::getPackageName@62
                      ; - java.lang.ClassLoader::postDefineClass@2
                      ; - java.lang.ClassLoader::defineClass@37
                      ; - java.security.SecureClassLoader::defineClass@12
                      ; - java.net.URLClassLoader::defineClass@220
                      ; - java.net.URLClassLoader$1::run@43
                      ; - java.net.URLClassLoader$1::run@1
  0x000001505976f1cc: 3054 6efe 

  0x000001505976f1d0: ;   {other}
  0x000001505976f1d0: 0f1f 8400 | c069 0092 | ba45 ffff | ff4c 8b5c | 2438 4c89 | 5c24 204c | 8b5c 2430 | 4c89 5c24 
  0x000001505976f1f0: 284c 8b5c | 2468 4c89 | 5c24 384c | 8b5c 2450 | 4c89 5c24 | 4048 ff74 | 2468 488f | 4424 484c 
  0x000001505976f210: 8944 2450 | 4489 5424 | 5c44 8954 | 2460 6690 

  0x000001505976f220: ;   {runtime_call UncommonTrapBlob}
  0x000001505976f220: c5f8 77e8 

  0x000001505976f224: ; ImmutableOopMap {[32]=Oop [40]=Oop [56]=Oop [64]=Oop [72]=Oop [80]=Oop [100]=NarrowOop }
                      ;*if_icmple {reexecute=1 rethrow=0 return_oop=0}
                      ; - (reexecute) jdk.internal.util.Preconditions::checkFromToIndex@11
                      ; - java.lang.String::checkBoundsBeginEnd@6
                      ; - java.lang.String::substring@8
                      ; - java.lang.Class::getPackageName@62
                      ; - java.lang.ClassLoader::postDefineClass@2
                      ; - java.lang.ClassLoader::defineClass@37
                      ; - java.security.SecureClassLoader::defineClass@12
                      ; - java.net.URLClassLoader::defineClass@220
                      ; - java.net.URLClassLoader$1::run@43
                      ; - java.net.URLClassLoader$1::run@1
  0x000001505976f224: d853 6efe 

  0x000001505976f228: ;   {other}
  0x000001505976f228: 0f1f 8400 | 186a 0093 | 498b d7c5 | f877 49ba | 80d1 9836 | fd7f 0000 

  0x000001505976f240: ;   {other}
  0x000001505976f240: 41ff d20f | 1f84 0000 | 0000 00e9 | d0bb ffff | 8b7c 2444 | 458b 54fc | 1445 85d2 | 0f84 81d8 
  0x000001505976f260: ffff 4d8b | 5f28 498b | ca48 c1e1 | 034d 85db | 0f84 260c | 0000 4d8b | 5738 4b89 | 4c1a f849 
  0x000001505976f280: 83c3 f84d | 895f 28e9 | 57d8 ffff | 4d8b 5748 | 4d8b 5f58 | f083 4424 | c000 4180 | 3800 7435 
  0x000001505976f2a0: 4588 204d | 85d2 740f | 4f89 4413 | f849 83c2 | f84d 8957 | 48eb 1e49 | 8bc8 498b | d7c5 f877 
  0x000001505976f2c0: 49ba 60d1 | 9836 fd7f | 0000 41ff 

  0x000001505976f2cc: ;   {other}
  0x000001505976f2cc: d20f 1f84 | 0000 0000 | 0045 8b5c | fc14 4585 | db0f 8419 | 0c00 0049 | 8bdb 48c1 | e303 e928 
  0x000001505976f2ec: d8ff ff44 | 8944 2450 | 4889 7424 | 6848 894c | 2470 4489 | 5424 6445 | 8bd9 4889 | 5c24 7848 
  0x000001505976f30c: ba00 0000 | 0008 0000 | 0048 03d7 | 458b c390 

  0x000001505976f31c: ;   {runtime_call _new_array_Java}
  0x000001505976f31c: c5f8 77e8 

  0x000001505976f320: ; ImmutableOopMap {rbp=Oop [32]=Oop [40]=Oop [48]=Oop [56]=Oop [64]=Oop [72]=Oop [80]=NarrowOop [84]=NarrowOop [100]=NarrowOop [104]=Oop [112]=Oop }
                      ;*invokevirtual clone {reexecute=1 rethrow=0 return_oop=1}
                      ; - (reexecute) java.security.CodeSource::getCertificates@11
                      ; - java.lang.ClassLoader::checkCerts@34
                      ; - java.lang.ClassLoader::preDefineClass@113
                      ; - java.lang.ClassLoader::defineClass@4
                      ; - java.security.SecureClassLoader::defineClass@12
                      ; - java.net.URLClassLoader::defineClass@220
                      ; - java.net.URLClassLoader$1::run@43
                      ; - java.net.URLClassLoader$1::run@1
  0x000001505976f320: 5c2e 71fe 

  0x000001505976f324: ;   {other}
  0x000001505976f324: 0f1f 8400 | 146b 0094 | 4c8b d0e9 | d9ca ffff 

  0x000001505976f334: ;   {metadata({type array byte})}
  0x000001505976f334: 48ba 500a | 0400 0800 | 0000 448b | 8424 9400 | 0000 6690 

  0x000001505976f348: ;   {runtime_call _new_array_nozero_Java}
  0x000001505976f348: c5f8 77e8 

  0x000001505976f34c: ; ImmutableOopMap {[32]=Oop [40]=Oop [48]=Oop [56]=Oop [72]=Oop [80]=NarrowOop [84]=NarrowOop [88]=Oop [104]=NarrowOop [108]=NarrowOop [112]=Oop [128]=Oop [152]=Derived_oop_[128] [136]=Oop }
                      ;*newarray {reexecute=0 rethrow=0 return_oop=1}
                      ; - java.util.Arrays::copyOf@15
                      ; - jdk.internal.loader.Resource::getBytes@94
                      ; - java.net.URLClassLoader::defineClass@179
                      ; - java.net.URLClassLoader$1::run@43
                      ; - java.net.URLClassLoader$1::run@1
  0x000001505976f34c: b02a 71fe 

  0x000001505976f350: ;   {other}
  0x000001505976f350: 0f1f 8400 | 406b 0095 | 4c8b c0e9 | 6adb ffff | 4489 5c24 | 6049 8be8 | 4c89 4c24 

  0x000001505976f36c: ;   {metadata('java/security/CodeSigner'[])}
  0x000001505976f36c: 7848 ba88 | da27 0008 | 0000 0045 | 8bc2 6690 

  0x000001505976f37c: ;   {runtime_call _new_array_Java}
  0x000001505976f37c: c5f8 77e8 

  0x000001505976f380: ; ImmutableOopMap {rbp=Oop [32]=Oop [40]=Oop [48]=Oop [56]=Oop [72]=Oop [80]=NarrowOop [84]=NarrowOop [96]=NarrowOop [104]=NarrowOop [112]=Oop }
                      ;*invokevirtual clone {reexecute=1 rethrow=0 return_oop=1}
                      ; - (reexecute) java.util.jar.JarFile$JarFileEntry::getCodeSigners@70
                      ; - jdk.internal.loader.URLClassPath$JarLoader$2::getCodeSigners@4
                      ; - java.net.URLClassLoader::defineClass@185
                      ; - java.net.URLClassLoader$1::run@43
                      ; - java.net.URLClassLoader$1::run@1
  0x000001505976f380: fc2d 71fe 

  0x000001505976f384: ;   {other}
  0x000001505976f384: 0f1f 8400 | 746b 0096 | e992 e0ff | ff4c 8944 | 2478 458b | d348 8be9 

  0x000001505976f39c: ;   {metadata('java/security/CodeSigner'[])}
  0x000001505976f39c: 48ba 88da | 2700 0800 | 0000 458b | c266 6690 

  0x000001505976f3ac: ;   {runtime_call _new_array_Java}
  0x000001505976f3ac: c5f8 77e8 

  0x000001505976f3b0: ; ImmutableOopMap {[32]=Oop [40]=Oop [48]=Oop [56]=Oop [72]=Oop [80]=NarrowOop [96]=Oop [104]=NarrowOop [112]=Oop [120]=Oop }
                      ;*invokevirtual clone {reexecute=1 rethrow=0 return_oop=1}
                      ; - (reexecute) java.security.CodeSource::<init>@42
                      ; - java.net.URLClassLoader::defineClass@198
                      ; - java.net.URLClassLoader$1::run@43
                      ; - java.net.URLClassLoader$1::run@1
  0x000001505976f3b0: cc2d 71fe 

  0x000001505976f3b4: ;   {other}
  0x000001505976f3b4: 0f1f 8400 | a46b 0097 | 4c8b d8e9 | 40d4 ffff | 4c89 4c24 | 4844 8954 | 2444 4489 | 4424 4048 
  0x000001505976f3d4: ba00 0000 | 0008 0000 | 0048 03d1 | 448b c790 

  0x000001505976f3e4: ;   {runtime_call _new_array_Java}
  0x000001505976f3e4: c5f8 77e8 

  0x000001505976f3e8: ; ImmutableOopMap {rbp=Oop [32]=Oop [48]=Oop [56]=Oop [64]=NarrowOop [68]=NarrowOop [104]=Oop }
                      ;*invokevirtual clone {reexecute=1 rethrow=0 return_oop=1}
                      ; - (reexecute) java.security.CodeSource::getCertificates@11
                      ; - java.lang.ClassLoader::postDefineClass@24
                      ; - java.lang.ClassLoader::defineClass@37
                      ; - java.security.SecureClassLoader::defineClass@12
                      ; - java.net.URLClassLoader::defineClass@220
                      ; - java.net.URLClassLoader$1::run@43
                      ; - java.net.URLClassLoader$1::run@1
  0x000001505976f3e8: 942d 71fe 

  0x000001505976f3ec: ;   {other}
  0x000001505976f3ec: 0f1f 8400 | dc6b 0098 | 448b 5424 | 444c 8b4c | 2448 e9fe | d4ff ff48 | 8954 2478 | 895c 2464 
  0x000001505976f40c: 4889 4c24 | 7044 895c | 2450 4889 | 7424 6841 

  0x000001505976f41c: ;   {metadata('java/util/ArrayList')}
  0x000001505976f41c: 8be8 48ba | 9876 0500 | 0800 0000 

  0x000001505976f428: ;   {runtime_call _new_instance_Java}
  0x000001505976f428: c5f8 77e8 

  0x000001505976f42c: ; ImmutableOopMap {rbp=NarrowOop [32]=Oop [40]=Oop [48]=Oop [56]=Oop [64]=Oop [72]=Oop [80]=NarrowOop [84]=NarrowOop [100]=NarrowOop [104]=Oop [112]=Oop [120]=Oop }
                      ;*new {reexecute=0 rethrow=0 return_oop=1}
                      ; - java.security.CodeSource::getCertificates@25
                      ; - java.lang.ClassLoader::checkCerts@34
                      ; - java.lang.ClassLoader::preDefineClass@113
                      ; - java.lang.ClassLoader::defineClass@4
                      ; - java.security.SecureClassLoader::defineClass@12
                      ; - java.net.URLClassLoader::defineClass@220
                      ; - java.net.URLClassLoader$1::run@43
                      ; - java.net.URLClassLoader$1::run@1
  0x000001505976f42c: 5030 71fe 

  0x000001505976f430: ;   {other}
  0x000001505976f430: 0f1f 8400 | 206c 0099 | 448b c548 | 8b74 2468 | 448b 5c24 | 5048 8b4c | 2470 8b5c | 2464 488b 
  0x000001505976f450: 5424 78e9 | 3aca ffff | 4889 7c24 | 7848 8bea | 4889 4c24 | 7044 895c | 2464 4889 | 7424 6844 
  0x000001505976f470: 8944 2450 

  0x000001505976f474: ;   {metadata('java/security/cert/Certificate'[])}
  0x000001505976f474: 48ba 409e | 0200 0800 | 0000 4533 | c066 6690 

  0x000001505976f484: ;   {runtime_call _new_array_Java}
  0x000001505976f484: c5f8 77e8 

  0x000001505976f488: ; ImmutableOopMap {rbp=Oop [32]=Oop [40]=Oop [48]=Oop [56]=Oop [64]=Oop [72]=Oop [80]=NarrowOop [84]=NarrowOop [100]=NarrowOop [104]=Oop [112]=Oop [120]=Oop }
                      ;*anewarray {reexecute=0 rethrow=0 return_oop=1}
                      ; - java.security.CodeSource::getCertificates@70
                      ; - java.lang.ClassLoader::checkCerts@34
                      ; - java.lang.ClassLoader::preDefineClass@113
                      ; - java.lang.ClassLoader::defineClass@4
                      ; - java.security.SecureClassLoader::defineClass@12
                      ; - java.net.URLClassLoader::defineClass@220
                      ; - java.net.URLClassLoader$1::run@43
                      ; - java.net.URLClassLoader$1::run@1
  0x000001505976f488: f42c 71fe 

  0x000001505976f48c: ;   {other}
  0x000001505976f48c: 0f1f 8400 | 7c6c 009a | e947 cbff | ff48 8bef | 4c89 5424 | 7848 ba00 | 0000 0008 | 0000 0049 
  0x000001505976f4ac: 03d0 458b | c166 6690 

  0x000001505976f4b4: ;   {runtime_call _new_array_Java}
  0x000001505976f4b4: c5f8 77e8 

  0x000001505976f4b8: ; ImmutableOopMap {[32]=Oop [40]=Oop [48]=Oop [56]=Oop [64]=Oop [72]=Oop [80]=NarrowOop [84]=NarrowOop [104]=Oop [112]=Oop [120]=Oop }
                      ;*invokevirtual clone {reexecute=1 rethrow=0 return_oop=1}
                      ; - (reexecute) java.security.CodeSource::getCertificates@86
                      ; - java.lang.ClassLoader::checkCerts@34
                      ; - java.lang.ClassLoader::preDefineClass@113
                      ; - java.lang.ClassLoader::defineClass@4
                      ; - java.security.SecureClassLoader::defineClass@12
                      ; - java.net.URLClassLoader::defineClass@220
                      ; - java.net.URLClassLoader$1::run@43
                      ; - java.net.URLClassLoader$1::run@1
  0x000001505976f4b8: c42c 71fe 

  0x000001505976f4bc: ;   {other}
  0x000001505976f4bc: 0f1f 8400 | ac6c 009b | 488b d8e9 | 00cc ffff | 4c89 7424 

  0x000001505976f4d0: ;   {metadata('java/lang/String')}
  0x000001505976f4d0: 2848 ba28 | 1f04 0008 | 0000 004c | 896c 2430 

  0x000001505976f4e0: ;   {runtime_call _new_instance_Java}
  0x000001505976f4e0: c5f8 77e8 

  0x000001505976f4e4: ; ImmutableOopMap {rbp=NarrowOop [40]=Oop [48]=Oop [56]=Oop }
                      ;*new {reexecute=0 rethrow=0 return_oop=1}
                      ; - java.lang.StringConcatHelper::newString@24
                      ; - java.lang.StringConcatHelper::simpleConcat@90
                      ; - java.lang.String::concat@11
                      ; - java.net.URLClassLoader$1::run@13
                      ; - java.net.URLClassLoader$1::run@1
  0x000001505976f4e4: 982f 71fe 

  0x000001505976f4e8: ;   {other}
  0x000001505976f4e8: 0f1f 8400 | d86c 009c | 4c8b 7424 | 28e9 43d8 | ffff 4d63 | d24d 8bc2 | e96d c3ff | ff49 83c2 
  0x000001505976f508: fe49 8bca | 498b f948 | 33c0 4883 | f908 7f10 | 48ff c978 | 4f48 8904 | cf48 ffc9 | 7df7 eb44 
  0x000001505976f528: c5fd efc0 | e90d 0000 | 00c5 fe7f | 07c5 fe7f | 4720 4883 | c740 4883 | e908 7ded | 4883 c104 
  0x000001505976f548: 7c0c c5fe | 7f07 4883 | c720 4883 | e904 4883 | c104 7e10 | 48ff c9c5 | f9d6 0748 | 83c7 0848 
  0x000001505976f568: ffc9 7df3 | e925 c4ff | ff8b ac24 | a800 0000 | 448b 9424 | 9000 0000 | 4489 5424 | 20eb 148b 
  0x000001505976f588: ac24 a800 | 0000 448b | 9c24 9000 | 0000 4489 | 5c24 20ba | ccff ffff | 4c8b 5424 | 384c 8954 
  0x000001505976f5a8: 2428 4c8b | 5424 484c | 8954 2430 | 48ff 7424 | 4048 8f44 | 2438 448b | 5c24 6844 | 895c 2424 
  0x000001505976f5c8: 448b 5424 | 5044 8954 | 2440 448b | 5424 5444 | 8954 2444 

  0x000001505976f5dc: ;   {runtime_call UncommonTrapBlob}
  0x000001505976f5dc: c5f8 77e8 

  0x000001505976f5e0: ; ImmutableOopMap {[36]=NarrowOop [40]=Oop [48]=Oop [64]=NarrowOop [68]=NarrowOop [108]=NarrowOop [112]=Oop [128]=Oop }
                      ;*newarray {reexecute=1 rethrow=0 return_oop=0}
                      ; - (reexecute) java.util.Arrays::copyOf@15
                      ; - jdk.internal.loader.Resource::getBytes@94
                      ; - java.net.URLClassLoader::defineClass@179
                      ; - java.net.URLClassLoader$1::run@43
                      ; - java.net.URLClassLoader$1::run@1
  0x000001505976f5e0: 1c50 6efe 

  0x000001505976f5e4: ;   {other}
  0x000001505976f5e4: 0f1f 8400 | d46d 009d | baf6 ffff | ff66 6690 

  0x000001505976f5f4: ;   {runtime_call UncommonTrapBlob}
  0x000001505976f5f4: c5f8 77e8 

  0x000001505976f5f8: ; ImmutableOopMap {[48]=Oop [56]=Oop }
                      ;*invokevirtual lastIndexOf {reexecute=0 rethrow=0 return_oop=0}
                      ; - java.lang.Class::getPackageName@47
                      ; - java.lang.ClassLoader::postDefineClass@2
                      ; - java.lang.ClassLoader::defineClass@37
                      ; - java.security.SecureClassLoader::defineClass@12
                      ; - java.net.URLClassLoader::defineClass@220
                      ; - java.net.URLClassLoader$1::run@43
                      ; - java.net.URLClassLoader$1::run@1
  0x000001505976f5f8: 0450 6efe 

  0x000001505976f5fc: ;   {other}
  0x000001505976f5fc: 0f1f 8400 | ec6d 009e | 4889 7c24 | 4844 894c | 2444 4489 | 5c24 4041 

  0x000001505976f614: ;   {metadata('java/util/ArrayList')}
  0x000001505976f614: 8be8 48ba | 9876 0500 | 0800 0000 

  0x000001505976f620: ;   {runtime_call _new_instance_Java}
  0x000001505976f620: c5f8 77e8 

  0x000001505976f624: ; ImmutableOopMap {rbp=NarrowOop [32]=Oop [48]=Oop [56]=Oop [64]=NarrowOop [68]=NarrowOop [72]=Oop [104]=Oop }
                      ;*new {reexecute=0 rethrow=0 return_oop=1}
                      ; - java.security.CodeSource::getCertificates@25
                      ; - java.lang.ClassLoader::postDefineClass@24
                      ; - java.lang.ClassLoader::defineClass@37
                      ; - java.security.SecureClassLoader::defineClass@12
                      ; - java.net.URLClassLoader::defineClass@220
                      ; - java.net.URLClassLoader$1::run@43
                      ; - java.net.URLClassLoader$1::run@1
  0x000001505976f624: 582e 71fe 

  0x000001505976f628: ;   {other}
  0x000001505976f628: 0f1f 8400 | 186e 009f | 448b c544 | 8b5c 2440 | 448b 4c24 | 4448 8b7c | 2448 e935 | d3ff ff48 
  0x000001505976f648: 895c 2448 | 488b ef44 | 895c 2444 | 4c8b 5424 | 684c 8954 | 2428 4489 

  0x000001505976f660: ;   {metadata('java/security/cert/Certificate'[])}
  0x000001505976f660: 4424 4048 | ba40 9e02 | 0008 0000 | 0045 33c0 

  0x000001505976f670: ;   {runtime_call _new_array_Java}
  0x000001505976f670: c5f8 77e8 

  0x000001505976f674: ; ImmutableOopMap {rbp=Oop [32]=Oop [40]=Oop [48]=Oop [56]=Oop [64]=NarrowOop [68]=NarrowOop [72]=Oop }
                      ;*anewarray {reexecute=0 rethrow=0 return_oop=1}
                      ; - java.security.CodeSource::getCertificates@70
                      ; - java.lang.ClassLoader::postDefineClass@24
                      ; - java.lang.ClassLoader::defineClass@37
                      ; - java.security.SecureClassLoader::defineClass@12
                      ; - java.net.URLClassLoader::defineClass@220
                      ; - java.net.URLClassLoader$1::run@43
                      ; - java.net.URLClassLoader$1::run@1
  0x000001505976f674: 082b 71fe 

  0x000001505976f678: ;   {other}
  0x000001505976f678: 0f1f 8400 | 686e 00a0 | e922 d4ff | ff4c 894c | 2450 4889 | 5c24 4848 | ba00 0000 | 0008 0000 
  0x000001505976f698: 0049 03d2 | 488b 6c24 | 2045 8bc3 

  0x000001505976f6a4: ;   {runtime_call _new_array_Java}
  0x000001505976f6a4: c5f8 77e8 

  0x000001505976f6a8: ; ImmutableOopMap {rbp=Oop [40]=Oop [48]=Oop [56]=Oop [64]=NarrowOop [72]=Oop }
                      ;*invokevirtual clone {reexecute=1 rethrow=0 return_oop=1}
                      ; - (reexecute) java.security.CodeSource::getCertificates@86
                      ; - java.lang.ClassLoader::postDefineClass@24
                      ; - java.lang.ClassLoader::defineClass@37
                      ; - java.security.SecureClassLoader::defineClass@12
                      ; - java.net.URLClassLoader::defineClass@220
                      ; - java.net.URLClassLoader$1::run@43
                      ; - java.net.URLClassLoader$1::run@1
  0x000001505976f6a8: d42a 71fe 

  0x000001505976f6ac: ;   {other}
  0x000001505976f6ac: 0f1f 8400 | 9c6e 00a1 | 488b 5c24 | 484c 8b4c | 2450 e9c4 | d4ff ffba | c6ff ffff | 488b 6c24 
  0x000001505976f6cc: 384c 8b5c | 2440 4c89 | 5c24 2848 | ff74 2448 | 488f 4424 | 3866 6690 

  0x000001505976f6e4: ;   {runtime_call UncommonTrapBlob}
  0x000001505976f6e4: c5f8 77e8 

  0x000001505976f6e8: ; ImmutableOopMap {rbp=Oop [56]=Oop [80]=NarrowOop [84]=NarrowOop [104]=NarrowOop [112]=Oop }
                      ;*invokevirtual getCodeSigners {reexecute=0 rethrow=0 return_oop=0}
                      ; - java.net.URLClassLoader::defineClass@185
                      ; - java.net.URLClassLoader$1::run@43
                      ; - java.net.URLClassLoader$1::run@1
  0x000001505976f6e8: 144f 6efe 

  0x000001505976f6ec: ;   {other}
  0x000001505976f6ec: 0f1f 8400 | dc6e 00a2 | baf6 ffff | ff48 8b6c | 2438 4c89 | 6c24 204c | 8b44 2440 | 4c89 4424 
  0x000001505976f70c: 2844 8974 | 2434 4489 | 5424 404c | 894c 2448 | 4489 5c24 | 4489 4c24 | 5066 6690 

  0x000001505976f728: ;   {runtime_call UncommonTrapBlob}
  0x000001505976f728: c5f8 77e8 

  0x000001505976f72c: ; ImmutableOopMap {rbp=Oop [32]=Oop [52]=NarrowOop [64]=NarrowOop [68]=NarrowOop [72]=Oop [104]=NarrowOop }
                      ;*invokevirtual length {reexecute=0 rethrow=0 return_oop=0}
                      ; - jdk.internal.loader.URLClassPath$FileLoader$1::getContentLength@4
                      ; - jdk.internal.loader.Resource::getBytes@10
                      ; - java.net.URLClassLoader::defineClass@179
                      ; - java.net.URLClassLoader$1::run@43
                      ; - java.net.URLClassLoader$1::run@1
  0x000001505976f72c: d04e 6efe 

  0x000001505976f730: ;   {other}
  0x000001505976f730: 0f1f 8400 | 206f 00a3 | bac6 ffff | ff48 8b6c | 2438 4c89 | 6c24 284c | 8b5c 2440 | 4c89 5c24 
  0x000001505976f750: 304c 896c | 2438 4489 | 7424 4444 | 8954 2448 

  0x000001505976f760: ;   {runtime_call UncommonTrapBlob}
  0x000001505976f760: c5f8 77e8 

  0x000001505976f764: ; ImmutableOopMap {rbp=Oop [40]=Oop [56]=Oop [68]=NarrowOop [72]=NarrowOop [104]=NarrowOop }
                      ;*invokevirtual getBytes {reexecute=0 rethrow=0 return_oop=0}
                      ; - java.net.URLClassLoader::defineClass@179
                      ; - java.net.URLClassLoader$1::run@43
                      ; - java.net.URLClassLoader$1::run@1
  0x000001505976f764: 984e 6efe 

  0x000001505976f768: ;   {other}
  0x000001505976f768: 0f1f 8400 | 586f 00a4 | 4c89 4c24 | 7044 8954 | 2458 4c89 | 4424 5048 | 8954 2448 | 4489 7424 
  0x000001505976f788: 3444 8b5c | 2468 4489 | 5c24 304c | 896c 2428 | 4c8b 5424 | 604c 8954 | 2420 488b | 6c24 3849 
  0x000001505976f7a8: 8bd1 4c8d | 8424 c000 | 0000 4c89 | 4c24 6890 

  0x000001505976f7b8: ;   {runtime_call _complete_monitor_locking_Java}
  0x000001505976f7b8: c5f8 77e8 

  0x000001505976f7bc: ; ImmutableOopMap {rbp=Oop [32]=Oop [40]=Oop [48]=NarrowOop [52]=NarrowOop [72]=Oop [80]=Oop [88]=NarrowOop [104]=Oop [112]=Oop }
                      ;*synchronization entry
                      ; - jdk.internal.loader.Resource::cachedInputStream@-1
                      ; - jdk.internal.loader.Resource::getBytes@1
                      ; - java.net.URLClassLoader::defineClass@179
                      ; - java.net.URLClassLoader$1::run@43
                      ; - java.net.URLClassLoader$1::run@1
  0x000001505976f7bc: c083 71fe 

  0x000001505976f7c0: ;   {other}
  0x000001505976f7c0: 0f1f 8400 | b06f 00a5 | 4889 6c24 | 384c 8b54 | 2420 4c89 | 5424 604c | 8b6c 2428 | 448b 5424 
  0x000001505976f7e0: 3044 8954 | 2468 448b | 7424 3448 | 8b54 2448 | 4c8b 4424 | 5044 8b54 | 2458 4c8b | 4c24 70e9 
  0x000001505976f800: a2bc ffff | 4489 5c24 | 344c 894c | 2448 4489 | 5424 304c | 8944 2428 | 4889 5424 | 2041 8bee 
  0x000001505976f820: 498b c948 | 8d94 24c0 | 0000 004d | 8bc7 c5f8 | 7749 bab0 | 0bda 36fd | 7f00 0041 

  0x000001505976f83c: ;   {other}
  0x000001505976f83c: ffd2 0f1f | 8400 0000 | 0000 448b | f548 8b54 | 2420 4c8b | 4424 2844 | 8b54 2430 | 4c8b 4c24 
  0x000001505976f85c: 4844 8b5c | 2434 e9f7 | bdff ff89 | 4424 2444 | 8b9c 24a8 | 0000 0044 | 895c 2420 | 488b ac24 
  0x000001505976f87c: 8000 0000 | ba45 ffff | ff4c 8b54 | 2438 4c89 | 5424 284c | 8b54 2448 | 4c89 5424 | 3048 ff74 
  0x000001505976f89c: 2440 488f | 4424 3844 | 8b54 2450 | 4489 5424 | 4444 8b54 | 2454 4489 | 5424 5090 

  0x000001505976f8b8: ;   {runtime_call UncommonTrapBlob}
  0x000001505976f8b8: c5f8 77e8 

  0x000001505976f8bc: ; ImmutableOopMap {rbp=Oop [40]=Oop [48]=Oop [68]=NarrowOop [80]=NarrowOop [104]=NarrowOop [108]=NarrowOop [112]=Oop }
                      ;*ifge {reexecute=1 rethrow=0 return_oop=0}
                      ; - (reexecute) jdk.internal.loader.Resource::getBytes@135
                      ; - java.net.URLClassLoader::defineClass@179
                      ; - java.net.URLClassLoader$1::run@43
                      ; - java.net.URLClassLoader$1::run@1
  0x000001505976f8bc: 404d 6efe 

  0x000001505976f8c0: ;   {other}
  0x000001505976f8c0: 0f1f 8400 | b070 00a6 | bac6 ffff | ff48 8b6c | 2438 4c89 | 6c24 284c | 8b54 2440 | 4c89 5424 
  0x000001505976f8e0: 3044 895c | 2438 4c89 | 6c24 4044 | 8974 2448 

  0x000001505976f8f0: ;   {runtime_call UncommonTrapBlob}
  0x000001505976f8f0: c5f8 77e8 

  0x000001505976f8f4: ; ImmutableOopMap {rbp=Oop [40]=Oop [64]=Oop [72]=NarrowOop [104]=NarrowOop }
                      ;*invokevirtual getCodeSourceURL {reexecute=0 rethrow=0 return_oop=0}
                      ; - java.net.URLClassLoader::defineClass@13
                      ; - java.net.URLClassLoader$1::run@43
                      ; - java.net.URLClassLoader$1::run@1
  0x000001505976f8f4: 084d 6efe 

  0x000001505976f8f8: ;   {other}
  0x000001505976f8f8: 0f1f 8400 | e870 00a7 | 4489 5424 | 208b ac24 | a800 0000 | ba45 ffff | ff4c 8b54 | 2438 4c89 
  0x000001505976f918: 5424 284c | 8b54 2448 | 4c89 5424 | 3048 ff74 | 2440 488f | 4424 3844 | 8b54 2450 | 4489 5424 
  0x000001505976f938: 4044 8b54 | 2454 4489 | 5424 4490 

  0x000001505976f944: ;   {runtime_call UncommonTrapBlob}
  0x000001505976f944: c5f8 77e8 

  0x000001505976f948: ; ImmutableOopMap {[40]=Oop [48]=Oop [64]=NarrowOop [68]=NarrowOop [104]=NarrowOop [108]=NarrowOop [112]=Oop [128]=Oop }
                      ;*ifge {reexecute=1 rethrow=0 return_oop=0}
                      ; - (reexecute) jdk.internal.loader.Resource::getBytes@78
                      ; - java.net.URLClassLoader::defineClass@179
                      ; - java.net.URLClassLoader$1::run@43
                      ; - java.net.URLClassLoader$1::run@1
  0x000001505976f948: b44c 6efe 

  0x000001505976f94c: ;   {other}
  0x000001505976f94c: 0f1f 8400 | 3c71 00a8 | bac6 ffff | ff48 8b6c | 2438 4c89 | 6c24 284c | 8b5c 2440 | 4c89 5c24 
  0x000001505976f96c: 304c 896c | 2438 4489 | 7424 5c44 | 8954 2460 

  0x000001505976f97c: ;   {runtime_call UncommonTrapBlob}
  0x000001505976f97c: c5f8 77e8 

  0x000001505976f980: ; ImmutableOopMap {rbp=Oop [40]=Oop [56]=Oop [92]=NarrowOop [96]=NarrowOop [104]=NarrowOop }
                      ;*invokevirtual getInputStream {reexecute=0 rethrow=0 return_oop=0}
                      ; - jdk.internal.loader.Resource::cachedInputStream@9
                      ; - jdk.internal.loader.Resource::getByteBuffer@1
                      ; - java.net.URLClassLoader::defineClass@132
                      ; - java.net.URLClassLoader$1::run@43
                      ; - java.net.URLClassLoader$1::run@1
  0x000001505976f980: 7c4c 6efe 

  0x000001505976f984: ;   {other}
  0x000001505976f984: 0f1f 8400 | 7471 00a9 | bace ffff | ff4c 8b5c | 2438 4c89 | 5c24 2048 | 895c 2430 | 4489 5424 
  0x000001505976f9a4: 384c 896c | 2440 4489 | 4424 3c90 

  0x000001505976f9b0: ;   {runtime_call UncommonTrapBlob}
  0x000001505976f9b0: c5f8 77e8 

  0x000001505976f9b4: ; ImmutableOopMap {[32]=Oop [56]=NarrowOop [64]=Oop }
                      ;*invokestatic inflate {reexecute=0 rethrow=0 return_oop=0}
                      ; - java.lang.String::getBytes@40
                      ; - java.lang.StringConcatHelper::prepend@21
                      ; - java.lang.StringConcatHelper::simpleConcat@81
                      ; - java.lang.String::concat@11
                      ; - java.net.URLClassLoader$1::run@13
                      ; - java.net.URLClassLoader$1::run@1
  0x000001505976f9b4: 484c 6efe 

  0x000001505976f9b8: ;   {other}
  0x000001505976f9b8: 0f1f 8400 | a871 00aa | ba45 ffff | ff4c 8b44 | 2438 4c89 | 4424 204c | 896c 2428 | 4c8b 4424 
  0x000001505976f9d8: 404c 8944 | 2430 4489 | 7424 3c44 | 8954 2448 | 4c89 4c24 | 5044 895c | 244c 6690 

  0x000001505976f9f4: ;   {runtime_call UncommonTrapBlob}
  0x000001505976f9f4: c5f8 77e8 

  0x000001505976f9f8: ; ImmutableOopMap {[32]=Oop [40]=Oop [60]=NarrowOop [72]=NarrowOop [76]=NarrowOop [80]=Oop [96]=Oop [104]=NarrowOop }
                      ;*ifeq {reexecute=1 rethrow=0 return_oop=0}
                      ; - (reexecute) java.lang.Thread::getAndClearInterrupt@6
                      ; - java.lang.Thread::interrupted@3
                      ; - jdk.internal.loader.Resource::getBytes@5
                      ; - java.net.URLClassLoader::defineClass@179
                      ; - java.net.URLClassLoader$1::run@43
                      ; - java.net.URLClassLoader$1::run@1
  0x000001505976f9f8: 044c 6efe 

  0x000001505976f9fc: ;   {other}
  0x000001505976f9fc: 0f1f 8400 | ec71 00ab | ba45 ffff | ff48 8b6c | 2438 4c8b | 5c24 484c | 895c 2420 | 4c8b 5c24 
  0x000001505976fa1c: 404c 895c | 2428 448b | 5c24 5044 | 895c 2434 | 448b 5c24 | 5444 895c | 2440 4c89 | 4424 4844 
  0x000001505976fa3c: 8954 2454 

  0x000001505976fa40: ;   {runtime_call UncommonTrapBlob}
  0x000001505976fa40: c5f8 77e8 

  0x000001505976fa44: ; ImmutableOopMap {rbp=Oop [32]=Oop [52]=NarrowOop [64]=NarrowOop [72]=Oop [104]=NarrowOop [108]=NarrowOop [112]=Oop }
                      ;*if_icmpne {reexecute=1 rethrow=0 return_oop=0}
                      ; - (reexecute) jdk.internal.loader.Resource::getBytes@36
                      ; - java.net.URLClassLoader::defineClass@179
                      ; - java.net.URLClassLoader$1::run@43
                      ; - java.net.URLClassLoader$1::run@1
  0x000001505976fa44: b84b 6efe 

  0x000001505976fa48: ;   {other}
  0x000001505976fa48: 0f1f 8400 | 3872 00ac | 41ba 0100 | 0000 ba45 | ffff ff48 | 8b6c 2438 | 4c8b 5c24 | 484c 895c 
  0x000001505976fa68: 2420 4c8b | 5c24 404c | 895c 2428 | 4489 5424 | 4466 6690 

  0x000001505976fa7c: ;   {runtime_call UncommonTrapBlob}
  0x000001505976fa7c: c5f8 77e8 

  0x000001505976fa80: ; ImmutableOopMap {rbp=Oop [32]=Oop [80]=NarrowOop [84]=NarrowOop [88]=Oop [104]=NarrowOop [112]=Oop }
                      ;*ifeq {reexecute=1 rethrow=0 return_oop=0}
                      ; - (reexecute) jdk.internal.loader.Resource::getBytes@199
                      ; - java.net.URLClassLoader::defineClass@179
                      ; - java.net.URLClassLoader$1::run@43
                      ; - java.net.URLClassLoader$1::run@1
  0x000001505976fa80: 7c4b 6efe 

  0x000001505976fa84: ;   {other}
  0x000001505976fa84: 0f1f 8400 | 7472 00ad | 498b d7c5 | f877 49ba | 80d1 9836 | fd7f 0000 

  0x000001505976fa9c: ;   {other}
  0x000001505976fa9c: 41ff d20f | 1f84 0000 | 0000 004c | 8b4c 2458 | e9b3 baff | ffba 76ff | ffff 488b | 6c24 384c 
  0x000001505976fabc: 8b54 2430 | 4c89 5424 | 204c 8b54 | 2440 4c89 | 5424 2844 | 8b5c 2460 | 4489 5c24 | 304c 8b54 
  0x000001505976fadc: 2468 4c89 | 5424 3844 | 8b54 2464 | 4489 5424 | 3444 8b5c | 2450 4489 | 5c24 4448 | 897c 2458 
  0x000001505976fafc: 895c 2460 | 4489 4c24 | 6489 4c24 | 6848 8944 | 2470 4489 | 4424 7890 

  0x000001505976fb14: ;   {runtime_call UncommonTrapBlob}
  0x000001505976fb14: c5f8 77e8 

  0x000001505976fb18: ; ImmutableOopMap {rbp=Oop [32]=Oop [40]=Oop [52]=NarrowOop [56]=Oop [68]=NarrowOop [88]=Oop [104]=NarrowOop [112]=Oop }
                      ;*if_icmpge {reexecute=1 rethrow=0 return_oop=0}
                      ; - (reexecute) java.lang.ClassLoader::compareCerts@67
                      ; - java.lang.ClassLoader::checkCerts@80
                      ; - java.lang.ClassLoader::preDefineClass@113
                      ; - java.lang.ClassLoader::defineClass@4
                      ; - java.security.SecureClassLoader::defineClass@12
                      ; - java.net.URLClassLoader::defineClass@220
                      ; - java.net.URLClassLoader$1::run@43
                      ; - java.net.URLClassLoader$1::run@1
  0x000001505976fb18: e44a 6efe 

  0x000001505976fb1c: ;   {other}
  0x000001505976fb1c: 0f1f 8400 | 0c73 00ae | ba76 ffff | ff48 8b6c | 2438 4c8b | 5c24 304c | 895c 2420 | 4c8b 5c24 
  0x000001505976fb3c: 404c 895c | 2428 448b | 5c24 6044 | 895c 2430 | 4c8b 5c24 | 684c 895c | 2438 448b | 5c24 6444 
  0x000001505976fb5c: 895c 2434 | 448b 4c24 | 5044 894c | 2444 4c8b | 5c24 7044 | 8954 2460 | 4489 4424 | 644c 895c 
  0x000001505976fb7c: 2468 6690 

  0x000001505976fb80: ;   {runtime_call UncommonTrapBlob}
  0x000001505976fb80: c5f8 77e8 

  0x000001505976fb84: ; ImmutableOopMap {rbp=Oop [32]=Oop [40]=Oop [52]=NarrowOop [56]=Oop [68]=NarrowOop [100]=NarrowOop [104]=Oop [120]=Oop }
                      ;*if_icmpge {reexecute=1 rethrow=0 return_oop=0}
                      ; - (reexecute) java.lang.ClassLoader::compareCerts@152
                      ; - java.lang.ClassLoader::checkCerts@80
                      ; - java.lang.ClassLoader::preDefineClass@113
                      ; - java.lang.ClassLoader::defineClass@4
                      ; - java.security.SecureClassLoader::defineClass@12
                      ; - java.net.URLClassLoader::defineClass@220
                      ; - java.net.URLClassLoader$1::run@43
                      ; - java.net.URLClassLoader$1::run@1
  0x000001505976fb84: 784a 6efe 

  0x000001505976fb88: ;   {other}
  0x000001505976fb88: 0f1f 8400 | 7873 00af | bae4 ffff | ff48 8b6c | 2438 4c8b | 5424 304c | 8954 2420 | 4c8b 5424 
  0x000001505976fba8: 404c 8954 | 2428 448b | 5424 6044 | 8954 2430 | 4889 7424 | 3844 895c | 2434 448b | 5c24 5444 
  0x000001505976fbc8: 895c 2448 | 4489 4424 | 4c48 894c | 2450 4889 | 7c24 6889 | 5c24 6444 | 894c 2470 

  0x000001505976fbe4: ;   {runtime_call UncommonTrapBlob}
  0x000001505976fbe4: c5f8 77e8 

  0x000001505976fbe8: ; ImmutableOopMap {rbp=Oop [32]=Oop [40]=Oop [52]=NarrowOop [56]=Oop [72]=NarrowOop [76]=NarrowOop [80]=Oop [100]=NarrowOop [104]=Oop }
                      ;*aaload {reexecute=0 rethrow=0 return_oop=0}
                      ; - java.security.CodeSource::getCertificates@50
                      ; - java.lang.ClassLoader::checkCerts@34
                      ; - java.lang.ClassLoader::preDefineClass@113
                      ; - java.lang.ClassLoader::defineClass@4
                      ; - java.security.SecureClassLoader::defineClass@12
                      ; - java.net.URLClassLoader::defineClass@220
                      ; - java.net.URLClassLoader$1::run@43
                      ; - java.net.URLClassLoader$1::run@1
  0x000001505976fbe8: 144a 6efe 

  0x000001505976fbec: ;   {other}
  0x000001505976fbec: 0f1f 8400 | dc73 00b0 | baf6 ffff | ff66 6690 

  0x000001505976fbfc: ;   {runtime_call UncommonTrapBlob}
  0x000001505976fbfc: c5f8 77e8 

  0x000001505976fc00: ; ImmutableOopMap {[48]=Oop [56]=Oop }
                      ;*invokevirtual isNamed {reexecute=0 rethrow=0 return_oop=0}
                      ; - java.lang.NamedPackage::<init>@12
                      ; - java.lang.ClassLoader::getNamedPackage@22
                      ; - java.lang.ClassLoader::postDefineClass@9
                      ; - java.lang.ClassLoader::defineClass@37
                      ; - java.security.SecureClassLoader::defineClass@12
                      ; - java.net.URLClassLoader::defineClass@220
                      ; - java.net.URLClassLoader$1::run@43
                      ; - java.net.URLClassLoader$1::run@1
  0x000001505976fc00: fc49 6efe 

  0x000001505976fc04: ;   {other}
  0x000001505976fc04: 0f1f 8400 | f473 00b1 | ba12 0000 | 0048 8b6c | 2438 4c8b | 5424 304c | 8954 2420 | 4c8b 5424 
  0x000001505976fc24: 504c 8954 | 2438 6690 

  0x000001505976fc2c: ;   {runtime_call UncommonTrapBlob}
  0x000001505976fc2c: c5f8 77e8 

  0x000001505976fc30: ; ImmutableOopMap {rbp=Oop [32]=Oop [56]=Oop [64]=NarrowOop [68]=NarrowOop [72]=Oop [96]=Oop [104]=Oop }
                      ;*new {reexecute=0 rethrow=0 return_oop=0}
                      ; - java.lang.NamedPackage::<init>@18
                      ; - java.lang.ClassLoader::getNamedPackage@22
                      ; - java.lang.ClassLoader::postDefineClass@9
                      ; - java.lang.ClassLoader::defineClass@37
                      ; - java.security.SecureClassLoader::defineClass@12
                      ; - java.net.URLClassLoader::defineClass@220
                      ; - java.net.URLClassLoader$1::run@43
                      ; - java.net.URLClassLoader$1::run@1
  0x000001505976fc30: cc49 6efe 

  0x000001505976fc34: ;   {other}
  0x000001505976fc34: 0f1f 8400 | 2474 00b2 

  0x000001505976fc3c: ;   {metadata({type array byte})}
  0x000001505976fc3c: 48ba 500a | 0400 0800 | 0000 448b | c166 6690 

  0x000001505976fc4c: ;   {runtime_call _new_array_nozero_Java}
  0x000001505976fc4c: c5f8 77e8 

  0x000001505976fc50: ; ImmutableOopMap {[32]=Oop [40]=Oop [48]=Oop [56]=Oop [72]=Oop [80]=NarrowOop [84]=NarrowOop [88]=Oop [104]=NarrowOop [108]=NarrowOop [112]=Oop [128]=Oop [136]=Derived_oop_[128] [176]=Oop }
                      ;*invokevirtual clone {reexecute=1 rethrow=0 return_oop=1}
                      ; - (reexecute) java.util.Arrays::copyOf@7
                      ; - jdk.internal.loader.Resource::getBytes@94
                      ; - java.net.URLClassLoader::defineClass@179
                      ; - java.net.URLClassLoader$1::run@43
                      ; - java.net.URLClassLoader$1::run@1
  0x000001505976fc50: ac21 71fe 

  0x000001505976fc54: ;   {other}
  0x000001505976fc54: 0f1f 8400 | 4474 00b3 | 4c8b c0e9 | b0e0 ffff | bac6 ffff | ff48 8b6c | 2438 4c89 | 6c24 284c 
  0x000001505976fc74: 8b5c 2440 | 4c89 5c24 | 304c 896c | 2438 4489 | 7424 4444 | 8954 2448 

  0x000001505976fc8c: ;   {runtime_call UncommonTrapBlob}
  0x000001505976fc8c: c5f8 77e8 

  0x000001505976fc90: ; ImmutableOopMap {rbp=Oop [40]=Oop [56]=Oop [68]=NarrowOop [72]=NarrowOop [104]=NarrowOop [144]=Oop }
                      ;*invokevirtual getManifest {reexecute=0 rethrow=0 return_oop=0}
                      ; - java.net.URLClassLoader::defineClass@34
                      ; - java.net.URLClassLoader$1::run@43
                      ; - java.net.URLClassLoader$1::run@1
  0x000001505976fc90: 6c49 6efe 

  0x000001505976fc94: ;   {other}
  0x000001505976fc94: 0f1f 8400 | 8474 00b4 | 4d63 d24d | 8bc2 e960 | d1ff ff49 | 83c2 fe49 | 8bca 498b | f948 33c0 
  0x000001505976fcb4: 4883 f908 | 7f10 48ff | c978 4f48 | 8904 cf48 | ffc9 7df7 | eb44 c5fd | efc0 e90d | 0000 00c5 
  0x000001505976fcd4: fe7f 07c5 | fe7f 4720 | 4883 c740 | 4883 e908 | 7ded 4883 | c104 7c0c | c5fe 7f07 | 4883 c720 
  0x000001505976fcf4: 4883 e904 | 4883 c104 | 7e10 48ff | c9c5 f9d6 | 0748 83c7 | 0848 ffc9 | 7df3 e91e | d2ff ff8b 
  0x000001505976fd14: ac24 b000 | 0000 e959 | f8ff ff8b | ac24 b000 | 0000 e963 | f8ff ffba | e4ff ffff | 488b 6c24 
  0x000001505976fd34: 3848 8b4c | 2430 4889 | 4c24 2044 | 8944 2438 | 4489 5c24 | 3c48 895c | 2450 4489 | 4c24 4c44 
  0x000001505976fd54: 8954 2458 

  0x000001505976fd58: ;   {runtime_call UncommonTrapBlob}
  0x000001505976fd58: c5f8 77e8 

  0x000001505976fd5c: ; ImmutableOopMap {rbp=Oop [32]=Oop [56]=NarrowOop [60]=NarrowOop [76]=NarrowOop [80]=Oop [104]=Oop }
                      ;*aaload {reexecute=0 rethrow=0 return_oop=0}
                      ; - java.security.CodeSource::getCertificates@50
                      ; - java.lang.ClassLoader::postDefineClass@24
                      ; - java.lang.ClassLoader::defineClass@37
                      ; - java.security.SecureClassLoader::defineClass@12
                      ; - java.net.URLClassLoader::defineClass@220
                      ; - java.net.URLClassLoader$1::run@43
                      ; - java.net.URLClassLoader$1::run@1
  0x000001505976fd5c: a048 6efe 

  0x000001505976fd60: ;   {other}
  0x000001505976fd60: 0f1f 8400 | 5075 00b5 | 8944 2424 | 448b 9424 | b000 0000 | 4489 5424 | 2048 8bac | 2480 0000 
  0x000001505976fd80: 00e9 fafa | ffff 4489 | 5424 208b | ac24 b000 | 0000 e975 | fbff ffba | 7000 0000 | 4889 5c24 
  0x000001505976fda0: 2066 6690 

  0x000001505976fda4: ;   {runtime_call UncommonTrapBlob}
  0x000001505976fda4: c5f8 77e8 

  0x000001505976fda8: ; ImmutableOopMap {[56]=Oop }
                      ;*new {reexecute=0 rethrow=0 return_oop=0}
                      ; - java.lang.StringConcatHelper::newString@34
                      ; - java.lang.StringConcatHelper::simpleConcat@90
                      ; - java.lang.String::concat@11
                      ; - java.net.URLClassLoader$1::run@13
                      ; - java.net.URLClassLoader$1::run@1
  0x000001505976fda8: 5448 6efe 

  0x000001505976fdac: ;   {other}
  0x000001505976fdac: 0f1f 8400 | 9c75 00b6 | ba76 ffff | ff48 8b6c | 2438 4c8b | 5424 304c | 8954 2420 | 4c8b 5424 
  0x000001505976fdcc: 404c 8954 | 2428 448b | 5c24 6044 | 895c 2430 | 448b 5424 | 5444 8954 | 2434 448b | 5c24 5044 
  0x000001505976fdec: 895c 2444 | 4889 4424 | 4848 897c | 2458 895c | 2464 6690 

  0x000001505976fe00: ;   {runtime_call UncommonTrapBlob}
  0x000001505976fe00: c5f8 77e8 

  0x000001505976fe04: ; ImmutableOopMap {rbp=Oop [32]=Oop [40]=Oop [52]=NarrowOop [68]=NarrowOop [72]=Oop [88]=Oop [104]=Oop [112]=Oop }
                      ;*if_icmpge {reexecute=1 rethrow=0 return_oop=0}
                      ; - (reexecute) java.lang.ClassLoader::compareCerts@40
                      ; - java.lang.ClassLoader::checkCerts@80
                      ; - java.lang.ClassLoader::preDefineClass@113
                      ; - java.lang.ClassLoader::defineClass@4
                      ; - java.security.SecureClassLoader::defineClass@12
                      ; - java.net.URLClassLoader::defineClass@220
                      ; - java.net.URLClassLoader$1::run@43
                      ; - java.net.URLClassLoader$1::run@1
  0x000001505976fe04: f847 6efe 

  0x000001505976fe08: ;   {other}
  0x000001505976fe08: 0f1f 8400 | f875 00b7 | 498b d7c5 | f877 49ba | 80d1 9836 | fd7f 0000 

  0x000001505976fe20: ;   {other}
  0x000001505976fe20: 41ff d20f | 1f84 0000 | 0000 004c | 8b4c 2478 | e918 caff | ff48 8bf8 | 498b d7c5 | f877 49ba 
  0x000001505976fe40: 80d1 9836 | fd7f 0000 

  0x000001505976fe48: ;   {other}
  0x000001505976fe48: 41ff d20f | 1f84 0000 | 0000 0044 | 8b44 2464 | 4c8b d7e9 | bcc1 ffff | 498b f949 | 8bd7 c5f8 
  0x000001505976fe68: 7749 ba80 | d198 36fd | 7f00 0041 

  0x000001505976fe74: ;   {other}
  0x000001505976fe74: ffd2 0f1f | 8400 0000 | 0000 4c8b | cfe9 d1d4 | ffff baf6 | ffff ff90 

  0x000001505976fe8c: ;   {runtime_call UncommonTrapBlob}
  0x000001505976fe8c: c5f8 77e8 

  0x000001505976fe90: ; ImmutableOopMap {[48]=Oop [56]=Oop }
                      ;*invokevirtual intern {reexecute=0 rethrow=0 return_oop=0}
                      ; - java.lang.Class::getPackageName@65
                      ; - java.lang.ClassLoader::postDefineClass@2
                      ; - java.lang.ClassLoader::defineClass@37
                      ; - java.security.SecureClassLoader::defineClass@12
                      ; - java.net.URLClassLoader::defineClass@220
                      ; - java.net.URLClassLoader$1::run@43
                      ; - java.net.URLClassLoader$1::run@1
  0x000001505976fe90: 6c47 6efe 

  0x000001505976fe94: ;   {other}
  0x000001505976fe94: 0f1f 8400 | 8476 00b8 | 498b d7c5 | f877 49ba | 80d1 9836 | fd7f 0000 

  0x000001505976feac: ;   {other}
  0x000001505976feac: 41ff d20f | 1f84 0000 | 0000 00e9 | 27cc ffff 

  0x000001505976febc: ;   {metadata({type array byte})}
  0x000001505976febc: 48ba 500a | 0400 0800 | 0000 448b | c366 6690 

  0x000001505976fecc: ;   {runtime_call _new_array_nozero_Java}
  0x000001505976fecc: c5f8 77e8 

  0x000001505976fed0: ; ImmutableOopMap {[32]=Oop [40]=Oop [48]=Oop [56]=Oop [72]=Oop [80]=NarrowOop [84]=NarrowOop [88]=Oop [104]=NarrowOop [108]=NarrowOop [112]=Oop [128]=Oop [152]=Derived_oop_[128] [136]=Oop }
                      ;*invokevirtual clone {reexecute=1 rethrow=0 return_oop=1}
                      ; - (reexecute) java.util.Arrays::copyOf@7
                      ; - jdk.internal.loader.Resource::getBytes@94
                      ; - java.net.URLClassLoader::defineClass@179
                      ; - java.net.URLClassLoader$1::run@43
                      ; - java.net.URLClassLoader$1::run@1
  0x000001505976fed0: 2c1f 71fe 

  0x000001505976fed4: ;   {other}
  0x000001505976fed4: 0f1f 8400 | c476 00b9 | 4c8b c0e9 | 3dee ffff | baf6 ffff | ff66 6690 

  0x000001505976feec: ;   {runtime_call UncommonTrapBlob}
  0x000001505976feec: c5f8 77e8 

  0x000001505976fef0: ; ImmutableOopMap {[48]=Oop [56]=Oop }
                      ;*invokevirtual clone {reexecute=1 rethrow=0 return_oop=0}
                      ; - (reexecute) java.security.CodeSource::getCertificates@86
                      ; - java.lang.ClassLoader::checkCerts@34
                      ; - java.lang.ClassLoader::preDefineClass@113
                      ; - java.lang.ClassLoader::defineClass@4
                      ; - java.security.SecureClassLoader::defineClass@12
                      ; - java.net.URLClassLoader::defineClass@220
                      ; - java.net.URLClassLoader$1::run@43
                      ; - java.net.URLClassLoader$1::run@1
  0x000001505976fef0: 0c47 6efe 

  0x000001505976fef4: ;   {other}
  0x000001505976fef4: 0f1f 8400 | e476 00ba | baf6 ffff | ff66 6690 

  0x000001505976ff04: ;   {runtime_call UncommonTrapBlob}
  0x000001505976ff04: c5f8 77e8 

  0x000001505976ff08: ; ImmutableOopMap {[48]=Oop [56]=Oop }
                      ;*invokevirtual clone {reexecute=1 rethrow=0 return_oop=0}
                      ; - (reexecute) java.security.CodeSource::getCertificates@86
                      ; - java.lang.ClassLoader::postDefineClass@24
                      ; - java.lang.ClassLoader::defineClass@37
                      ; - java.security.SecureClassLoader::defineClass@12
                      ; - java.net.URLClassLoader::defineClass@220
                      ; - java.net.URLClassLoader$1::run@43
                      ; - java.net.URLClassLoader$1::run@1
  0x000001505976ff08: f446 6efe 

  0x000001505976ff0c: ;   {other}
  0x000001505976ff0c: 0f1f 8400 | fc76 00bb | bade ffff | ff48 8b6c | 2438 4c8b | 5424 304c | 8954 2420 | 4c8b 5424 
  0x000001505976ff2c: 404c 8954 | 2428 4889 | 4424 4090 

  0x000001505976ff38: ;   {runtime_call UncommonTrapBlob}
  0x000001505976ff38: c5f8 77e8 

  0x000001505976ff3c: ; ImmutableOopMap {rbp=Oop [32]=Oop [40]=Oop [64]=Oop [80]=NarrowOop [84]=NarrowOop }
                      ;*checkcast {reexecute=0 rethrow=0 return_oop=0}
                      ; - java.security.SecureClassLoader::getProtectionDomain@33
                      ; - java.security.SecureClassLoader::defineClass@9
                      ; - java.net.URLClassLoader::defineClass@220
                      ; - java.net.URLClassLoader$1::run@43
                      ; - java.net.URLClassLoader$1::run@1
  0x000001505976ff3c: c046 6efe 

  0x000001505976ff40: ;   {other}
  0x000001505976ff40: 0f1f 8400 | 3077 00bc | bade ffff | ff48 8b6c | 2438 4c8b | 5424 304c | 8954 2420 | 4c8b 5424 
  0x000001505976ff60: 404c 8954 | 2428 448b | 5c24 5444 | 8b54 2450 | 4489 5c24 | 4444 8954 | 2448 4889 | 4424 5890 
  0x000001505976ff80: ;   {runtime_call UncommonTrapBlob}
  0x000001505976ff80: c5f8 77e8 

  0x000001505976ff84: ; ImmutableOopMap {rbp=Oop [32]=Oop [40]=Oop [68]=NarrowOop [72]=NarrowOop [88]=Oop [100]=NarrowOop [104]=Oop [112]=Oop }
                      ;*checkcast {reexecute=0 rethrow=0 return_oop=0}
                      ; - java.lang.ClassLoader::checkCerts@65
                      ; - java.lang.ClassLoader::preDefineClass@113
                      ; - java.lang.ClassLoader::defineClass@4
                      ; - java.security.SecureClassLoader::defineClass@12
                      ; - java.net.URLClassLoader::defineClass@220
                      ; - java.net.URLClassLoader$1::run@43
                      ; - java.net.URLClassLoader$1::run@1
  0x000001505976ff84: 7846 6efe 

  0x000001505976ff88: ;   {other}
  0x000001505976ff88: 0f1f 8400 | 7877 00bd | bade ffff | ff48 8b6c | 2438 4c8b | 5424 304c | 8954 2420 | 4889 4424 
  0x000001505976ffa8: f88b 4424 | 4089 4424 | 3848 8b44 | 24f8 4889 | 4424 4890 

  0x000001505976ffbc: ;   {runtime_call UncommonTrapBlob}
  0x000001505976ffbc: c5f8 77e8 

  0x000001505976ffc0: ; ImmutableOopMap {rbp=Oop [32]=Oop [40]=Oop [56]=NarrowOop [68]=NarrowOop [72]=Oop }
                      ;*checkcast {reexecute=0 rethrow=0 return_oop=0}
                      ; - java.security.CodeSource::getCertificates@76
                      ; - java.lang.ClassLoader::postDefineClass@24
                      ; - java.lang.ClassLoader::defineClass@37
                      ; - java.security.SecureClassLoader::defineClass@12
                      ; - java.net.URLClassLoader::defineClass@220
                      ; - java.net.URLClassLoader$1::run@43
                      ; - java.net.URLClassLoader$1::run@1
  0x000001505976ffc0: 3c46 6efe 

  0x000001505976ffc4: ;   {other}
  0x000001505976ffc4: 0f1f 8400 | b477 00be | bade ffff | ff48 8b6c | 2438 4c8b | 5c24 304c | 895c 2420 | 4c8b 5c24 
  0x000001505976ffe4: 404c 895c | 2428 448b | 5c24 6044 | 895c 2430 | 448b 5c24 | 6444 895c | 2440 448b | 4424 5444 
  0x0000015059770004: 8944 244c | 4889 4424 | 6066 6690 

  0x0000015059770010: ;   {runtime_call UncommonTrapBlob}
  0x0000015059770010: c5f8 77e8 

  0x0000015059770014: ; ImmutableOopMap {rbp=Oop [32]=Oop [40]=Oop [64]=NarrowOop [76]=NarrowOop [80]=NarrowOop [84]=NarrowOop [96]=Oop [104]=Oop [112]=Oop }
                      ;*checkcast {reexecute=0 rethrow=0 return_oop=0}
                      ; - java.security.CodeSource::getCertificates@76
                      ; - java.lang.ClassLoader::checkCerts@34
                      ; - java.lang.ClassLoader::preDefineClass@113
                      ; - java.lang.ClassLoader::defineClass@4
                      ; - java.security.SecureClassLoader::defineClass@12
                      ; - java.net.URLClassLoader::defineClass@220
                      ; - java.net.URLClassLoader$1::run@43
                      ; - java.net.URLClassLoader$1::run@1
  0x0000015059770014: e845 6efe 

  0x0000015059770018: ;   {other}
  0x0000015059770018: 0f1f 8400 | 0878 00bf | baf6 ffff | ff48 8b6c | 2438 6690 

  0x000001505977002c: ;   {runtime_call UncommonTrapBlob}
  0x000001505977002c: c5f8 77e8 

  0x0000015059770030: ; ImmutableOopMap {rbp=Oop }
                      ;*invokevirtual replace {reexecute=0 rethrow=0 return_oop=0}
                      ; - java.net.URLClassLoader$1::run@8
                      ; - java.net.URLClassLoader$1::run@1
  0x0000015059770030: cc45 6efe 

  0x0000015059770034: ;   {other}
  0x0000015059770034: 0f1f 8400 | 2478 00c0 | baf6 ffff | ff66 6690 

  0x0000015059770044: ;   {runtime_call UncommonTrapBlob}
  0x0000015059770044: c5f8 77e8 

  0x0000015059770048: ; ImmutableOopMap {[56]=Oop }
                      ;*arraylength {reexecute=0 rethrow=0 return_oop=0}
                      ; - java.lang.String::isEmpty@4
                      ; - java.lang.StringConcatHelper::simpleConcat@11
                      ; - java.lang.String::concat@11
                      ; - java.net.URLClassLoader$1::run@13
                      ; - java.net.URLClassLoader$1::run@1
  0x0000015059770048: b445 6efe 

  0x000001505977004c: ;   {other}
  0x000001505977004c: 0f1f 8400 | 3c78 00c1 | baf6 ffff | ff48 8944 | 2420 6690 

  0x0000015059770060: ;   {runtime_call UncommonTrapBlob}
  0x0000015059770060: c5f8 77e8 

  0x0000015059770064: ; ImmutableOopMap {[32]=Oop [56]=Oop }
                      ;*getfield ucp {reexecute=1 rethrow=0 return_oop=0}
                      ; - (reexecute) java.net.URLClassLoader$1::run@21
                      ; - java.net.URLClassLoader$1::run@1
  0x0000015059770064: 9845 6efe 

  0x0000015059770068: ;   {other}
  0x0000015059770068: 0f1f 8400 | 5878 00c2 | baf6 ffff | ff48 8b6c | 2438 6690 

  0x000001505977007c: ;   {runtime_call UncommonTrapBlob}
  0x000001505977007c: c5f8 77e8 

  0x0000015059770080: ; ImmutableOopMap {rbp=Oop }
                      ;*arraylength {reexecute=0 rethrow=0 return_oop=0}
                      ; - java.lang.StringLatin1::replace@8
                      ; - java.lang.String::replace@18
                      ; - java.net.URLClassLoader$1::run@8
                      ; - java.net.URLClassLoader$1::run@1
  0x0000015059770080: 7c45 6efe 

  0x0000015059770084: ;   {other}
  0x0000015059770084: 0f1f 8400 | 7478 00c3 | baf6 ffff | ff66 6690 

  0x0000015059770094: ;   {runtime_call UncommonTrapBlob}
  0x0000015059770094: c5f8 77e8 

  0x0000015059770098: ; ImmutableOopMap {[56]=Oop }
                      ;*arraylength {reexecute=0 rethrow=0 return_oop=0}
                      ; - java.lang.String::length@4
                      ; - java.lang.StringConcatHelper::prepend@2
                      ; - java.lang.StringConcatHelper::simpleConcat@81
                      ; - java.lang.String::concat@11
                      ; - java.net.URLClassLoader$1::run@13
                      ; - java.net.URLClassLoader$1::run@1
  0x0000015059770098: 6445 6efe 

  0x000001505977009c: ;   {other}
  0x000001505977009c: 0f1f 8400 | 8c78 00c4 | baf6 ffff | ff48 8b6c | 2438 4c89 | 6c24 2890 

  0x00000150597700b4: ;   {runtime_call UncommonTrapBlob}
  0x00000150597700b4: c5f8 77e8 

  0x00000150597700b8: ; ImmutableOopMap {rbp=Oop [40]=Oop [104]=NarrowOop }
                      ;*invokevirtual lastIndexOf {reexecute=0 rethrow=0 return_oop=0}
                      ; - java.net.URLClassLoader::defineClass@7
                      ; - java.net.URLClassLoader$1::run@43
                      ; - java.net.URLClassLoader$1::run@1
  0x00000150597700b8: 4445 6efe 

  0x00000150597700bc: ;   {other}
  0x00000150597700bc: 0f1f 8400 | ac78 00c5 | baf6 ffff | ff48 8b6c | 2438 4c89 | 6c24 2844 | 8974 243c 

  0x00000150597700d8: ;   {runtime_call UncommonTrapBlob}
  0x00000150597700d8: c5f8 77e8 

  0x00000150597700dc: ; ImmutableOopMap {rbp=Oop [40]=Oop [60]=NarrowOop [104]=NarrowOop }
                      ;*arraylength {reexecute=0 rethrow=0 return_oop=0}
                      ; - java.lang.String::length@4
                      ; - java.lang.String::lastIndexOf@3
                      ; - java.net.URLClassLoader::defineClass@7
                      ; - java.net.URLClassLoader$1::run@43
                      ; - java.net.URLClassLoader$1::run@1
  0x00000150597700dc: 2045 6efe 

  0x00000150597700e0: ;   {other}
  0x00000150597700e0: 0f1f 8400 | d078 00c6 | baf4 ffff | ff48 8b6c | 2438 4c89 | 6c24 284c | 8b5c 2440 | 4c89 5c24 
  0x0000015059770100: 3044 8974 | 243c 4489 | 5424 4090 

  0x000001505977010c: ;   {runtime_call UncommonTrapBlob}
  0x000001505977010c: c5f8 77e8 

  0x0000015059770110: ; ImmutableOopMap {rbp=Oop [40]=Oop [60]=NarrowOop [64]=NarrowOop [104]=NarrowOop }
                      ;*instanceof {reexecute=0 rethrow=0 return_oop=0}
                      ; - jdk.internal.loader.Resource::getByteBuffer@6
                      ; - java.net.URLClassLoader::defineClass@132
                      ; - java.net.URLClassLoader$1::run@43
                      ; - java.net.URLClassLoader$1::run@1
  0x0000015059770110: ec44 6efe 

  0x0000015059770114: ;   {other}
  0x0000015059770114: 0f1f 8400 | 0479 00c7 | baf6 ffff | ff48 8b6c | 2438 4c8b | 5424 304c | 8954 2420 

  0x0000015059770130: ;   {runtime_call UncommonTrapBlob}
  0x0000015059770130: c5f8 77e8 

  0x0000015059770134: ; ImmutableOopMap {rbp=Oop [32]=Oop [80]=NarrowOop [104]=NarrowOop [112]=Oop [120]=Oop }
                      ;*invokevirtual get {reexecute=0 rethrow=0 return_oop=0}
                      ; - jdk.internal.perf.PerfCounter::get@5
                      ; - jdk.internal.perf.PerfCounter::add@1
                      ; - jdk.internal.perf.PerfCounter::addElapsedTimeFrom@6
                      ; - java.net.URLClassLoader::defineClass@207
                      ; - java.net.URLClassLoader$1::run@43
                      ; - java.net.URLClassLoader$1::run@1
  0x0000015059770134: c844 6efe 

  0x0000015059770138: ;   {other}
  0x0000015059770138: 0f1f 8400 | 2879 00c8 | baf6 ffff | ff4c 8b54 | 2430 4c89 | 5424 2090 

  0x0000015059770150: ;   {runtime_call UncommonTrapBlob}
  0x0000015059770150: c5f8 77e8 

  0x0000015059770154: ; ImmutableOopMap {[32]=Oop [56]=Oop [80]=NarrowOop [104]=NarrowOop [120]=Oop }
                      ;*arraylength {reexecute=0 rethrow=0 return_oop=0}
                      ; - java.net.URLClassLoader::defineClass@217
                      ; - java.net.URLClassLoader$1::run@43
                      ; - java.net.URLClassLoader$1::run@1
  0x0000015059770154: a844 6efe 

  0x0000015059770158: ;   {other}
  0x0000015059770158: 0f1f 8400 | 4879 00c9 | baf6 ffff | ff4c 8b54 | 2430 4c89 | 5424 2048 | 894c 2428 | 4889 5c24 
  0x0000015059770178: 3066 6690 

  0x000001505977017c: ;   {runtime_call UncommonTrapBlob}
  0x000001505977017c: c5f8 77e8 

  0x0000015059770180: ; ImmutableOopMap {[32]=Oop [40]=Oop [48]=Oop [56]=Oop }
                      ;*invokeinterface computeIfAbsent {reexecute=0 rethrow=0 return_oop=0}
                      ; - java.security.SecureClassLoader::getProtectionDomain@28
                      ; - java.security.SecureClassLoader::defineClass@9
                      ; - java.net.URLClassLoader::defineClass@220
                      ; - java.net.URLClassLoader$1::run@43
                      ; - java.net.URLClassLoader$1::run@1
  0x0000015059770180: 7c44 6efe 

  0x0000015059770184: ;   {other}
  0x0000015059770184: 0f1f 8400 | 7479 00ca | baf4 ffff | ff48 8b6c | 2438 4c8b | 5424 304c | 8954 2420 

  0x00000150597701a0: ;   {runtime_call UncommonTrapBlob}
  0x00000150597701a0: c5f8 77e8 

  0x00000150597701a4: ; ImmutableOopMap {rbp=Oop [32]=Oop [64]=Oop [80]=NarrowOop [84]=NarrowOop }
                      ;*checkcast {reexecute=0 rethrow=0 return_oop=0}
                      ; - java.security.SecureClassLoader::getProtectionDomain@33
                      ; - java.security.SecureClassLoader::defineClass@9
                      ; - java.net.URLClassLoader::defineClass@220
                      ; - java.net.URLClassLoader$1::run@43
                      ; - java.net.URLClassLoader$1::run@1
  0x00000150597701a4: 5844 6efe 

  0x00000150597701a8: ;   {other}
  0x00000150597701a8: 0f1f 8400 | 9879 00cb | baf6 ffff | ff66 6690 

  0x00000150597701b8: ;   {runtime_call UncommonTrapBlob}
  0x00000150597701b8: c5f8 77e8 

  0x00000150597701bc: ; ImmutableOopMap {[48]=Oop [56]=Oop }
                      ;*arraylength {reexecute=0 rethrow=0 return_oop=0}
                      ; - java.lang.String::isEmpty@4
                      ; - java.lang.ClassLoader::checkName@5
                      ; - java.lang.ClassLoader::preDefineClass@1
                      ; - java.lang.ClassLoader::defineClass@4
                      ; - java.security.SecureClassLoader::defineClass@12
                      ; - java.net.URLClassLoader::defineClass@220
                      ; - java.net.URLClassLoader$1::run@43
                      ; - java.net.URLClassLoader$1::run@1
  0x00000150597701bc: 4044 6efe 

  0x00000150597701c0: ;   {other}
  0x00000150597701c0: 0f1f 8400 | b079 00cc | baf6 ffff | ff66 6690 

  0x00000150597701d0: ;   {runtime_call UncommonTrapBlob}
  0x00000150597701d0: c5f8 77e8 

  0x00000150597701d4: ; ImmutableOopMap {[48]=Oop [56]=Oop }
                      ;*arraylength {reexecute=0 rethrow=0 return_oop=0}
                      ; - java.lang.String::length@4
                      ; - java.lang.String::startsWith@6
                      ; - java.lang.String::startsWith@3
                      ; - java.lang.ClassLoader::preDefineClass@43
                      ; - java.lang.ClassLoader::defineClass@4
                      ; - java.security.SecureClassLoader::defineClass@12
                      ; - java.net.URLClassLoader::defineClass@220
                      ; - java.net.URLClassLoader$1::run@43
                      ; - java.net.URLClassLoader$1::run@1
  0x00000150597701d4: 2844 6efe 

  0x00000150597701d8: ;   {other}
  0x00000150597701d8: 0f1f 8400 | c879 00cd | baf6 ffff | ff66 6690 

  0x00000150597701e8: ;   {runtime_call UncommonTrapBlob}
  0x00000150597701e8: c5f8 77e8 

  0x00000150597701ec: ; ImmutableOopMap {[48]=Oop [56]=Oop }
                      ;*invokevirtual getPackageName {reexecute=0 rethrow=0 return_oop=0}
                      ; - java.lang.ClassLoader::postDefineClass@2
                      ; - java.lang.ClassLoader::defineClass@37
                      ; - java.security.SecureClassLoader::defineClass@12
                      ; - java.net.URLClassLoader::defineClass@220
                      ; - java.net.URLClassLoader$1::run@43
                      ; - java.net.URLClassLoader$1::run@1
  0x00000150597701ec: 1044 6efe 

  0x00000150597701f0: ;   {other}
  0x00000150597701f0: 0f1f 8400 | e079 00ce | baf6 ffff | ff48 895c | 2428 6690 

  0x0000015059770204: ;   {runtime_call UncommonTrapBlob}
  0x0000015059770204: c5f8 77e8 

  0x0000015059770208: ; ImmutableOopMap {[40]=Oop [48]=Oop [56]=Oop }
                      ;*invokevirtual get {reexecute=0 rethrow=0 return_oop=0}
                      ; - java.lang.ClassLoader::getNamedPackage@5
                      ; - java.lang.ClassLoader::postDefineClass@9
                      ; - java.lang.ClassLoader::defineClass@37
                      ; - java.security.SecureClassLoader::defineClass@12
                      ; - java.net.URLClassLoader::defineClass@220
                      ; - java.net.URLClassLoader$1::run@43
                      ; - java.net.URLClassLoader$1::run@1
  0x0000015059770208: f443 6efe 

  0x000001505977020c: ;   {other}
  0x000001505977020c: 0f1f 8400 | fc79 00cf | baf6 ffff | ff66 6690 

  0x000001505977021c: ;   {runtime_call UncommonTrapBlob}
  0x000001505977021c: c5f8 77e8 

  0x0000015059770220: ; ImmutableOopMap {[48]=Oop [56]=Oop }
                      ;*invokevirtual hashCode {reexecute=0 rethrow=0 return_oop=0}
                      ; - java.util.concurrent.ConcurrentHashMap::get@1
                      ; - java.lang.ClassLoader::getNamedPackage@5
                      ; - java.lang.ClassLoader::postDefineClass@9
                      ; - java.lang.ClassLoader::defineClass@37
                      ; - java.security.SecureClassLoader::defineClass@12
                      ; - java.net.URLClassLoader::defineClass@220
                      ; - java.net.URLClassLoader$1::run@43
                      ; - java.net.URLClassLoader$1::run@1
  0x0000015059770220: dc43 6efe 

  0x0000015059770224: ;   {other}
  0x0000015059770224: 0f1f 8400 | 147a 00d0 | baf6 ffff | ff66 6690 

  0x0000015059770234: ;   {runtime_call UncommonTrapBlob}
  0x0000015059770234: c5f8 77e8 

  0x0000015059770238: ; ImmutableOopMap {[48]=Oop [56]=Oop }
                      ;*arraylength {reexecute=0 rethrow=0 return_oop=0}
                      ; - java.lang.StringLatin1::charAt@2
                      ; - java.lang.String::charAt@12
                      ; - java.lang.ClassLoader::checkName@25
                      ; - java.lang.ClassLoader::preDefineClass@1
                      ; - java.lang.ClassLoader::defineClass@4
                      ; - java.security.SecureClassLoader::defineClass@12
                      ; - java.net.URLClassLoader::defineClass@220
                      ; - java.net.URLClassLoader$1::run@43
                      ; - java.net.URLClassLoader$1::run@1
  0x0000015059770238: c443 6efe 

  0x000001505977023c: ;   {other}
  0x000001505977023c: 0f1f 8400 | 2c7a 00d1 | baf6 ffff | ff66 6690 

  0x000001505977024c: ;   {runtime_call UncommonTrapBlob}
  0x000001505977024c: c5f8 77e8 

  0x0000015059770250: ; ImmutableOopMap {[48]=Oop [56]=Oop }
                      ;*arraylength {reexecute=0 rethrow=0 return_oop=0}
                      ; - java.lang.String::length@4
                      ; - java.lang.String::substring@1
                      ; - java.lang.ClassLoader::checkCerts@21
                      ; - java.lang.ClassLoader::preDefineClass@113
                      ; - java.lang.ClassLoader::defineClass@4
                      ; - java.security.SecureClassLoader::defineClass@12
                      ; - java.net.URLClassLoader::defineClass@220
                      ; - java.net.URLClassLoader$1::run@43
                      ; - java.net.URLClassLoader$1::run@1
  0x0000015059770250: ac43 6efe 

  0x0000015059770254: ;   {other}
  0x0000015059770254: 0f1f 8400 | 447a 00d2 | baf6 ffff | ff48 8b6c | 2438 4c89 | 6c24 284c | 8b5c 2440 | 4c89 5c24 
  0x0000015059770274: 3044 8974 | 243c 4489 | 5424 4090 

  0x0000015059770280: ;   {runtime_call UncommonTrapBlob}
  0x0000015059770280: c5f8 77e8 

  0x0000015059770284: ; ImmutableOopMap {rbp=Oop [40]=Oop [60]=NarrowOop [64]=NarrowOop [104]=NarrowOop }
                      ;*arraylength {reexecute=0 rethrow=0 return_oop=0}
                      ; - java.lang.String::length@4
                      ; - java.lang.String::substring@1
                      ; - java.net.URLClassLoader::defineClass@28
                      ; - java.net.URLClassLoader$1::run@43
                      ; - java.net.URLClassLoader$1::run@1
  0x0000015059770284: 7843 6efe 

  0x0000015059770288: ;   {other}
  0x0000015059770288: 0f1f 8400 | 787a 00d3 | baf6 ffff | ff48 8b6c | 2438 4c89 | 6c24 204c | 8b54 2440 | 4c89 5424 
  0x00000150597702a8: 2844 895c | 2430 4489 | 7424 384c | 894c 2440 

  0x00000150597702b8: ;   {runtime_call UncommonTrapBlob}
  0x00000150597702b8: c5f8 77e8 

  0x00000150597702bc: ; ImmutableOopMap {rbp=Oop [32]=Oop [56]=NarrowOop [64]=Oop [104]=NarrowOop }
                      ;*getfield csu {reexecute=1 rethrow=0 return_oop=0}
                      ; - (reexecute) jdk.internal.loader.URLClassPath$JarLoader$2::getCodeSourceURL@4
                      ; - java.net.URLClassLoader::defineClass@13
                      ; - java.net.URLClassLoader$1::run@43
                      ; - java.net.URLClassLoader$1::run@1
  0x00000150597702bc: 4043 6efe 

  0x00000150597702c0: ;   {other}
  0x00000150597702c0: 0f1f 8400 | b07a 00d4 | baf6 ffff | ff48 8b6c | 2438 4c89 | 6c24 204c | 8b44 2440 | 4c89 4424 
  0x00000150597702e0: 2844 8974 | 2434 4c89 | 5c24 3844 | 8954 2440 

  0x00000150597702f0: ;   {runtime_call UncommonTrapBlob}
  0x00000150597702f0: c5f8 77e8 

  0x00000150597702f4: ; ImmutableOopMap {rbp=Oop [32]=Oop [52]=NarrowOop [56]=Oop [64]=NarrowOop [104]=NarrowOop [144]=Oop }
                      ;*getfield jar {reexecute=1 rethrow=0 return_oop=0}
                      ; - (reexecute) jdk.internal.loader.URLClassPath$JarLoader$2::getManifest@7
                      ; - java.net.URLClassLoader::defineClass@34
                      ; - java.net.URLClassLoader$1::run@43
                      ; - java.net.URLClassLoader$1::run@1
  0x00000150597702f4: 0843 6efe 

  0x00000150597702f8: ;   {other}
  0x00000150597702f8: 0f1f 8400 | e87a 00d5 | baf6 ffff | ff48 8b6c | 2438 4c8b | 5424 304c | 8954 2420 | 4c8b 5424 
  0x0000015059770318: 404c 8954 | 2428 448b | 5424 4844 | 8954 2434 | 448b 5c24 | 4c44 895c | 2440 6690 

  0x0000015059770334: ;   {runtime_call UncommonTrapBlob}
  0x0000015059770334: c5f8 77e8 

  0x0000015059770338: ; ImmutableOopMap {rbp=Oop [32]=Oop [52]=NarrowOop [64]=NarrowOop [80]=Oop [104]=NarrowOop [144]=Oop }
                      ;*getfield jar {reexecute=1 rethrow=0 return_oop=0}
                      ; - (reexecute) jdk.internal.loader.URLClassPath$JarLoader$2::getManifest@19
                      ; - java.net.URLClassLoader::defineClass@34
                      ; - java.net.URLClassLoader$1::run@43
                      ; - java.net.URLClassLoader$1::run@1
  0x0000015059770338: c442 6efe 

  0x000001505977033c: ;   {other}
  0x000001505977033c: 0f1f 8400 | 2c7b 00d6 | baf6 ffff | ff48 8b6c | 2438 4c8b | 5424 304c | 8954 2420 | 4c8b 5424 
  0x000001505977035c: 404c 8954 | 2428 448b | 5424 4844 | 8954 2434 | 448b 5c24 | 4c44 895c | 2440 6690 

  0x0000015059770378: ;   {runtime_call UncommonTrapBlob}
  0x0000015059770378: c5f8 77e8 

  0x000001505977037c: ; ImmutableOopMap {rbp=Oop [32]=Oop [52]=NarrowOop [64]=NarrowOop [80]=Oop [104]=NarrowOop [144]=Oop }
                      ;*invokevirtual getManifest {reexecute=0 rethrow=0 return_oop=0}
                      ; - jdk.internal.loader.URLClassPath$JarLoader$2::getManifest@22
                      ; - java.net.URLClassLoader::defineClass@34
                      ; - java.net.URLClassLoader$1::run@43
                      ; - java.net.URLClassLoader$1::run@1
  0x000001505977037c: 8042 6efe 

  0x0000015059770380: ;   {other}
  0x0000015059770380: 0f1f 8400 | 707b 00d7 | baf6 ffff | ff48 8b6c | 2438 4c8b | 5424 404c | 8954 2428 

  0x000001505977039c: ;   {runtime_call UncommonTrapBlob}
  0x000001505977039c: c5f8 77e8 

  0x00000150597703a0: ; ImmutableOopMap {rbp=Oop [72]=Oop [80]=NarrowOop [84]=NarrowOop [104]=NarrowOop [112]=Oop }
                      ;*invokevirtual getCodeSigners {reexecute=0 rethrow=0 return_oop=0}
                      ; - jdk.internal.loader.URLClassPath$JarLoader$2::getCodeSigners@4
                      ; - java.net.URLClassLoader::defineClass@185
                      ; - java.net.URLClassLoader$1::run@43
                      ; - java.net.URLClassLoader$1::run@1
  0x00000150597703a0: 5c42 6efe 

  0x00000150597703a4: ;   {other}
  0x00000150597703a4: 0f1f 8400 | 947b 00d8 | baf6 ffff | ff48 8b6c | 2438 4c8b | 5424 304c | 8954 2420 | 4c8b 5424 
  0x00000150597703c4: 404c 8954 | 2428 4c89 | 4424 4890 

  0x00000150597703d0: ;   {runtime_call UncommonTrapBlob}
  0x00000150597703d0: c5f8 77e8 

  0x00000150597703d4: ; ImmutableOopMap {rbp=Oop [32]=Oop [72]=Oop [80]=NarrowOop [84]=NarrowOop [104]=NarrowOop [112]=Oop }
                      ;*getfield jv {reexecute=1 rethrow=0 return_oop=0}
                      ; - (reexecute) java.util.jar.JarFile$JarFileEntry::getCodeSigners@31
                      ; - jdk.internal.loader.URLClassPath$JarLoader$2::getCodeSigners@4
                      ; - java.net.URLClassLoader::defineClass@185
                      ; - java.net.URLClassLoader$1::run@43
                      ; - java.net.URLClassLoader$1::run@1
  0x00000150597703d4: 2842 6efe 

  0x00000150597703d8: ;   {other}
  0x00000150597703d8: 0f1f 8400 | c87b 00d9 | baf6 ffff | ff48 8b6c | 2438 4c89 | 6c24 284c | 8b5c 2440 | 4c89 5c24 
  0x00000150597703f8: 3044 8974 | 243c 4489 | 5424 4048 | 894c 2448 

  0x0000015059770408: ;   {runtime_call UncommonTrapBlob}
  0x0000015059770408: c5f8 77e8 

  0x000001505977040c: ; ImmutableOopMap {rbp=Oop [40]=Oop [60]=NarrowOop [64]=NarrowOop [72]=Oop [104]=NarrowOop }
                      ;*getfield jar {reexecute=1 rethrow=0 return_oop=0}
                      ; - (reexecute) jdk.internal.loader.URLClassPath$JarLoader$2::getInputStream@4
                      ; - jdk.internal.loader.Resource::cachedInputStream@9
                      ; - jdk.internal.loader.Resource::getByteBuffer@1
                      ; - java.net.URLClassLoader::defineClass@132
                      ; - java.net.URLClassLoader$1::run@43
                      ; - java.net.URLClassLoader$1::run@1
  0x000001505977040c: f041 6efe 

  0x0000015059770410: ;   {other}
  0x0000015059770410: 0f1f 8400 | 007c 00da | baf6 ffff | ff66 6690 

  0x0000015059770420: ;   {runtime_call UncommonTrapBlob}
  0x0000015059770420: c5f8 77e8 

  0x0000015059770424: ; ImmutableOopMap {[48]=Oop [56]=Oop }
                      ;*arraylength {reexecute=0 rethrow=0 return_oop=0}
                      ; - java.lang.String::isEmpty@4
                      ; - java.lang.NamedPackage::<init>@5
                      ; - java.lang.ClassLoader::getNamedPackage@22
                      ; - java.lang.ClassLoader::postDefineClass@9
                      ; - java.lang.ClassLoader::defineClass@37
                      ; - java.security.SecureClassLoader::defineClass@12
                      ; - java.net.URLClassLoader::defineClass@220
                      ; - java.net.URLClassLoader$1::run@43
                      ; - java.net.URLClassLoader$1::run@1
  0x0000015059770424: d841 6efe 

  0x0000015059770428: ;   {other}
  0x0000015059770428: 0f1f 8400 | 187c 00db | baf6 ffff | ff66 6690 

  0x0000015059770438: ;   {runtime_call UncommonTrapBlob}
  0x0000015059770438: c5f8 77e8 

  0x000001505977043c: ; ImmutableOopMap {[48]=Oop [56]=Oop }
                      ;*arraylength {reexecute=0 rethrow=0 return_oop=0}
                      ; - java.lang.String::length@4
                      ; - java.lang.String::lastIndexOf@3
                      ; - java.lang.Class::getPackageName@47
                      ; - java.lang.ClassLoader::postDefineClass@2
                      ; - java.lang.ClassLoader::defineClass@37
                      ; - java.security.SecureClassLoader::defineClass@12
                      ; - java.net.URLClassLoader::defineClass@220
                      ; - java.net.URLClassLoader$1::run@43
                      ; - java.net.URLClassLoader$1::run@1
  0x000001505977043c: c041 6efe 

  0x0000015059770440: ;   {other}
  0x0000015059770440: 0f1f 8400 | 307c 00dc | baf6 ffff | ff66 6690 

  0x0000015059770450: ;   {runtime_call UncommonTrapBlob}
  0x0000015059770450: c5f8 77e8 

  0x0000015059770454: ; ImmutableOopMap {[48]=Oop [56]=Oop }
                      ;*arraylength {reexecute=0 rethrow=0 return_oop=0}
                      ; - java.lang.String::length@4
                      ; - java.lang.String::substring@1
                      ; - java.lang.Class::getPackageName@62
                      ; - java.lang.ClassLoader::postDefineClass@2
                      ; - java.lang.ClassLoader::defineClass@37
                      ; - java.security.SecureClassLoader::defineClass@12
                      ; - java.net.URLClassLoader::defineClass@220
                      ; - java.net.URLClassLoader$1::run@43
                      ; - java.net.URLClassLoader$1::run@1
  0x0000015059770454: a841 6efe 

  0x0000015059770458: ;   {other}
  0x0000015059770458: 0f1f 8400 | 487c 00dd | baf6 ffff | ff48 8b6c | 2438 4c89 | 6c24 204c | 8b54 2440 | 4c89 5424 
  0x0000015059770478: 2844 895c | 2430 4489 | 7424 384c | 894c 2440 

  0x0000015059770488: ;   {runtime_call UncommonTrapBlob}
  0x0000015059770488: c5f8 77e8 

  0x000001505977048c: ; ImmutableOopMap {rbp=Oop [32]=Oop [56]=NarrowOop [64]=Oop [104]=NarrowOop }
                      ;*invokevirtual getBaseURL {reexecute=0 rethrow=0 return_oop=0}
                      ; - jdk.internal.loader.URLClassPath$FileLoader$1::getCodeSourceURL@4
                      ; - java.net.URLClassLoader::defineClass@13
                      ; - java.net.URLClassLoader$1::run@43
                      ; - java.net.URLClassLoader$1::run@1
  0x000001505977048c: 7041 6efe 

  0x0000015059770490: ;   {other}
  0x0000015059770490: 0f1f 8400 | 807c 00de | ba76 ffff | ff48 8b6c | 2438 4c8b | 5424 484c | 8954 2420 | 4c8b 5424 
  0x00000150597704b0: 404c 8954 | 2428 448b | 5c24 5044 | 895c 2434 | 448b 5424 | 5444 8954 | 2440 448b | 5c24 7c44 
  0x00000150597704d0: 895c 2458 

  0x00000150597704d4: ;   {runtime_call UncommonTrapBlob}
  0x00000150597704d4: c5f8 77e8 

  0x00000150597704d8: ; ImmutableOopMap {rbp=Oop [32]=Oop [52]=NarrowOop [64]=NarrowOop [104]=NarrowOop [108]=NarrowOop [112]=Oop [128]=Oop }
                      ;*if_icmpge {reexecute=1 rethrow=0 return_oop=0}
                      ; - (reexecute) jdk.internal.loader.Resource::getBytes@50
                      ; - java.net.URLClassLoader::defineClass@179
                      ; - java.net.URLClassLoader$1::run@43
                      ; - java.net.URLClassLoader$1::run@1
  0x00000150597704d8: 2441 6efe 

  0x00000150597704dc: ;   {other}
  0x00000150597704dc: 0f1f 8400 | cc7c 00df | baf6 ffff | ff44 894c | 2428 6690 

  0x00000150597704f0: ;   {runtime_call UncommonTrapBlob}
  0x00000150597704f0: c5f8 77e8 

  0x00000150597704f4: ; ImmutableOopMap {[48]=Oop [56]=Oop }
                      ;*aaload {reexecute=0 rethrow=0 return_oop=0}
                      ; - java.security.CodeSource::getCertificates@50
                      ; - java.lang.ClassLoader::checkCerts@34
                      ; - java.lang.ClassLoader::preDefineClass@113
                      ; - java.lang.ClassLoader::defineClass@4
                      ; - java.security.SecureClassLoader::defineClass@12
                      ; - java.net.URLClassLoader::defineClass@220
                      ; - java.net.URLClassLoader$1::run@43
                      ; - java.net.URLClassLoader$1::run@1
  0x00000150597704f4: 0841 6efe 

  0x00000150597704f8: ;   {other}
  0x00000150597704f8: 0f1f 8400 | e87c 00e0 | baf6 ffff | ff66 6690 

  0x0000015059770508: ;   {runtime_call UncommonTrapBlob}
  0x0000015059770508: c5f8 77e8 

  0x000001505977050c: ; ImmutableOopMap {[48]=Oop [56]=Oop }
                      ;*invokevirtual getSignerCertPath {reexecute=0 rethrow=0 return_oop=0}
                      ; - java.security.CodeSource::getCertificates@51
                      ; - java.lang.ClassLoader::checkCerts@34
                      ; - java.lang.ClassLoader::preDefineClass@113
                      ; - java.lang.ClassLoader::defineClass@4
                      ; - java.security.SecureClassLoader::defineClass@12
                      ; - java.net.URLClassLoader::defineClass@220
                      ; - java.net.URLClassLoader$1::run@43
                      ; - java.net.URLClassLoader$1::run@1
  0x000001505977050c: f040 6efe 

  0x0000015059770510: ;   {other}
  0x0000015059770510: 0f1f 8400 | 007d 00e1 | baf6 ffff | ff66 6690 

  0x0000015059770520: ;   {runtime_call UncommonTrapBlob}
  0x0000015059770520: c5f8 77e8 

  0x0000015059770524: ; ImmutableOopMap {[48]=Oop [56]=Oop }
                      ;*invokevirtual getCertificates {reexecute=0 rethrow=0 return_oop=0}
                      ; - java.security.CodeSource::getCertificates@54
                      ; - java.lang.ClassLoader::checkCerts@34
                      ; - java.lang.ClassLoader::preDefineClass@113
                      ; - java.lang.ClassLoader::defineClass@4
                      ; - java.security.SecureClassLoader::defineClass@12
                      ; - java.net.URLClassLoader::defineClass@220
                      ; - java.net.URLClassLoader$1::run@43
                      ; - java.net.URLClassLoader$1::run@1
  0x0000015059770524: d840 6efe 

  0x0000015059770528: ;   {other}
  0x0000015059770528: 0f1f 8400 | 187d 00e2 | baf6 ffff | ff66 6690 

  0x0000015059770538: ;   {runtime_call UncommonTrapBlob}
  0x0000015059770538: c5f8 77e8 

  0x000001505977053c: ; ImmutableOopMap {[48]=Oop [56]=Oop }
                      ;*arraylength {reexecute=0 rethrow=0 return_oop=0}
                      ; - java.security.CodeSource::getCertificates@40
                      ; - java.lang.ClassLoader::checkCerts@34
                      ; - java.lang.ClassLoader::preDefineClass@113
                      ; - java.lang.ClassLoader::defineClass@4
                      ; - java.security.SecureClassLoader::defineClass@12
                      ; - java.net.URLClassLoader::defineClass@220
                      ; - java.net.URLClassLoader$1::run@43
                      ; - java.net.URLClassLoader$1::run@1
  0x000001505977053c: c040 6efe 

  0x0000015059770540: ;   {other}
  0x0000015059770540: 0f1f 8400 | 307d 00e3 | baf6 ffff | ff44 8954 | 2428 6690 

  0x0000015059770554: ;   {runtime_call UncommonTrapBlob}
  0x0000015059770554: c5f8 77e8 

  0x0000015059770558: ; ImmutableOopMap {[48]=Oop [56]=Oop }
                      ;*aaload {reexecute=0 rethrow=0 return_oop=0}
                      ; - java.security.CodeSource::getCertificates@50
                      ; - java.lang.ClassLoader::postDefineClass@24
                      ; - java.lang.ClassLoader::defineClass@37
                      ; - java.security.SecureClassLoader::defineClass@12
                      ; - java.net.URLClassLoader::defineClass@220
                      ; - java.net.URLClassLoader$1::run@43
                      ; - java.net.URLClassLoader$1::run@1
  0x0000015059770558: a440 6efe 

  0x000001505977055c: ;   {other}
  0x000001505977055c: 0f1f 8400 | 4c7d 00e4 | baf6 ffff | ff66 6690 

  0x000001505977056c: ;   {runtime_call UncommonTrapBlob}
  0x000001505977056c: c5f8 77e8 

  0x0000015059770570: ; ImmutableOopMap {[48]=Oop [56]=Oop }
                      ;*invokevirtual getSignerCertPath {reexecute=0 rethrow=0 return_oop=0}
                      ; - java.security.CodeSource::getCertificates@51
                      ; - java.lang.ClassLoader::postDefineClass@24
                      ; - java.lang.ClassLoader::defineClass@37
                      ; - java.security.SecureClassLoader::defineClass@12
                      ; - java.net.URLClassLoader::defineClass@220
                      ; - java.net.URLClassLoader$1::run@43
                      ; - java.net.URLClassLoader$1::run@1
  0x0000015059770570: 8c40 6efe 

  0x0000015059770574: ;   {other}
  0x0000015059770574: 0f1f 8400 | 647d 00e5 | baf6 ffff | ff66 6690 

  0x0000015059770584: ;   {runtime_call UncommonTrapBlob}
  0x0000015059770584: c5f8 77e8 

  0x0000015059770588: ; ImmutableOopMap {[48]=Oop [56]=Oop }
                      ;*invokevirtual getCertificates {reexecute=0 rethrow=0 return_oop=0}
                      ; - java.security.CodeSource::getCertificates@54
                      ; - java.lang.ClassLoader::postDefineClass@24
                      ; - java.lang.ClassLoader::defineClass@37
                      ; - java.security.SecureClassLoader::defineClass@12
                      ; - java.net.URLClassLoader::defineClass@220
                      ; - java.net.URLClassLoader$1::run@43
                      ; - java.net.URLClassLoader$1::run@1
  0x0000015059770588: 7440 6efe 

  0x000001505977058c: ;   {other}
  0x000001505977058c: 0f1f 8400 | 7c7d 00e6 | baf6 ffff | ff66 6690 

  0x000001505977059c: ;   {runtime_call UncommonTrapBlob}
  0x000001505977059c: c5f8 77e8 

  0x00000150597705a0: ; ImmutableOopMap {[48]=Oop [56]=Oop }
                      ;*arraylength {reexecute=0 rethrow=0 return_oop=0}
                      ; - java.security.CodeSource::getCertificates@40
                      ; - java.lang.ClassLoader::postDefineClass@24
                      ; - java.lang.ClassLoader::defineClass@37
                      ; - java.security.SecureClassLoader::defineClass@12
                      ; - java.net.URLClassLoader::defineClass@220
                      ; - java.net.URLClassLoader$1::run@43
                      ; - java.net.URLClassLoader$1::run@1
  0x00000150597705a0: 5c40 6efe 

  0x00000150597705a4: ;   {other}
  0x00000150597705a4: 0f1f 8400 | 947d 00e7 | baf4 ffff | ff48 8b6c | 2438 4c8b | 5424 304c | 8954 2420 | 4c8b 5424 
  0x00000150597705c4: 404c 8954 | 2428 448b | 5c24 5444 | 895c 2444 

  0x00000150597705d4: ;   {runtime_call UncommonTrapBlob}
  0x00000150597705d4: c5f8 77e8 

  0x00000150597705d8: ; ImmutableOopMap {rbp=Oop [32]=Oop [40]=Oop [68]=NarrowOop [80]=NarrowOop [100]=NarrowOop [104]=Oop [112]=Oop }
                      ;*checkcast {reexecute=0 rethrow=0 return_oop=0}
                      ; - java.security.CodeSource::getCertificates@76
                      ; - java.lang.ClassLoader::checkCerts@34
                      ; - java.lang.ClassLoader::preDefineClass@113
                      ; - java.lang.ClassLoader::defineClass@4
                      ; - java.security.SecureClassLoader::defineClass@12
                      ; - java.net.URLClassLoader::defineClass@220
                      ; - java.net.URLClassLoader$1::run@43
                      ; - java.net.URLClassLoader$1::run@1
  0x00000150597705d8: 2440 6efe 

  0x00000150597705dc: ;   {other}
  0x00000150597705dc: 0f1f 8400 | cc7d 00e8 | ba97 ffff | ff48 8b6c | 2438 4c8b | 5424 304c | 8954 2420 | 4c8b 5424 
  0x00000150597705fc: 404c 8954 | 2428 448b | 5c24 6044 | 895c 2430 | 448b 5424 | 5444 8954 | 2448 448b | 5424 5044 
  0x000001505977061c: 8954 244c 

  0x0000015059770620: ;   {runtime_call UncommonTrapBlob}
  0x0000015059770620: c5f8 77e8 

  0x0000015059770624: ; ImmutableOopMap {rbp=Oop [32]=Oop [40]=Oop [72]=NarrowOop [76]=NarrowOop [100]=NarrowOop [104]=Oop [112]=NarrowOop [120]=Oop }
                      ;*invokevirtual clone {reexecute=1 rethrow=0 return_oop=0}
                      ; - (reexecute) java.util.Arrays::copyOfRange@18
                      ; - java.lang.StringLatin1::newString@16
                      ; - java.lang.String::substring@41
                      ; - java.lang.ClassLoader::checkCerts@21
                      ; - java.lang.ClassLoader::preDefineClass@113
                      ; - java.lang.ClassLoader::defineClass@4
                      ; - java.security.SecureClassLoader::defineClass@12
                      ; - java.net.URLClassLoader::defineClass@220
                      ; - java.net.URLClassLoader$1::run@43
                      ; - java.net.URLClassLoader$1::run@1
  0x0000015059770624: d83f 6efe 

  0x0000015059770628: ;   {other}
  0x0000015059770628: 0f1f 8400 | 187e 00e9 | ba97 ffff | ff48 8b6c | 2438 4c8b | 5424 404c | 8954 2430 | 448b 5c24 
  0x0000015059770648: 5044 895c | 2440 6690 

  0x0000015059770650: ;   {runtime_call UncommonTrapBlob}
  0x0000015059770650: c5f8 77e8 

  0x0000015059770654: ; ImmutableOopMap {rbp=Oop [32]=Oop [64]=NarrowOop [72]=NarrowOop [76]=NarrowOop [88]=Oop [104]=NarrowOop }
                      ;*invokevirtual clone {reexecute=1 rethrow=0 return_oop=0}
                      ; - (reexecute) java.util.Arrays::copyOfRange@18
                      ; - java.lang.StringLatin1::newString@16
                      ; - java.lang.String::substring@41
                      ; - java.net.URLClassLoader::defineClass@28
                      ; - java.net.URLClassLoader$1::run@43
                      ; - java.net.URLClassLoader$1::run@1
  0x0000015059770654: a83f 6efe 

  0x0000015059770658: ;   {other}
  0x0000015059770658: 0f1f 8400 | 487e 00ea | baf4 ffff | ff48 8b6c | 2438 4c8b | 5424 304c | 8954 2420 | 4889 4424 
  0x0000015059770678: f88b 4424 | 4089 4424 | 3848 8b44 | 24f8 6690 

  0x0000015059770688: ;   {runtime_call UncommonTrapBlob}
  0x0000015059770688: c5f8 77e8 

  0x000001505977068c: ; ImmutableOopMap {rbp=Oop [32]=Oop [40]=Oop [56]=NarrowOop [68]=NarrowOop }
                      ;*checkcast {reexecute=0 rethrow=0 return_oop=0}
                      ; - java.security.CodeSource::getCertificates@76
                      ; - java.lang.ClassLoader::postDefineClass@24
                      ; - java.lang.ClassLoader::defineClass@37
                      ; - java.security.SecureClassLoader::defineClass@12
                      ; - java.net.URLClassLoader::defineClass@220
                      ; - java.net.URLClassLoader$1::run@43
                      ; - java.net.URLClassLoader$1::run@1
  0x000001505977068c: 703f 6efe 

  0x0000015059770690: ;   {other}
  0x0000015059770690: 0f1f 8400 | 807e 00eb | ba97 ffff | ff48 8b6c | 2438 4c8b | 5424 304c | 8954 2420 | 4c8b 5424 
  0x00000150597706b0: 504c 8954 | 2438 448b | 5c24 6444 | 895c 2450 | 4c8b 5424 | 704c 8954 | 2460 6690 

  0x00000150597706cc: ;   {runtime_call UncommonTrapBlob}
  0x00000150597706cc: c5f8 77e8 

  0x00000150597706d0: ; ImmutableOopMap {rbp=Oop [32]=Oop [40]=Oop [56]=Oop [72]=NarrowOop [80]=NarrowOop [96]=Oop [112]=Oop }
                      ;*invokevirtual clone {reexecute=1 rethrow=0 return_oop=0}
                      ; - (reexecute) java.util.Arrays::copyOfRange@18
                      ; - java.lang.StringLatin1::newString@16
                      ; - java.lang.String::substring@41
                      ; - java.lang.Class::getPackageName@62
                      ; - java.lang.ClassLoader::postDefineClass@2
                      ; - java.lang.ClassLoader::defineClass@37
                      ; - java.security.SecureClassLoader::defineClass@12
                      ; - java.net.URLClassLoader::defineClass@220
                      ; - java.net.URLClassLoader$1::run@43
                      ; - java.net.URLClassLoader$1::run@1
  0x00000150597706d0: 2c3f 6efe 

  0x00000150597706d4: ;   {other}
  0x00000150597706d4: 0f1f 8400 | c47e 00ec | ba97 ffff | ff48 8b6c | 2438 4c8b | 5424 304c | 8954 2420 | 4c8b 5424 
  0x00000150597706f4: 404c 8954 | 2428 448b | 5424 5444 | 8954 2434 | 448b 5424 | 5044 8954 | 2448 6690 

  0x0000015059770710: ;   {runtime_call UncommonTrapBlob}
  0x0000015059770710: c5f8 77e8 

  0x0000015059770714: ; ImmutableOopMap {rbp=Oop [32]=Oop [40]=Oop [52]=NarrowOop [72]=NarrowOop [100]=NarrowOop [104]=Oop [112]=Oop }
                      ;*invokevirtual clone {reexecute=1 rethrow=0 return_oop=0}
                      ; - (reexecute) java.security.CodeSource::getCertificates@11
                      ; - java.lang.ClassLoader::checkCerts@34
                      ; - java.lang.ClassLoader::preDefineClass@113
                      ; - java.lang.ClassLoader::defineClass@4
                      ; - java.security.SecureClassLoader::defineClass@12
                      ; - java.net.URLClassLoader::defineClass@220
                      ; - java.net.URLClassLoader$1::run@43
                      ; - java.net.URLClassLoader$1::run@1
  0x0000015059770714: e83e 6efe 

  0x0000015059770718: ;   {other}
  0x0000015059770718: 0f1f 8400 | 087f 00ed | ba97 ffff | ff48 8b6c | 2438 4c8b | 5424 304c | 8954 2420 | 4c8b 5424 
  0x0000015059770738: 404c 8954 | 2428 6690 

  0x0000015059770740: ;   {runtime_call UncommonTrapBlob}
  0x0000015059770740: c5f8 77e8 

  0x0000015059770744: ; ImmutableOopMap {rbp=Oop [32]=Oop [80]=NarrowOop [84]=NarrowOop [96]=NarrowOop [104]=NarrowOop [112]=Oop }
                      ;*invokevirtual clone {reexecute=1 rethrow=0 return_oop=0}
                      ; - (reexecute) java.util.jar.JarFile$JarFileEntry::getCodeSigners@70
                      ; - jdk.internal.loader.URLClassPath$JarLoader$2::getCodeSigners@4
                      ; - java.net.URLClassLoader::defineClass@185
                      ; - java.net.URLClassLoader$1::run@43
                      ; - java.net.URLClassLoader$1::run@1
  0x0000015059770744: b83e 6efe 

  0x0000015059770748: ;   {other}
  0x0000015059770748: 0f1f 8400 | 387f 00ee | ba97 ffff | ff48 8b6c | 2438 4c8b | 5424 304c | 8954 2420 | 4c8b 5424 
  0x0000015059770768: 404c 8954 | 2428 448b | 5c24 5044 | 895c 243c 

  0x0000015059770778: ;   {runtime_call UncommonTrapBlob}
  0x0000015059770778: c5f8 77e8 

  0x000001505977077c: ; ImmutableOopMap {rbp=Oop [32]=Oop [60]=NarrowOop [96]=Oop [104]=NarrowOop [112]=Oop [120]=Oop }
                      ;*invokevirtual clone {reexecute=1 rethrow=0 return_oop=0}
                      ; - (reexecute) java.security.CodeSource::<init>@42
                      ; - java.net.URLClassLoader::defineClass@198
                      ; - java.net.URLClassLoader$1::run@43
                      ; - java.net.URLClassLoader$1::run@1
  0x000001505977077c: 803e 6efe 

  0x0000015059770780: ;   {other}
  0x0000015059770780: 0f1f 8400 | 707f 00ef | ba97 ffff | ff48 8b6c | 2438 4c8b | 5424 304c | 8954 2420 

  0x000001505977079c: ;   {runtime_call UncommonTrapBlob}
  0x000001505977079c: c5f8 77e8 

  0x00000150597707a0: ; ImmutableOopMap {rbp=Oop [32]=Oop [64]=NarrowOop [68]=NarrowOop [104]=Oop }
                      ;*invokevirtual clone {reexecute=1 rethrow=0 return_oop=0}
                      ; - (reexecute) java.security.CodeSource::getCertificates@11
                      ; - java.lang.ClassLoader::postDefineClass@24
                      ; - java.lang.ClassLoader::defineClass@37
                      ; - java.security.SecureClassLoader::defineClass@12
                      ; - java.net.URLClassLoader::defineClass@220
                      ; - java.net.URLClassLoader$1::run@43
                      ; - java.net.URLClassLoader$1::run@1
  0x00000150597707a0: 5c3e 6efe 

  0x00000150597707a4: ;   {other}
  0x00000150597707a4: 0f1f 8400 | 947f 00f0 | ba97 ffff | ff48 8b6c | 2438 4c8b | 5424 304c | 8954 2420 | 4c8b 5424 
  0x00000150597707c4: 404c 8954 | 2428 448b | 5424 5444 | 8954 2434 | 448b 5424 | 5044 8954 | 2448 6690 

  0x00000150597707e0: ;   {runtime_call UncommonTrapBlob}
  0x00000150597707e0: c5f8 77e8 

  0x00000150597707e4: ; ImmutableOopMap {rbp=Oop [32]=Oop [40]=Oop [52]=NarrowOop [72]=NarrowOop [104]=Oop [112]=Oop [120]=Oop }
                      ;*invokevirtual clone {reexecute=1 rethrow=0 return_oop=0}
                      ; - (reexecute) java.security.CodeSource::getCertificates@86
                      ; - java.lang.ClassLoader::checkCerts@34
                      ; - java.lang.ClassLoader::preDefineClass@113
                      ; - java.lang.ClassLoader::defineClass@4
                      ; - java.security.SecureClassLoader::defineClass@12
                      ; - java.net.URLClassLoader::defineClass@220
                      ; - java.net.URLClassLoader$1::run@43
                      ; - java.net.URLClassLoader$1::run@1
  0x00000150597707e4: 183e 6efe 

  0x00000150597707e8: ;   {other}
  0x00000150597707e8: 0f1f 8400 | d87f 00f1 | ba97 ffff | ff48 8b6c | 2438 4c8b | 5424 304c | 8954 2420 | 4889 4424 
  0x0000015059770808: f88b 4424 | 4089 4424 | 3848 8b44 | 24f8 6690 

  0x0000015059770818: ;   {runtime_call UncommonTrapBlob}
  0x0000015059770818: c5f8 77e8 

  0x000001505977081c: ; ImmutableOopMap {rbp=Oop [32]=Oop [40]=Oop [56]=NarrowOop [72]=Oop }
                      ;*invokevirtual clone {reexecute=1 rethrow=0 return_oop=0}
                      ; - (reexecute) java.security.CodeSource::getCertificates@86
                      ; - java.lang.ClassLoader::postDefineClass@24
                      ; - java.lang.ClassLoader::defineClass@37
                      ; - java.security.SecureClassLoader::defineClass@12
                      ; - java.net.URLClassLoader::defineClass@220
                      ; - java.net.URLClassLoader$1::run@43
                      ; - java.net.URLClassLoader$1::run@1
  0x000001505977081c: e03d 6efe 

  0x0000015059770820: ;   {other}
  0x0000015059770820: 0f1f 8400 | 1080 00f2 | 488b d8e9 | 4e08 0000 | e98f 0000 | 004c 8bd0 | e906 0900 | 004c 8bd0 
  0x0000015059770840: e9fe 0800 | 004c 8bd0 | e926 0300 | 004c 8bd0 | e9ee 0800 | 004c 8bd0 | e9e6 0800 | 0048 8bd8 
  0x0000015059770860: 448b 5008 | 49bb 0000 | 0000 0800 | 0000 4d03 | da4d 8b53 

  0x0000015059770874: ;   {metadata('java/io/InterruptedIOException')}
  0x0000015059770874: 5049 b840 | 9b26 0008 | 0000 004d | 3bd0 0f84 | 5604 0000 | 4d8b 5348 

  0x000001505977088c: ;   {metadata('java/io/IOException')}
  0x000001505977088c: 49bb d847 | 0900 0800 | 0000 4d3b | d30f 8594 | 0700 0044 | 8b54 2478 | 4585 d20f | 8531 0400 
  0x00000150597708ac: 00e9 4e04 | 0000 488b | d8e9 7907 | 0000 eb76 | 488b d8e9 | 6f07 0000 | 488b e8e9 | e203 0000 
  0x00000150597708cc: 488b d844 | 8b50 0849 | b800 0000 | 0008 0000 | 004d 03c2 | 4c8b 5424 | 304c 8954 | 2420 e972 
  0x00000150597708ec: 0800 0048 | 8bd8 e9da | 0500 0048 | 8bd8 e93d | 0400 0049 | 8bcb 488d | 9424 c000 | 0000 4d8b 
  0x000001505977090c: c7c5 f877 | 49ba b00b | da36 fd7f | 0000 41ff 

  0x000001505977091c: ;   {other}
  0x000001505977091c: d20f 1f84 | 0000 0000 | 00e9 f907 | 0000 488b | e8e9 7c03 | 0000 488b | e8e9 7403 | 0000 4c8b 
  0x000001505977093c: d0e9 0108 | 0000 4c8b | d0e9 f907 | 0000 4c8b | d0e9 2102 | 0000 4c8b | d0e9 e907 | 0000 4889 
  0x000001505977095c: 4424 6048 | 8b6c 2420 | 4c8b 5424 | 284c 8954 | 2420 4c8b | 5424 404c | 8954 2428 | 488b 5424 
  0x000001505977097c: 5866 6690 

  0x0000015059770980: ;   {static_call}
  0x0000015059770980: c5f8 77e8 

  0x0000015059770984: ; ImmutableOopMap {rbp=Oop [32]=Oop [48]=Oop [56]=Oop [76]=NarrowOop [80]=Oop [96]=Oop [112]=Oop [144]=Oop }
                      ;*invokestatic endInit {reexecute=0 rethrow=0 return_oop=0}
                      ; - java.util.jar.JarFile::ensureInitialization@53
                      ; - java.util.jar.JavaUtilJarAccessImpl::ensureInitialization@1
                      ; - jdk.internal.loader.URLClassPath$JarLoader$2::getManifest@10
                      ; - java.net.URLClassLoader::defineClass@34
                      ; - java.net.URLClassLoader$1::run@43
                      ; - java.net.URLClassLoader$1::run@1
  0x0000015059770984: f8e6 6dfe 

  0x0000015059770988: ;   {other}
  0x0000015059770988: 0f1f 8400 | 7881 00f3 | 4c8b 5424 | 6049 8bda | e9e1 0600 | 0048 8bd8 | e9d9 0600 | 0048 8bd8 
  0x00000150597709a8: e9d1 0600 | 004c 8bd0 | e933 0100 | 004c 8bd0 | e986 0700 | 004c 8bd0 | e97e 0700 | 0048 8bd8 
  0x00000150597709c8: 448b 5008 | 49b8 0000 | 0000 0800 | 0000 4d03 | c24c 8b54 | 2428 4c89 | 5424 20e9 | 7907 0000 
  0x00000150597709e8: 4c8b d0e9 | 5307 0000 | 4c8b d0e9 | 4b07 0000 | 4c8b d0e9 | 4307 0000 | 4c8b d0e9 | 3b07 0000 
  0x0000015059770a08: 488b d8e9 | e407 0000 | 488b d8e9 | dc07 0000 | 4c8b d0e9 | 2307 0000 | 4c8b d0e9 | 1b07 0000 
  0x0000015059770a28: 488b d844 | 8b58 0849 | b800 0000 | 0008 0000 | 004d 03c3 | 4889 6c24 | 20e9 1b07 | 0000 488b 
  0x0000015059770a48: d8e9 a607 | 0000 4c8b | d0e9 ed06 | 0000 448b | 5008 49bb | 0000 0000 | 0800 0000 | 4d03 da4d 
  0x0000015059770a68: ;   {metadata('java/io/InterruptedIOException')}
  0x0000015059770a68: 8b53 5049 | bb40 9b26 | 0008 0000 | 004d 3bd3 | 0f85 2d02 | 0000 6690 

  0x0000015059770a80: ;   {static_call}
  0x0000015059770a80: c5f8 77e8 

  0x0000015059770a84: ; ImmutableOopMap {[32]=Oop [40]=Oop [48]=Oop [56]=Oop [72]=Oop [80]=NarrowOop [84]=NarrowOop [88]=Oop [104]=NarrowOop [108]=NarrowOop [112]=Oop [128]=Oop [136]=Oop }
                      ;*invokestatic interrupted {reexecute=0 rethrow=0 return_oop=0}
                      ; - jdk.internal.loader.Resource::getBytes@127
                      ; - java.net.URLClassLoader::defineClass@179
                      ; - java.net.URLClassLoader$1::run@43
                      ; - java.net.URLClassLoader$1::run@1
  0x0000015059770a84: f8e5 6dfe 

  0x0000015059770a88: ;   {other}
  0x0000015059770a88: 0f1f 8400 | 7882 00f4 | 448b 8424 | b000 0000 | 41ba 0100 | 0000 4489 | 5424 78e9 | dfc4 ffff 
  0x0000015059770aa8: 4c8b d0e9 | c300 0000 | 4c8b d0e9 | bb00 0000 | 488b d8e9 | f204 0000 | 488b d8e9 | ea04 0000 
  0x0000015059770ac8: 4c8b d0e9 | 7306 0000 | 4c8b d0e9 | 6b06 0000 | 4c8b d0e9 | 6306 0000 | 4c8b d0eb | 034c 8bd0 
  0x0000015059770ae8: 498b da45 | 8b52 0849 | b800 0000 | 0008 0000 | 004d 03c2 | e960 0600 | 004c 8bd0 | e93a 0600 
  0x0000015059770b08: 004c 8bd0 | eb08 4c8b | d0eb 034c | 8bd0 498b | dae9 d606 | 0000 4c8b | c844 8b58 | 0849 b800 
  0x0000015059770b28: 0000 0008 | 0000 004d | 03c3 eb63 | 4c8b d0e9 | 0706 0000 | 4c8b d0e9 | ff05 0000 | 4c8b d0e9 
  0x0000015059770b48: f705 0000 | 4c8b d0e9 | ef05 0000 | 4c8b d0e9 | e705 0000 | 4c8b 5424 | 304c 8954 | 2420 e9f6 
  0x0000015059770b68: 0500 004c | 8bd0 eb03 | 4c8b d049 | 8bda e979 | 0600 004c | 8bd0 e9c0 | 0500 004c 

  0x0000015059770b84: ;   {no_reloc}
  0x0000015059770b84: 8bc8 448b | 5008 49b8 | 0000 0000 | 0800 0000 | 4d03 c24d 

  0x0000015059770b98: ;   {metadata('java/io/InterruptedIOException')}
  0x0000015059770b98: 8b50 5049 | bb40 9b26 | 0008 0000 | 004d 3bd3 | 0f84 a2ee | ffff 4d8b 

  0x0000015059770bb0: ;   {metadata('java/io/IOException')}
  0x0000015059770bb0: 5048 49bb | d847 0900 | 0800 0000 | 4d3b d375 | 1344 8b54 | 2478 4585 | d20f 846f | aeff ffe9 
  0x0000015059770bd0: 82ee ffff | 498b d9e9 | 5704 0000 | 488b d844 | 8b58 0849 | ba00 0000 | 0008 0000 | 004d 03d3 
  0x0000015059770bf0: 4d8b 5250 

  0x0000015059770bf4: ;   {metadata('java/io/InterruptedIOException')}
  0x0000015059770bf4: 49bb 409b | 2600 0800 | 0000 4d3b | d30f 852c | 0400 0090 

  0x0000015059770c08: ;   {static_call}
  0x0000015059770c08: c5f8 77e8 

  0x0000015059770c0c: ; ImmutableOopMap {[32]=Oop [40]=Oop [48]=Oop [56]=Oop [72]=Oop [80]=NarrowOop [84]=NarrowOop [88]=Oop [104]=NarrowOop [108]=NarrowOop [112]=Oop }
                      ;*invokestatic interrupted {reexecute=0 rethrow=0 return_oop=0}
                      ; - jdk.internal.loader.Resource::getBytes@20
                      ; - java.net.URLClassLoader::defineClass@179
                      ; - java.net.URLClassLoader$1::run@43
                      ; - java.net.URLClassLoader$1::run@1
  0x0000015059770c0c: 70e4 6dfe 

  0x0000015059770c10: ;   {other}
  0x0000015059770c10: 0f1f 8400 | 0084 00f5 | 4d8b 9758 

  0x0000015059770c1c: ; ImmutableOopMap {[32]=Oop [40]=Oop [48]=Oop [56]=Oop [72]=Oop [80]=NarrowOop [84]=NarrowOop [88]=Oop [104]=NarrowOop [108]=NarrowOop [112]=Oop }
                      ;*goto {reexecute=1 rethrow=0 return_oop=0}
                      ; - (reexecute) jdk.internal.loader.Resource::getBytes@26
                      ; - java.net.URLClassLoader::defineClass@179
                      ; - java.net.URLClassLoader$1::run@43
                      ; - java.net.URLClassLoader$1::run@1
                      ;   {poll}
  0x0000015059770c1c: 0400 0041 | 8502 b901 | 0000 0048 | 8b44 2458 | 4c8b 6c24 | 4844 8b74 | 2450 488b | 5424 204c 
  0x0000015059770c3c: 8b44 2428 | 448b 5424 | 5448 8b5c | 2430 488b | 7424 604c | 8b4c 2470 | 448b 5c24 | 6ce9 2caa 
  0x0000015059770c5c: ffff 448b | 5008 49bb | 0000 0000 | 0800 0000 | 4d03 da4d 

  0x0000015059770c70: ;   {metadata('java/io/InterruptedIOException')}
  0x0000015059770c70: 8b53 5049 | bb40 9b26 | 0008 0000 | 004d 3bd3 | 7529 6690 

  0x0000015059770c84: ;   {static_call}
  0x0000015059770c84: c5f8 77e8 

  0x0000015059770c88: ; ImmutableOopMap {[32]=Oop [40]=Oop [48]=Oop [56]=Oop [72]=Oop [80]=NarrowOop [84]=NarrowOop [88]=Oop [104]=NarrowOop [108]=NarrowOop [112]=Oop [128]=Oop [176]=Oop }
                      ;*invokestatic interrupted {reexecute=0 rethrow=0 return_oop=0}
                      ; - jdk.internal.loader.Resource::getBytes@127
                      ; - java.net.URLClassLoader::defineClass@179
                      ; - java.net.URLClassLoader$1::run@43
                      ; - java.net.URLClassLoader$1::run@1
  0x0000015059770c88: f4e3 6dfe 

  0x0000015059770c8c: ;   {other}
  0x0000015059770c8c: 0f1f 8400 | 7c84 00f7 | 8b84 24a8 | 0000 0041 | bb01 0000 | 0044 895c | 2478 e934 | adff ff48 
  0x0000015059770cac: 8be8 448b | 5424 6c49 | 8bd2 48c1 | e203 c5f8 | 7748 b8ff | ffff ffff 

  0x0000015059770cc4: ;   {virtual_call}
  0x0000015059770cc4: ffff ffe8 

  0x0000015059770cc8: ; ImmutableOopMap {rbp=Oop [32]=Oop [40]=Oop [56]=Oop [72]=Oop [84]=NarrowOop [88]=Oop [112]=Oop }
                      ;*invokevirtual close {reexecute=0 rethrow=0 return_oop=0}
                      ; - jdk.internal.loader.Resource::getBytes@214
                      ; - java.net.URLClassLoader::defineClass@179
                      ; - java.net.URLClassLoader$1::run@43
                      ; - java.net.URLClassLoader$1::run@1
  0x0000015059770cc8: b4e0 6dfe 

  0x0000015059770ccc: ;   {other}
  0x0000015059770ccc: 0f1f 8400 | bc84 00f8 | 448b 5c24 | 7845 85db | 7422 4c8b | 5424 404c | 8954 2430 | 488b 5424 
  0x0000015059770cec: 5866 6690 

  0x0000015059770cf0: ;   {optimized virtual_call}
  0x0000015059770cf0: c5f8 77e8 

  0x0000015059770cf4: ; ImmutableOopMap {rbp=Oop [32]=Oop [40]=Oop [56]=Oop [72]=Oop [84]=NarrowOop [112]=Oop }
                      ;*invokevirtual interrupt {reexecute=0 rethrow=0 return_oop=0}
                      ; - jdk.internal.loader.Resource::getBytes@236
                      ; - java.net.URLClassLoader::defineClass@179
                      ; - java.net.URLClassLoader$1::run@43
                      ; - java.net.URLClassLoader$1::run@1
  0x0000015059770cf4: 88dd 6dfe 

  0x0000015059770cf8: ;   {other}
  0x0000015059770cf8: 0f1f 8400 | e884 00f9 | 488b dde9 | 2b03 0000 | 488b d844 | 8b50 0849 | b800 0000 | 0008 0000 
  0x0000015059770d18: 004d 03c2 | 4d8b 5050 | 4c3b d50f | 8533 feff | ff45 33c9 | e90a 0100 | 0048 8bd8 | e998 0100 
  0x0000015059770d38: 0048 8bd8 | 4c8b 5c24 | 5848 8d84 | 24c0 0000 | 0048 8338 | 000f 8479 | 0000 004d | 8b13 41f6 
  0x0000015059770d58: c202 0f84 | 6200 0000 | 4983 ba86 | 0000 0000 | 7409 49ff | 8a86 0000 | 00eb 4b49 | 8b82 9600 
  0x0000015059770d78: 0000 490b | 828e 0000 | 0075 0a49 | c742 3e00 | 0000 00eb | 3d49 83ba | 9e00 0000 | 0074 2248 
  0x0000015059770d98: 33c0 49c7 | 423e 0000 | 0000 f083 | 0424 0049 | 83ba 9e00 | 0000 0075 | 0df0 4d0f | b17a 3e75 
  0x0000015059770db8: 0583 c801 | eb0c a800 | eb08 4c8b | 10f0 4d0f | b113 750a | 49ff 8f50 | 0500 0045 | 33d2 0f84 
  0x0000015059770dd8: 5702 0000 | 488b 4c24 | 5848 8d94 | 24c0 0000 | 004d 8bc7 | c5f8 7749 | bab0 0bda 

  0x0000015059770df4: ;   {no_reloc}
  0x0000015059770df4: 36fd 7f00 | 0041 ffd2 

  0x0000015059770dfc: ;   {other}
  0x0000015059770dfc: 0f1f 8400 | 0000 0000 | e92a 0200 | 004c 8bd0 | e932 0300 | 004c 8bd0 | e92a 0300 | 0048 8bd8 
  0x0000015059770e1c: 448b 5808 | 49b8 0000 | 0000 0800 | 0000 4d03 | c34d 8b50 | 504c 3bd5 | 7551 4c8b | 4c24 5848 
  0x0000015059770e3c: 8b54 2420 | 4c8b 8424 | 9000 0000 | 488b 7c24 | 5066 6690 

  0x0000015059770e50: ;   {optimized virtual_call}
  0x0000015059770e50: c5f8 77e8 

  0x0000015059770e54: ; ImmutableOopMap {[32]=Oop [40]=Oop [48]=Oop [56]=Oop [72]=NarrowOop [76]=NarrowOop [96]=Oop [104]=NarrowOop [144]=Oop }
                      ;*invokevirtual getAndVerifyPackage {reexecute=0 rethrow=0 return_oop=1}
                      ; - java.net.URLClassLoader::defineClass@97
                      ; - java.net.URLClassLoader$1::run@43
                      ; - java.net.URLClassLoader$1::run@1
  0x0000015059770e54: 28dc 6dfe 

  0x0000015059770e58: ;   {other}
  0x0000015059770e58: 0f1f 8400 | 4886 00fa | 4885 c00f | 8468 0400 | 004c 8b6c | 2430 448b | 7424 4848 | 8b54 2420 
  0x0000015059770e78: 4c8b 4424 | 2844 8b54 | 244c e94f | 90ff ff4c | 8b54 2430 | 4c89 5424 | 20e9 cb02 | 0000 4c8b 
  0x0000015059770e98: d0e9 a502 | 0000 4c8b | d0e9 9d02 | 0000 4c8b | d0e9 9502 | 0000 4c8b | d0e9 8d02 | 0000 4c8b 
  0x0000015059770eb8: d0e9 8502 | 0000 4c8b | d0e9 7d02 | 0000 4c8b | d0e9 7502 | 0000 488b | d848 8d84 | 24c0 0000 
  0x0000015059770ed8: 004c 8b5c | 2420 4883 | 3800 0f84 | 7900 0000 | 4d8b 1341 | f6c2 020f | 8462 0000 | 0049 83ba 
  0x0000015059770ef8: 8600 0000 | 0074 0949 | ff8a 8600 | 0000 eb4b | 498b 8296 | 0000 0049 | 0b82 8e00 | 0000 750a 
  0x0000015059770f18: 49c7 423e | 0000 0000 | eb3d 4983 | ba9e 0000 | 0000 7422 | 4833 c049 | c742 3e00 | 0000 00f0 
  0x0000015059770f38: 8304 2400 | 4983 ba9e | 0000 0000 | 750d f04d | 0fb1 7a3e | 7505 83c8 | 01eb 0ca8 

  0x0000015059770f54: ;   {no_reloc}
  0x0000015059770f54: 00eb 084c | 8b10 f04d | 0fb1 1375 | 0a49 ff8f | 5005 0000 | 4533 d20f | 8533 0300 | 0044 8b53 
  0x0000015059770f74: 0849 b800 | 0000 0008 | 0000 004d | 03c2 e9da | 0100 0048 | 8bd8 448b | 5808 49ba | 0000 0000 
  0x0000015059770f94: 0800 0000 | 4d03 d34d 

  0x0000015059770f9c: ;   {metadata('java/io/IOException')}
  0x0000015059770f9c: 8b52 4849 | bbd8 4709 | 0008 0000 | 004d 3bd3 | 0f84 ba02 | 0000 448b | 5308 49b8 | 0000 0000 
  0x0000015059770fbc: 0800 0000 | 4d03 c24c | 8b54 2430 | 4c89 5424 | 20e9 8f01 | 0000 488b | d844 8b50 | 0849 b800 
  0x0000015059770fdc: 0000 0008 | 0000 004d | 03c2 4c8b | 5424 304c | 8954 2420 | e96c 0100 | 004c 8bd0 | e946 0100 
  0x0000015059770ffc: 004c 8bd0 | e93e 0100 | 004c 8bd0 | e936 0100 | 0048 8bd8 | 448b 5808 | 49b8 0000 | 0000 0800 
  0x000001505977101c: 0000 4d03 | c34c 8b54 | 2430 4c89 | 5424 20e9 | 3101 0000 | 488b d844 | 8b53 0849 | b800 0000 
  0x000001505977103c: 0008 0000 | 004d 03c2 | 4c8b 5424 | 484c 8954 | 2420 e90e | 0100 0048 | 8bd8 448b | 5808 49ba 
  0x000001505977105c: 0000 0000 | 0800 0000 | 4d03 d34d 

  0x0000015059771068: ;   {metadata('java/io/IOException')}
  0x0000015059771068: 8b52 4849 | bbd8 4709 | 0008 0000 | 004d 3bd3 | 0f84 a201 | 0000 4c8b | 5c24 7048 | 8d84 24c0 
  0x0000015059771088: 0000 0048 | 8338 000f | 8479 0000 | 004d 8b13 | 41f6 c202 | 0f84 6200 | 0000 4983 | ba86 0000 
  0x00000150597710a8: 0000 7409 | 49ff 8a86 | 0000 00eb | 4b49 8b82 | 9600 0000 | 490b 828e | 0000 0075 | 0a49 c742 
  0x00000150597710c8: 3e00 0000 | 00eb 3d49 | 83ba 9e00 | 0000 0074 | 2248 33c0 | 49c7 423e | 0000 0000 | f083 0424 
  0x00000150597710e8: 0049 83ba | 9e00 0000 | 0075 0df0 | 4d0f b17a | 3e75 0583 | c801 eb0c | a800 eb08 | 4c8b 10f0 
  0x0000015059771108: 4d0f b113 | 750a 49ff | 8f50 0500 | 0045 33d2 | 0f85 e1f7 | ffff eb03 | 488b d844 | 8b5b 0849 
  0x0000015059771128: b800 0000 | 0008 0000 | 004d 03c3 | 4c8b 5424 | 304c 8954 | 2420 eb21 | 4c8b d049 | 8bda 458b 
  0x0000015059771148: 5a08 49b8 | 0000 0000 | 0800 0000 | 4d03 c34c | 8b54 2430 | 4c89 5424 | 204d 8b50 

  0x0000015059771164: ;   {metadata('java/io/IOException')}
  0x0000015059771164: 4849 bbd8 | 4709 0008 | 0000 004d | 3bd3 0f84 | 8f00 0000 | 4d8b 5050 

  0x000001505977117c: ;   {metadata('java/lang/ClassFormatError')}
  0x000001505977117c: 49bb 58b6 | 2400 0800 | 0000 4d3b | d375 6948 | 8beb 488b | 5424 2066 | 6690 c5f8 | 7748 b8ff 
  0x000001505977119c: ffff ffff 

  0x00000150597711a0: ;   {virtual_call}
  0x00000150597711a0: ffff ffe8 

  0x00000150597711a4: ; ImmutableOopMap {rbp=Oop [32]=Oop }
                      ;*invokevirtual getDataError {reexecute=0 rethrow=0 return_oop=1}
                      ; - java.net.URLClassLoader$1::run@63
                      ; - java.net.URLClassLoader$1::run@1
  0x00000150597711a4: d8db 6dfe 

  0x00000150597711a8: ;   {other}
  0x00000150597711a8: 0f1f 8400 | 9889 00fb | 4885 c074 | 3748 8b54 | 2420 c5f8 | 7748 b8ff | ffff ffff 

  0x00000150597711c4: ;   {virtual_call}
  0x00000150597711c4: ffff ffe8 

  0x00000150597711c8: ; ImmutableOopMap {rbp=Oop }
                      ;*invokevirtual getDataError {reexecute=0 rethrow=0 return_oop=1}
                      ; - java.net.URLClassLoader$1::run@71
                      ; - java.net.URLClassLoader$1::run@1
  0x00000150597711c8: b4db 6dfe 

  0x00000150597711cc: ;   {other}
  0x00000150597711cc: 0f1f 8400 | bc89 00fc | 488b d54c | 8bc0 6690 

  0x00000150597711dc: ;   {optimized virtual_call}
  0x00000150597711dc: c5f8 77e8 

  0x00000150597711e0: ; ImmutableOopMap {rbp=Oop }
                      ;*invokevirtual addSuppressed {reexecute=0 rethrow=0 return_oop=0}
                      ; - java.net.URLClassLoader$1::run@74
                      ; - java.net.URLClassLoader$1::run@1
  0x00000150597711e0: 9cd8 6dfe 

  0x00000150597711e4: ;   {other}
  0x00000150597711e4: 0f1f 8400 | d489 00fd | 488b d5eb | 0648 8bd8 | 488b d3c5 | f877 4881 | c4e0 0000 

  0x0000015059771200: ;   {runtime_call _rethrow_Java}
  0x0000015059771200: 005d e979 | 7271 fe48 | 8beb ba2f | 0000 0090 

  0x0000015059771210: ;   {runtime_call UncommonTrapBlob}
  0x0000015059771210: c5f8 77e8 

  0x0000015059771214: ; ImmutableOopMap {rbp=Oop [56]=Oop }
                      ;*new {reexecute=0 rethrow=0 return_oop=0}
                      ; - java.net.URLClassLoader$1::run@48
                      ; - java.net.URLClassLoader$1::run@1
  0x0000015059771214: e833 6efe 

  0x0000015059771218: ;   {other}
  0x0000015059771218: 0f1f 8400 | 088a 00fe | 488b e8ba | f201 0000 | 4c8b 5424 | 384c 8954 | 2420 4c8b | 5424 304c 
  0x0000015059771238: 8954 2428 | 4c8b 5424 | 404c 8954 | 2430 448b | 5c24 4844 | 895c 243c | 448b 5c24 | 4c44 895c 
  0x0000015059771258: 2448 6690 

  0x000001505977125c: ;   {runtime_call UncommonTrapBlob}
  0x000001505977125c: c5f8 77e8 

  0x0000015059771260: ; ImmutableOopMap {rbp=Oop [32]=Oop [40]=Oop [60]=NarrowOop [72]=NarrowOop [80]=Oop [88]=NarrowOop [104]=NarrowOop [144]=Oop }
                      ;*new {reexecute=0 rethrow=0 return_oop=0}
                      ; - java.util.jar.JarFile::ensureInitialization@8
                      ; - java.util.jar.JavaUtilJarAccessImpl::ensureInitialization@1
                      ; - jdk.internal.loader.URLClassPath$JarLoader$2::getManifest@10
                      ; - java.net.URLClassLoader::defineClass@34
                      ; - java.net.URLClassLoader$1::run@43
                      ; - java.net.URLClassLoader$1::run@1
  0x0000015059771260: 9c33 6efe 

  0x0000015059771264: ;   {other}
  0x0000015059771264: 0f1f 8400 | 548a 00ff | 488b e8ba | 2a00 0000 | 4c8b 5424 | 384c 8954 | 2420 4c8b | 5424 304c 
  0x0000015059771284: 8954 2428 | 4c8b 5424 | 404c 8954 | 2430 6690 

  0x0000015059771294: ;   {runtime_call UncommonTrapBlob}
  0x0000015059771294: c5f8 77e8 

  0x0000015059771298: ; ImmutableOopMap {rbp=Oop [32]=Oop [40]=Oop [80]=NarrowOop [84]=NarrowOop [104]=NarrowOop [112]=Oop }
                      ;*new {reexecute=0 rethrow=0 return_oop=0}
                      ; - java.util.jar.JarFile$JarFileEntry::getCodeSigners@11
                      ; - jdk.internal.loader.URLClassPath$JarLoader$2::getCodeSigners@4
                      ; - java.net.URLClassLoader::defineClass@185
                      ; - java.net.URLClassLoader$1::run@43
                      ; - java.net.URLClassLoader$1::run@1
  0x0000015059771298: 6433 6efe 

  0x000001505977129c: ;   {other}
  0x000001505977129c: 0f1f 8400 | 0000 0000 | 488b 4c24 | 2048 8d94 | 24c0 0000 | 004d 8bc7 | c5f8 7749 | bab0 0bda 
  0x00000150597712bc: 36fd 7f00 | 0041 ffd2 

  0x00000150597712c4: ;   {other}
  0x00000150597712c4: 0f1f 8400 | 0000 0000 | e9a0 fcff | ffba fd00 | 0000 6690 

  0x00000150597712d8: ;   {runtime_call UncommonTrapBlob}
  0x00000150597712d8: c5f8 77e8 

  0x00000150597712dc: ; ImmutableOopMap {[48]=Oop [56]=Oop [144]=Oop }
                      ;*new {reexecute=0 rethrow=0 return_oop=0}
                      ; - java.net.URLClassLoader::defineClass@103
                      ; - java.net.URLClassLoader$1::run@43
                      ; - java.net.URLClassLoader$1::run@1
  0x00000150597712dc: 2033 6efe 

  0x00000150597712e0: ;   {other}
  0x00000150597712e0: 0f1f 8400 | 0000 0000 | 448b 9424 | 9000 0000 | 4489 5424 | 208b ac24 | b000 0000 | eb14 448b 
  0x0000015059771300: 9c24 9000 | 0000 4489 | 5c24 208b | ac24 a800 | 0000 ba97 | ffff ff4c | 8b54 2438 | 4c89 5424 
  0x0000015059771320: 284c 8b54 | 2448 4c89 | 5424 3048 | ff74 2440 | 488f 4424 | 3844 8b5c | 2450 4489 | 5c24 4044 
  0x0000015059771340: 8b5c 2454 | 4489 5c24 | 4466 6690 

  0x000001505977134c: ;   {runtime_call UncommonTrapBlob}
  0x000001505977134c: c5f8 77e8 

  0x0000015059771350: ; ImmutableOopMap {[40]=Oop [48]=Oop [64]=NarrowOop [68]=NarrowOop [104]=NarrowOop [108]=NarrowOop [112]=Oop [128]=Oop }
                      ;*invokevirtual clone {reexecute=1 rethrow=0 return_oop=0}
                      ; - (reexecute) java.util.Arrays::copyOf@7
                      ; - jdk.internal.loader.Resource::getBytes@94
                      ; - java.net.URLClassLoader::defineClass@179
                      ; - java.net.URLClassLoader$1::run@43
                      ; - java.net.URLClassLoader$1::run@1
  0x0000015059771350: ac32 6efe 

  0x0000015059771354: ;   {other}
  0x0000015059771354: 0f1f 8400 | 0000 0000 

  0x000001505977135c: ;   {internal_word}
  0x000001505977135c: 49ba b998 | 7659 5001 | 0000 4d89 | 9768 0400 

  0x000001505977136c: ;   {runtime_call SafepointBlob}
  0x000001505977136c: 00e9 8e43 

  0x0000015059771370: ;   {runtime_call StubRoutines (final stubs)}
  0x0000015059771370: 6efe e8e9 | 876c fee9 | 627e ffff | f4f4 f4f4 
[Stub Code]
  0x0000015059771380: ;   {no_reloc}
  0x0000015059771380: 48bb 0000 | 0000 0000 

  0x0000015059771388: ;   {runtime_call}
  0x0000015059771388: 0000 e9fb 

  0x000001505977138c: ;   {static_stub}
  0x000001505977138c: ffff ff48 | bb00 0000 | 0000 0000 

  0x0000015059771398: ;   {runtime_call}
  0x0000015059771398: 00e9 fbff 

  0x000001505977139c: ;   {static_stub}
  0x000001505977139c: ffff 48bb | 0000 0000 | 0000 0000 

  0x00000150597713a8: ;   {runtime_call}
  0x00000150597713a8: e9fb ffff 

  0x00000150597713ac: ;   {static_stub}
  0x00000150597713ac: ff48 bb00 | 0000 0000 

  0x00000150597713b4: ;   {runtime_call}
  0x00000150597713b4: 0000 00e9 | fbff ffff 

  0x00000150597713bc: ;   {static_stub}
  0x00000150597713bc: 48bb 0000 | 0000 0000 

  0x00000150597713c4: ;   {runtime_call}
  0x00000150597713c4: 0000 e9fb 

  0x00000150597713c8: ;   {static_stub}
  0x00000150597713c8: ffff ff48 | bb00 0000 | 0000 0000 

  0x00000150597713d4: ;   {runtime_call}
  0x00000150597713d4: 00e9 fbff 

  0x00000150597713d8: ;   {static_stub}
  0x00000150597713d8: ffff 48bb | 0000 0000 | 0000 0000 

  0x00000150597713e4: ;   {runtime_call}
  0x00000150597713e4: e9fb ffff 

  0x00000150597713e8: ;   {static_stub}
  0x00000150597713e8: ff48 bb08 | 472d 7550 

  0x00000150597713f0: ;   {runtime_call I2C/C2I adapters}
  0x00000150597713f0: 0100 00e9 | 6b20 6efe 

  0x00000150597713f8: ;   {static_stub}
  0x00000150597713f8: 48bb 0000 | 0000 0000 

  0x0000015059771400: ;   {runtime_call}
  0x0000015059771400: 0000 e9fb 

  0x0000015059771404: ;   {static_stub}
  0x0000015059771404: ffff ff48 | bb00 0000 | 0000 0000 

  0x0000015059771410: ;   {runtime_call}
  0x0000015059771410: 00e9 fbff 

  0x0000015059771414: ;   {static_stub}
  0x0000015059771414: ffff 48bb | 0000 0000 | 0000 0000 

  0x0000015059771420: ;   {runtime_call}
  0x0000015059771420: e9fb ffff 

  0x0000015059771424: ;   {static_stub}
  0x0000015059771424: ff48 bb00 | 0000 0000 

  0x000001505977142c: ;   {runtime_call}
  0x000001505977142c: 0000 00e9 | fbff ffff 

  0x0000015059771434: ;   {static_stub}
  0x0000015059771434: 48bb 0000 | 0000 0000 

  0x000001505977143c: ;   {runtime_call}
  0x000001505977143c: 0000 e9fb 

  0x0000015059771440: ;   {static_stub}
  0x0000015059771440: ffff ff48 | bb00 0000 | 0000 0000 

  0x000001505977144c: ;   {runtime_call}
  0x000001505977144c: 00e9 fbff 

  0x0000015059771450: ;   {static_stub}
  0x0000015059771450: ffff 48bb | 0000 0000 | 0000 0000 

  0x000001505977145c: ;   {runtime_call}
  0x000001505977145c: e9fb ffff 

  0x0000015059771460: ;   {static_stub}
  0x0000015059771460: ff48 bb00 | 0000 0000 

  0x0000015059771468: ;   {runtime_call}
  0x0000015059771468: 0000 00e9 | fbff ffff 

  0x0000015059771470: ;   {static_stub}
  0x0000015059771470: 48bb 0000 | 0000 0000 

  0x0000015059771478: ;   {runtime_call}
  0x0000015059771478: 0000 e9fb 

  0x000001505977147c: ;   {static_stub}
  0x000001505977147c: ffff ff48 | bb00 0000 | 0000 0000 

  0x0000015059771488: ;   {runtime_call}
  0x0000015059771488: 00e9 fbff 

  0x000001505977148c: ;   {static_stub}
  0x000001505977148c: ffff 48bb | 0000 0000 | 0000 0000 

  0x0000015059771498: ;   {runtime_call}
  0x0000015059771498: e9fb ffff 

  0x000001505977149c: ;   {static_stub}
  0x000001505977149c: ff48 bb00 | 0000 0000 

  0x00000150597714a4: ;   {runtime_call}
  0x00000150597714a4: 0000 00e9 | fbff ffff 

  0x00000150597714ac: ;   {static_stub}
  0x00000150597714ac: 48bb 0000 | 0000 0000 

  0x00000150597714b4: ;   {runtime_call}
  0x00000150597714b4: 0000 e9fb 

  0x00000150597714b8: ;   {static_stub}
  0x00000150597714b8: ffff ff48 | bb00 0000 | 0000 0000 

  0x00000150597714c4: ;   {runtime_call}
  0x00000150597714c4: 00e9 fbff 

  0x00000150597714c8: ;   {static_stub}
  0x00000150597714c8: ffff 48bb | 0000 0000 | 0000 0000 

  0x00000150597714d4: ;   {runtime_call}
  0x00000150597714d4: e9fb ffff 

  0x00000150597714d8: ;   {static_stub}
  0x00000150597714d8: ff48 bb00 | 0000 0000 

  0x00000150597714e0: ;   {runtime_call}
  0x00000150597714e0: 0000 00e9 | fbff ffff 

  0x00000150597714e8: ;   {static_stub}
  0x00000150597714e8: 48bb 0000 | 0000 0000 

  0x00000150597714f0: ;   {runtime_call}
  0x00000150597714f0: 0000 e9fb 

  0x00000150597714f4: ;   {static_stub}
  0x00000150597714f4: ffff ff48 | bb00 0000 | 0000 0000 

  0x0000015059771500: ;   {runtime_call}
  0x0000015059771500: 00e9 fbff 

  0x0000015059771504: ;   {static_stub}
  0x0000015059771504: ffff 48bb | 0000 0000 | 0000 0000 

  0x0000015059771510: ;   {runtime_call}
  0x0000015059771510: e9fb ffff 

  0x0000015059771514: ;   {static_stub}
  0x0000015059771514: ff48 bb00 | 0000 0000 

  0x000001505977151c: ;   {runtime_call}
  0x000001505977151c: 0000 00e9 | fbff ffff 

  0x0000015059771524: ;   {static_stub}
  0x0000015059771524: 48bb 0000 | 0000 0000 

  0x000001505977152c: ;   {runtime_call}
  0x000001505977152c: 0000 e9fb 

  0x0000015059771530: ;   {static_stub}
  0x0000015059771530: ffff ff48 | bb00 0000 | 0000 0000 

  0x000001505977153c: ;   {runtime_call}
  0x000001505977153c: 00e9 fbff 

  0x0000015059771540: ;   {static_stub}
  0x0000015059771540: ffff 48bb | 0000 0000 | 0000 0000 

  0x000001505977154c: ;   {runtime_call}
  0x000001505977154c: e9fb ffff 

  0x0000015059771550: ;   {static_stub}
  0x0000015059771550: ff48 bb00 | 0000 0000 

  0x0000015059771558: ;   {runtime_call}
  0x0000015059771558: 0000 00e9 | fbff ffff 

  0x0000015059771560: ;   {static_stub}
  0x0000015059771560: 48bb 0000 | 0000 0000 

  0x0000015059771568: ;   {runtime_call}
  0x0000015059771568: 0000 e9fb 

  0x000001505977156c: ;   {static_stub}
  0x000001505977156c: ffff ff48 | bb00 0000 | 0000 0000 

  0x0000015059771578: ;   {runtime_call}
  0x0000015059771578: 00e9 fbff 

  0x000001505977157c: ;   {static_stub}
  0x000001505977157c: ffff 48bb | 0000 0000 | 0000 0000 

  0x0000015059771588: ;   {runtime_call}
  0x0000015059771588: e9fb ffff 

  0x000001505977158c: ;   {static_stub}
  0x000001505977158c: ff48 bb00 | 0000 0000 

  0x0000015059771594: ;   {runtime_call}
  0x0000015059771594: 0000 00e9 | fbff ffff 

  0x000001505977159c: ;   {static_stub}
  0x000001505977159c: 48bb 0000 | 0000 0000 

  0x00000150597715a4: ;   {runtime_call}
  0x00000150597715a4: 0000 e9fb 

  0x00000150597715a8: ;   {static_stub}
  0x00000150597715a8: ffff ff48 | bb00 0000 | 0000 0000 

  0x00000150597715b4: ;   {runtime_call}
  0x00000150597715b4: 00e9 fbff 

  0x00000150597715b8: ;   {static_stub}
  0x00000150597715b8: ffff 48bb | 0000 0000 | 0000 0000 

  0x00000150597715c4: ;   {runtime_call}
  0x00000150597715c4: e9fb ffff 

  0x00000150597715c8: ;   {static_stub}
  0x00000150597715c8: ff48 bb00 | 0000 0000 

  0x00000150597715d0: ;   {runtime_call}
  0x00000150597715d0: 0000 00e9 | fbff ffff 

  0x00000150597715d8: ;   {static_stub}
  0x00000150597715d8: 48bb 0000 | 0000 0000 

  0x00000150597715e0: ;   {runtime_call}
  0x00000150597715e0: 0000 e9fb 

  0x00000150597715e4: ;   {static_stub}
  0x00000150597715e4: ffff ff48 | bb00 0000 | 0000 0000 

  0x00000150597715f0: ;   {runtime_call}
  0x00000150597715f0: 00e9 fbff 

  0x00000150597715f4: ;   {static_stub}
  0x00000150597715f4: ffff 48bb | 0000 0000 | 0000 0000 

  0x0000015059771600: ;   {runtime_call}
  0x0000015059771600: e9fb ffff 

  0x0000015059771604: ;   {static_stub}
  0x0000015059771604: ff48 bb00 | 0000 0000 

  0x000001505977160c: ;   {runtime_call}
  0x000001505977160c: 0000 00e9 | fbff ffff 

  0x0000015059771614: ;   {static_stub}
  0x0000015059771614: 48bb 0000 | 0000 0000 

  0x000001505977161c: ;   {runtime_call}
  0x000001505977161c: 0000 e9fb 

  0x0000015059771620: ;   {static_stub}
  0x0000015059771620: ffff ff48 | bb00 0000 | 0000 0000 

  0x000001505977162c: ;   {runtime_call}
  0x000001505977162c: 00e9 fbff 

  0x0000015059771630: ;   {runtime_call ExceptionBlob}
  0x0000015059771630: ffff e949 | 1171 fee8 | 0000 0000 | 4883 2c24 

  0x0000015059771640: ;   {runtime_call DeoptimizationBlob}
  0x0000015059771640: 05e9 5a33 | 6efe f4f4 
[/MachCode]


Compiled method (c2) 2560595 3044   !   4       java.net.URLClassLoader::findClass (47 bytes)
 total in heap  [0x000001505853c410,0x000001505853cb18] = 1800
 relocation     [0x000001505853c570,0x000001505853c5e0] = 112
 main code      [0x000001505853c5e0,0x000001505853c870] = 656
 stub code      [0x000001505853c870,0x000001505853c8b8] = 72
 oops           [0x000001505853c8b8,0x000001505853c8c0] = 8
 metadata       [0x000001505853c8c0,0x000001505853c950] = 144
 scopes data    [0x000001505853c950,0x000001505853c9e0] = 144
 scopes pcs     [0x000001505853c9e0,0x000001505853ca80] = 160
 dependencies   [0x000001505853ca80,0x000001505853caa0] = 32
 handler table  [0x000001505853caa0,0x000001505853cb18] = 120

[Constant Pool (empty)]

[MachCode]
[Entry Point]
  # {method} {0x00000150750f9d68} 'findClass' '(Ljava/lang/String;)Ljava/lang/Class;' in 'java/net/URLClassLoader'
  # this:     rdx:rdx   = 'java/net/URLClassLoader'
  # parm0:    r8:r8     = 'java/lang/String'
  #           [sp+0x30]  (sp of caller)
  0x000001505853c5e0: 448b 5208 | 49bb 0000 | 0000 0800 | 0000 4d03 | d349 3bc2 

  0x000001505853c5f4: ;   {runtime_call ic_miss_stub}
  0x000001505853c5f4: 0f85 8621 | 91ff 6690 | 0f1f 4000 
[Verified Entry Point]
  0x000001505853c600: 8984 2400 | 80ff ff55 | 4883 ec20 | 4181 7f20 | 3500 0000 | 0f85 4802 | 0000 4c89 | 0424 488b 
  0x000001505853c620: ea49 8b87 | b801 0000 | 4c8b d049 | 83c2 184d | 3b97 c801 | 0000 0f83 | 0d01 0000 | 4d89 97b8 
  0x000001505853c640: 0100 0041 | 0f18 82c0 | 0000 0048 | c700 0100 

  0x000001505853c650: ;   {metadata('java/net/URLClassLoader$1')}
  0x000001505853c650: 0000 c740 | 08d0 310a | 0044 8960 | 144c 8bdd | 49c1 eb03 | 4c8b 1424 | 4d8b c249 | c1e8 0344 
  0x000001505853c670: 8940 0c44 | 8958 1048 | 8944 2408 | 448b 5d58 | 4585 db74 | 544b 8d2c | dc48 8bd5 

  0x000001505853c68c: ;   {static_call}
  0x000001505853c68c: 6666 90e8 

  0x000001505853c690: ; ImmutableOopMap {rbp=Oop [0]=Oop [8]=Oop }
                      ;*invokestatic ensureMaterializedForStackWalk {reexecute=0 rethrow=0 return_oop=0}
                      ; - java.security.AccessController::executePrivileged@5
                      ; - java.security.AccessController::doPrivileged@13
                      ; - java.net.URLClassLoader::findClass@13
  0x000001505853c690: cc8c eaff 

  0x000001505853c694: ;   {other}
  0x000001505853c694: 0f1f 8400 | 8402 0000 | 488b 5424 

  0x000001505853c6a0: ;   {optimized virtual_call}
  0x000001505853c6a0: 0866 90e8 

  0x000001505853c6a4: ; ImmutableOopMap {rbp=Oop [0]=Oop }
                      ;*invokeinterface run {reexecute=0 rethrow=0 return_oop=1}
                      ; - java.security.AccessController::executePrivileged@29
                      ; - java.security.AccessController::doPrivileged@13
                      ; - java.net.URLClassLoader::findClass@13
  0x000001505853c6a4: 18cb 2201 

  0x000001505853c6a8: ;   {other}
  0x000001505853c6a8: 0f1f 8400 | 9802 0001 | 4885 c074 | 2844 8b58 

  0x000001505853c6b8: ;   {metadata('java/lang/Class')}
  0x000001505853c6b8: 0841 81fb | 582c 0400 | 0f85 bc00 | 0000 4883 

  0x000001505853c6c8: ;   {poll_return}
  0x000001505853c6c8: c420 5d49 | 3ba7 5004 | 0000 0f87 | 7401 0000 | c333 edeb | bf49 8b87 | b801 0000 | 4c8b d049 
  0x000001505853c6e8: 83c2 284d | 3b97 c801 | 0000 7371 | 4d89 97b8 | 0100 0041 | 0f18 82c0 | 0000 0048 | c700 0100 
  0x000001505853c708: ;   {metadata('java/lang/ClassNotFoundException')}
  0x000001505853c708: 0000 c740 | 08b8 4f04 | 0044 8960 | 0c4c 8960 | 104c 8960 | 184c 8960 | 2048 8be8 | 488b d54c 
  0x000001505853c728: 8b04 2445 

  0x000001505853c72c: ;   {optimized virtual_call}
  0x000001505853c72c: 33c9 90e8 

  0x000001505853c730: ; ImmutableOopMap {rbp=Oop }
                      ;*invokespecial <init> {reexecute=0 rethrow=0 return_oop=0}
                      ; - java.lang.ClassNotFoundException::<init>@3
                      ; - java.net.URLClassLoader::findClass@41
  0x000001505853c730: 4c3d f4ff 

  0x000001505853c734: ;   {other}
  0x000001505853c734: 0f1f 8400 | 2403 0002 | 488b d548 | 83c4 205d 

  0x000001505853c744: ;   {runtime_call _rethrow_Java}
  0x000001505853c744: e937 bd94 

  0x000001505853c748: ;   {metadata('java/net/URLClassLoader$1')}
  0x000001505853c748: ff48 bad0 | 310a 0008 

  0x000001505853c750: ;   {runtime_call _new_instance_Java}
  0x000001505853c750: 0000 00e8 

  0x000001505853c754: ; ImmutableOopMap {rbp=Oop [0]=Oop }
                      ;*new {reexecute=0 rethrow=0 return_oop=1}
                      ; - java.net.URLClassLoader::findClass@0
  0x000001505853c754: 285d 94ff 

  0x000001505853c758: ;   {other}
  0x000001505853c758: 0f1f 8400 | 4803 0003 | e9f8 feff 

  0x000001505853c764: ;   {metadata('java/lang/ClassNotFoundException')}
  0x000001505853c764: ff48 bab8 | 4f04 0008 | 0000 0048 

  0x000001505853c770: ;   {runtime_call _new_instance_Java}
  0x000001505853c770: 8b2c 24e8 

  0x000001505853c774: ; ImmutableOopMap {rbp=Oop [0]=Oop }
                      ;*new {reexecute=0 rethrow=0 return_oop=1}
                      ; - java.net.URLClassLoader::findClass@36
  0x000001505853c774: 085d 94ff 

  0x000001505853c778: ;   {other}
  0x000001505853c778: 0f1f 8400 | 6803 0004 | eb9f bade | ffff ff48 | 8b2c 2448 

  0x000001505853c78c: ;   {runtime_call UncommonTrapBlob}
  0x000001505853c78c: 8904 24e8 

  0x000001505853c790: ; ImmutableOopMap {rbp=Oop [0]=Oop }
                      ;*checkcast {reexecute=0 rethrow=0 return_oop=0}
                      ; - java.net.URLClassLoader::findClass@16
  0x000001505853c790: 6c7e 91ff 

  0x000001505853c794: ;   {other}
  0x000001505853c794: 0f1f 8400 | 8403 0005 | eb78 448b 

  0x000001505853c7a0: ;   {metadata('java/security/PrivilegedActionException')}
  0x000001505853c7a0: 5808 4181 | fb60 3224 | 0075 6b48 | 8be8 e984 | 0000 00eb | 6144 8b40 | 0849 bb00 | 0000 0008 
  0x000001505853c7c0: 0000 004d | 03d8 eb11 | 448b 5008 | 49bb 0000 | 0000 0800 | 0000 4d03 | da4d 8b53 

  0x000001505853c7dc: ;   {metadata('java/lang/RuntimeException')}
  0x000001505853c7dc: 4849 b820 | 3e04 0008 | 0000 004d | 3bd0 7508 | 488b d0e9 | 4bff ffff | 4d8b 5340 

  0x000001505853c7f8: ;   {metadata('java/lang/Exception')}
  0x000001505853c7f8: 49b8 a83b | 0400 0800 | 0000 4d3b 

  0x000001505853c804: ;   {metadata('java/security/PrivilegedActionException')}
  0x000001505853c804: d074 1749 | ba60 3224 | 0008 0000 | 004d 3bda | 741e 488b | d0e9 21ff | ffff 488b | e8ba 9100 
  0x000001505853c824: ;   {runtime_call UncommonTrapBlob}
  0x000001505853c824: 0000 90e8 

  0x000001505853c828: ; ImmutableOopMap {rbp=Oop [0]=Oop }
                      ;*new {reexecute=0 rethrow=0 return_oop=0}
                      ; - java.security.AccessController::wrapException@0
                      ; - java.security.AccessController::doPrivileged@22
                      ; - java.net.URLClassLoader::findClass@13
  0x000001505853c828: d47d 91ff 

  0x000001505853c82c: ;   {other}
  0x000001505853c82c: 0f1f 8400 | 1c04 0006 | 488b e8ba | adff ffff 

  0x000001505853c83c: ;   {runtime_call UncommonTrapBlob}
  0x000001505853c83c: 6666 90e8 

  0x000001505853c840: ; ImmutableOopMap {rbp=Oop }
                      ;*invokevirtual getException {reexecute=0 rethrow=0 return_oop=0}
                      ; - java.net.URLClassLoader::findClass@25
  0x000001505853c840: bc7d 91ff 

  0x000001505853c844: ;   {other}
  0x000001505853c844: 0f1f 8400 | 3404 0007 

  0x000001505853c84c: ;   {internal_word}
  0x000001505853c84c: 49ba cbc6 | 5358 5001 | 0000 4d89 | 9768 0400 

  0x000001505853c85c: ;   {runtime_call SafepointBlob}
  0x000001505853c85c: 00e9 9e8e 

  0x000001505853c860: ;   {runtime_call StubRoutines (final stubs)}
  0x000001505853c860: 91ff e8f9 | d28f ffe9 | aefd ffff | f4f4 f4f4 
[Stub Code]
  0x000001505853c870: ;   {no_reloc}
  0x000001505853c870: 48bb 10ca | 7975 5001 

  0x000001505853c878: ;   {runtime_call I2C/C2I adapters}
  0x000001505853c878: 0000 e9e4 

  0x000001505853c87c: ;   {static_stub}
  0x000001505853c87c: 6b91 ff48 | bb00 0000 | 0000 0000 

  0x000001505853c888: ;   {runtime_call}
  0x000001505853c888: 00e9 fbff 

  0x000001505853c88c: ;   {static_stub}
  0x000001505853c88c: ffff 48bb | 0000 0000 | 0000 0000 

  0x000001505853c898: ;   {runtime_call}
  0x000001505853c898: e9fb ffff 

  0x000001505853c89c: ;   {runtime_call ExceptionBlob}
  0x000001505853c89c: ffe9 de5e | 94ff e800 | 0000 0048 | 832c 2405 

  0x000001505853c8ac: ;   {runtime_call DeoptimizationBlob}
  0x000001505853c8ac: e9ef 8091 | fff4 f4f4 | f4f4 f4f4 
[/MachCode]


---------------  P R O C E S S  ---------------

Threads class SMR info:
_java_thread_list=0x0000015012394160, length=88, elements={
0x0000015042dd2600, 0x00000150749fe490, 0x00000150749feef0, 0x00000150749ffa50,
0x0000015074a004b0, 0x00000150749deba0, 0x00000150749df600, 0x00000150749e0390,
0x00000150749e2970, 0x0000015074ae23b0, 0x0000015079048300, 0x000001507989ebc0,
0x000001507abc3bc0, 0x000001507abb69b0, 0x000001507a0d9060, 0x00000150798e6190,
0x0000015079b679e0, 0x0000015079b68420, 0x000001507ab6d780, 0x000001507ab6bd40,
0x000001507ab6c3d0, 0x000001507ab6de10, 0x000001507ab6b6b0, 0x000001507ab6d0f0,
0x000001507ab6ca60, 0x000001507ab6eb30, 0x00000150792e5b10, 0x00000150792ea340,
0x00000150792e4760, 0x00000150792e6830, 0x00000150792e3a40, 0x00000150792e7be0,
0x00000150792e6ec0, 0x00000150792e5480, 0x00000150792e7550, 0x00000150792e8270,
0x00000150792ea9d0, 0x00000150792eb060, 0x00000150792e40d0, 0x0000015079e4b4a0,
0x0000015079e51da0, 0x0000015079e4cee0, 0x0000015079e4ae10, 0x0000015079e52430,
0x0000015079e4d570, 0x0000015079e4bb30, 0x0000015079e4c1c0, 0x0000015079e4e290,
0x0000015079e4e920, 0x0000015079e4efb0, 0x0000015079e4f640, 0x0000015079e4fcd0,
0x00000150792e9620, 0x000001507dd051b0, 0x000001507dd07280, 0x000001507dd07910,
0x000001507dd07fa0, 0x000001507dd08630, 0x000001507dd099e0, 0x000001507dd05840,
0x000001507dd08cc0, 0x000001507dd05ed0, 0x000001507dd04b20, 0x000001507dd04490,
0x000001507dd03e00, 0x000001507ddbcd70, 0x000001507ddb98f0, 0x000001507ddba610,
0x000001507ddbb9c0, 0x000001507ddbc050, 0x000001507ddbc6e0, 0x000001507ddb9f80,
0x000001507ddbaca0, 0x000001507ddbb330, 0x000001507e366b20, 0x000001507e366490,
0x000001507e3671b0, 0x000001507e365e00, 0x000001507e368bf0, 0x000001507e367ed0,
0x000001507e368560, 0x000001507e369fa0, 0x00000150017ae840, 0x000001501268f9d0,
0x0000015013fd5190, 0x0000015013fd6540, 0x0000015013fcfc40, 0x00000150123715f0
}

Java Threads: ( => current thread )
  0x0000015042dd2600 JavaThread "main"                              [_thread_blocked, id=13628, stack(0x0000003afb300000,0x0000003afb400000) (1024K)]
  0x00000150749fe490 JavaThread "Reference Handler"          daemon [_thread_blocked, id=17656, stack(0x0000003afbb00000,0x0000003afbc00000) (1024K)]
  0x00000150749feef0 JavaThread "Finalizer"                  daemon [_thread_blocked, id=21192, stack(0x0000003afbc00000,0x0000003afbd00000) (1024K)]
  0x00000150749ffa50 JavaThread "Signal Dispatcher"          daemon [_thread_blocked, id=21320, stack(0x0000003afbd00000,0x0000003afbe00000) (1024K)]
  0x0000015074a004b0 JavaThread "Attach Listener"            daemon [_thread_blocked, id=21152, stack(0x0000003afbe00000,0x0000003afbf00000) (1024K)]
  0x00000150749deba0 JavaThread "Service Thread"             daemon [_thread_blocked, id=21176, stack(0x0000003afbf00000,0x0000003afc000000) (1024K)]
  0x00000150749df600 JavaThread "Monitor Deflation Thread"   daemon [_thread_blocked, id=20440, stack(0x0000003afc000000,0x0000003afc100000) (1024K)]
  0x00000150749e0390 JavaThread "C2 CompilerThread0"         daemon [_thread_blocked, id=6324, stack(0x0000003afc100000,0x0000003afc200000) (1024K)]
  0x00000150749e2970 JavaThread "C1 CompilerThread0"         daemon [_thread_blocked, id=21100, stack(0x0000003afc200000,0x0000003afc300000) (1024K)]
  0x0000015074ae23b0 JavaThread "Common-Cleaner"             daemon [_thread_blocked, id=20488, stack(0x0000003afc300000,0x0000003afc400000) (1024K)]
  0x0000015079048300 JavaThread "Notification Thread"        daemon [_thread_blocked, id=14080, stack(0x0000003afc400000,0x0000003afc500000) (1024K)]
  0x000001507989ebc0 JavaThread "Daemon health stats"               [_thread_blocked, id=13712, stack(0x0000003afc800000,0x0000003afc900000) (1024K)]
  0x000001507abc3bc0 JavaThread "Incoming local TCP Connector on port 60057"        [_thread_in_native, id=16816, stack(0x0000003afc900000,0x0000003afca00000) (1024K)]
  0x000001507abb69b0 JavaThread "Daemon periodic checks"            [_thread_blocked, id=21208, stack(0x0000003afca00000,0x0000003afcb00000) (1024K)]
  0x000001507a0d9060 JavaThread "Daemon"                            [_thread_blocked, id=20784, stack(0x0000003afcb00000,0x0000003afcc00000) (1024K)]
  0x00000150798e6190 JavaThread "Handler for socket connection from /127.0.0.1:60057 to /127.0.0.1:61664"        [_thread_in_native, id=21196, stack(0x0000003afcc00000,0x0000003afcd00000) (1024K)]
  0x0000015079b679e0 JavaThread "Cancel handler"                    [_thread_blocked, id=21028, stack(0x0000003afcd00000,0x0000003afce00000) (1024K)]
=>0x0000015079b68420 JavaThread "Daemon worker"                     [_thread_in_vm, id=20820, stack(0x0000003afce00000,0x0000003afcf00000) (1024K)]
  0x000001507ab6d780 JavaThread "Asynchronous log dispatcher for DefaultDaemonConnection: socket connection from /127.0.0.1:60057 to /127.0.0.1:61664"        [_thread_blocked, id=20588, stack(0x0000003afcf00000,0x0000003afd000000) (1024K)]
  0x000001507ab6bd40 JavaThread "Stdin handler"                     [_thread_blocked, id=14860, stack(0x0000003afd000000,0x0000003afd100000) (1024K)]
  0x000001507ab6c3d0 JavaThread "Daemon client event forwarder"        [_thread_blocked, id=21004, stack(0x0000003afd100000,0x0000003afd200000) (1024K)]
  0x000001507ab6de10 JavaThread "Cache worker for journal cache (C:\Users\WinOS\.gradle\caches\journal-1)"        [_thread_blocked, id=20296, stack(0x0000003afd200000,0x0000003afd300000) (1024K)]
  0x000001507ab6b6b0 JavaThread "File lock request listener"        [_thread_in_native, id=4416, stack(0x0000003afd300000,0x0000003afd400000) (1024K)]
  0x000001507ab6d0f0 JavaThread "Cache worker for file hash cache (C:\Users\WinOS\.gradle\caches\8.14\fileHashes)"        [_thread_blocked, id=4928, stack(0x0000003afd400000,0x0000003afd500000) (1024K)]
  0x000001507ab6ca60 JavaThread "Cache worker for file hash cache (C:\Users\WinOS\final year\navguide\android\.gradle\8.14\fileHashes)"        [_thread_blocked, id=21156, stack(0x0000003afd500000,0x0000003afd600000) (1024K)]
  0x000001507ab6eb30 JavaThread "Cache worker for Build Output Cleanup Cache (C:\Users\WinOS\final year\navguide\android\.gradle\buildOutputCleanup)"        [_thread_blocked, id=17736, stack(0x0000003afd600000,0x0000003afd700000) (1024K)]
  0x00000150792e5b10 JavaThread "File watcher server"        daemon [_thread_in_native, id=13076, stack(0x0000003afd700000,0x0000003afd800000) (1024K)]
  0x00000150792ea340 JavaThread "File watcher consumer"      daemon [_thread_blocked, id=21420, stack(0x0000003afd800000,0x0000003afd900000) (1024K)]
  0x00000150792e4760 JavaThread "jar transforms"                    [_thread_blocked, id=20944, stack(0x0000003afda00000,0x0000003afdb00000) (1024K)]
  0x00000150792e6830 JavaThread "jar transforms Thread 2"           [_thread_blocked, id=20432, stack(0x0000003afdb00000,0x0000003afdc00000) (1024K)]
  0x00000150792e3a40 JavaThread "jar transforms Thread 3"           [_thread_blocked, id=18700, stack(0x0000003afdc00000,0x0000003afdd00000) (1024K)]
  0x00000150792e7be0 JavaThread "jar transforms Thread 4"           [_thread_blocked, id=16640, stack(0x0000003afdd00000,0x0000003afde00000) (1024K)]
  0x00000150792e6ec0 JavaThread "Cache worker for checksums cache (C:\Users\WinOS\final year\navguide\android\.gradle\8.14\checksums)"        [_thread_blocked, id=19412, stack(0x0000003afdf00000,0x0000003afe000000) (1024K)]
  0x00000150792e5480 JavaThread "Cache worker for file content cache (C:\Users\WinOS\.gradle\caches\8.14\fileContent)"        [_thread_blocked, id=17896, stack(0x0000003afe000000,0x0000003afe100000) (1024K)]
  0x00000150792e7550 JavaThread "Cache worker for cache directory md-supplier (C:\Users\WinOS\.gradle\caches\8.14\md-supplier)"        [_thread_blocked, id=21500, stack(0x0000003afde00000,0x0000003afdf00000) (1024K)]
  0x00000150792e8270 JavaThread "Cache worker for cache directory md-rule (C:\Users\WinOS\.gradle\caches\8.14\md-rule)"        [_thread_blocked, id=18552, stack(0x0000003afe100000,0x0000003afe200000) (1024K)]
  0x00000150792ea9d0 JavaThread "Unconstrained build operations"        [_thread_blocked, id=13964, stack(0x0000003afe200000,0x0000003afe300000) (1024K)]
  0x00000150792eb060 JavaThread "Unconstrained build operations Thread 2"        [_thread_blocked, id=18768, stack(0x0000003afe300000,0x0000003afe400000) (1024K)]
  0x00000150792e40d0 JavaThread "Unconstrained build operations Thread 3"        [_thread_blocked, id=7960, stack(0x0000003afe400000,0x0000003afe500000) (1024K)]
  0x0000015079e4b4a0 JavaThread "Unconstrained build operations Thread 4"        [_thread_blocked, id=20804, stack(0x0000003afe500000,0x0000003afe600000) (1024K)]
  0x0000015079e51da0 JavaThread "Unconstrained build operations Thread 5"        [_thread_blocked, id=14572, stack(0x0000003afb100000,0x0000003afb200000) (1024K)]
  0x0000015079e4cee0 JavaThread "Unconstrained build operations Thread 6"        [_thread_blocked, id=2788, stack(0x0000003afb200000,0x0000003afb300000) (1024K)]
  0x0000015079e4ae10 JavaThread "Unconstrained build operations Thread 7"        [_thread_blocked, id=15980, stack(0x0000003afe600000,0x0000003afe700000) (1024K)]
  0x0000015079e52430 JavaThread "Unconstrained build operations Thread 8"        [_thread_blocked, id=15780, stack(0x0000003afe700000,0x0000003afe800000) (1024K)]
  0x0000015079e4d570 JavaThread "Unconstrained build operations Thread 9"        [_thread_blocked, id=21036, stack(0x0000003afe800000,0x0000003afe900000) (1024K)]
  0x0000015079e4bb30 JavaThread "Unconstrained build operations Thread 10"        [_thread_blocked, id=14756, stack(0x0000003afe900000,0x0000003afea00000) (1024K)]
  0x0000015079e4c1c0 JavaThread "Cache worker for Build Output Cleanup Cache (C:\Users\WinOS\dev\flutter\packages\flutter_tools\gradle\.gradle\buildOutputCleanup)"        [_thread_blocked, id=21408, stack(0x0000003afea00000,0x0000003afeb00000) (1024K)]
  0x0000015079e4e290 JavaThread "Unconstrained build operations Thread 11"        [_thread_blocked, id=13064, stack(0x0000003afeb00000,0x0000003afec00000) (1024K)]
  0x0000015079e4e920 JavaThread "Unconstrained build operations Thread 12"        [_thread_blocked, id=6692, stack(0x0000003afec00000,0x0000003afed00000) (1024K)]
  0x0000015079e4efb0 JavaThread "Unconstrained build operations Thread 13"        [_thread_blocked, id=21064, stack(0x0000003afed00000,0x0000003afee00000) (1024K)]
  0x0000015079e4f640 JavaThread "Unconstrained build operations Thread 14"        [_thread_blocked, id=19200, stack(0x0000003afee00000,0x0000003afef00000) (1024K)]
  0x0000015079e4fcd0 JavaThread "Unconstrained build operations Thread 15"        [_thread_blocked, id=21216, stack(0x0000003afef00000,0x0000003aff000000) (1024K)]
  0x00000150792e9620 JavaThread "Unconstrained build operations Thread 16"        [_thread_blocked, id=13372, stack(0x0000003aff000000,0x0000003aff100000) (1024K)]
  0x000001507dd051b0 JavaThread "Unconstrained build operations Thread 17"        [_thread_blocked, id=12724, stack(0x0000003aff100000,0x0000003aff200000) (1024K)]
  0x000001507dd07280 JavaThread "Unconstrained build operations Thread 18"        [_thread_blocked, id=12260, stack(0x0000003aff200000,0x0000003aff300000) (1024K)]
  0x000001507dd07910 JavaThread "Unconstrained build operations Thread 19"        [_thread_blocked, id=3716, stack(0x0000003aff300000,0x0000003aff400000) (1024K)]
  0x000001507dd07fa0 JavaThread "Unconstrained build operations Thread 20"        [_thread_blocked, id=10948, stack(0x0000003aff400000,0x0000003aff500000) (1024K)]
  0x000001507dd08630 JavaThread "Unconstrained build operations Thread 21"        [_thread_blocked, id=12340, stack(0x0000003aff500000,0x0000003aff600000) (1024K)]
  0x000001507dd099e0 JavaThread "Unconstrained build operations Thread 22"        [_thread_blocked, id=21128, stack(0x0000003aff600000,0x0000003aff700000) (1024K)]
  0x000001507dd05840 JavaThread "Unconstrained build operations Thread 23"        [_thread_blocked, id=11020, stack(0x0000003aff700000,0x0000003aff800000) (1024K)]
  0x000001507dd08cc0 JavaThread "Unconstrained build operations Thread 24"        [_thread_blocked, id=20668, stack(0x0000003aff800000,0x0000003aff900000) (1024K)]
  0x000001507dd05ed0 JavaThread "Memory manager"                    [_thread_blocked, id=19872, stack(0x0000003aff900000,0x0000003affa00000) (1024K)]
  0x000001507dd04b20 JavaThread "Execution worker"                  [_thread_blocked, id=18312, stack(0x0000003affb00000,0x0000003affc00000) (1024K)]
  0x000001507dd04490 JavaThread "Execution worker Thread 2"         [_thread_blocked, id=3392, stack(0x0000003affc00000,0x0000003affd00000) (1024K)]
  0x000001507dd03e00 JavaThread "Execution worker Thread 3"         [_thread_blocked, id=16692, stack(0x0000003affd00000,0x0000003affe00000) (1024K)]
  0x000001507ddbcd70 JavaThread "Cache worker for execution history cache (C:\Users\WinOS\dev\flutter\packages\flutter_tools\gradle\.gradle\8.14\executionHistory)"        [_thread_blocked, id=20864, stack(0x0000003affe00000,0x0000003afff00000) (1024K)]
  0x000001507ddb98f0 JavaThread "Unconstrained build operations Thread 25"        [_thread_blocked, id=20484, stack(0x0000003a80000000,0x0000003a80100000) (1024K)]
  0x000001507ddba610 JavaThread "Unconstrained build operations Thread 26"        [_thread_blocked, id=6228, stack(0x0000003a80100000,0x0000003a80200000) (1024K)]
  0x000001507ddbb9c0 JavaThread "Unconstrained build operations Thread 27"        [_thread_blocked, id=18264, stack(0x0000003a80200000,0x0000003a80300000) (1024K)]
  0x000001507ddbc050 JavaThread "Unconstrained build operations Thread 28"        [_thread_blocked, id=19152, stack(0x0000003a80300000,0x0000003a80400000) (1024K)]
  0x000001507ddbc6e0 JavaThread "Unconstrained build operations Thread 29"        [_thread_blocked, id=17740, stack(0x0000003a80400000,0x0000003a80500000) (1024K)]
  0x000001507ddb9f80 JavaThread "Unconstrained build operations Thread 30"        [_thread_blocked, id=8628, stack(0x0000003a80500000,0x0000003a80600000) (1024K)]
  0x000001507ddbaca0 JavaThread "Unconstrained build operations Thread 31"        [_thread_blocked, id=20380, stack(0x0000003a80600000,0x0000003a80700000) (1024K)]
  0x000001507ddbb330 JavaThread "Unconstrained build operations Thread 32"        [_thread_blocked, id=7924, stack(0x0000003a80700000,0x0000003a80800000) (1024K)]
  0x000001507e366b20 JavaThread "Unconstrained build operations Thread 33"        [_thread_blocked, id=16876, stack(0x0000003a80800000,0x0000003a80900000) (1024K)]
  0x000001507e366490 JavaThread "Unconstrained build operations Thread 34"        [_thread_blocked, id=16940, stack(0x0000003a80900000,0x0000003a80a00000) (1024K)]
  0x000001507e3671b0 JavaThread "Unconstrained build operations Thread 35"        [_thread_blocked, id=10800, stack(0x0000003a80a00000,0x0000003a80b00000) (1024K)]
  0x000001507e365e00 JavaThread "Unconstrained build operations Thread 36"        [_thread_blocked, id=5560, stack(0x0000003a80b00000,0x0000003a80c00000) (1024K)]
  0x000001507e368bf0 JavaThread "Unconstrained build operations Thread 37"        [_thread_blocked, id=16044, stack(0x0000003a80c00000,0x0000003a80d00000) (1024K)]
  0x000001507e367ed0 JavaThread "Unconstrained build operations Thread 38"        [_thread_blocked, id=8796, stack(0x0000003a80d00000,0x0000003a80e00000) (1024K)]
  0x000001507e368560 JavaThread "Unconstrained build operations Thread 39"        [_thread_blocked, id=16432, stack(0x0000003a80e00000,0x0000003a80f00000) (1024K)]
  0x000001507e369fa0 JavaThread "Unconstrained build operations Thread 40"        [_thread_blocked, id=11356, stack(0x0000003a80f00000,0x0000003a81000000) (1024K)]
  0x00000150017ae840 JavaThread "Problems report writer"            [_thread_blocked, id=18680, stack(0x0000003a81100000,0x0000003a81200000) (1024K)]
  0x000001501268f9d0 JavaThread "Kotlin DSL Writer"                 [_thread_blocked, id=19024, stack(0x0000003a81000000,0x0000003a81100000) (1024K)]
  0x0000015013fd5190 JavaThread "pool-3-thread-1"                   [_thread_blocked, id=18832, stack(0x0000003a81300000,0x0000003a81400000) (1024K)]
  0x0000015013fd6540 JavaThread "Cache worker for execution history cache (C:\Users\WinOS\final year\navguide\android\.gradle\8.14\executionHistory)"        [_thread_blocked, id=6000, stack(0x0000003a81600000,0x0000003a81700000) (1024K)]
  0x0000015013fcfc40 JavaThread "idea-tooling-model-converter"        [_thread_blocked, id=992, stack(0x0000003a81700000,0x0000003a81800000) (1024K)]
  0x00000150123715f0 JavaThread "File lock release action executor Thread 13"        [_thread_blocked, id=11392, stack(0x0000003a81400000,0x0000003a81500000) (1024K)]
Total: 88

Other Threads:
  0x0000015074990060 VMThread "VM Thread"                           [id=13164, stack(0x0000003afba00000,0x0000003afbb00000) (1024K)]
  0x000001507469ed70 WatcherThread "VM Periodic Task Thread"        [id=19176, stack(0x0000003afb900000,0x0000003afba00000) (1024K)]
  0x0000015045032180 WorkerThread "GC Thread#0"                     [id=8000, stack(0x0000003afb400000,0x0000003afb500000) (1024K)]
  0x000001507904b7d0 WorkerThread "GC Thread#1"                     [id=21124, stack(0x0000003afc500000,0x0000003afc600000) (1024K)]
  0x000001507904bb70 WorkerThread "GC Thread#2"                     [id=21136, stack(0x0000003afc600000,0x0000003afc700000) (1024K)]
  0x0000015079a03a20 WorkerThread "GC Thread#3"                     [id=20504, stack(0x0000003afc700000,0x0000003afc800000) (1024K)]
  0x0000015045043000 ConcurrentGCThread "G1 Main Marker"            [id=20280, stack(0x0000003afb500000,0x0000003afb600000) (1024K)]
  0x0000015045044320 WorkerThread "G1 Conc#0"                       [id=13032, stack(0x0000003afb600000,0x0000003afb700000) (1024K)]
  0x0000015074572020 ConcurrentGCThread "G1 Refine#0"               [id=15652, stack(0x0000003afb700000,0x0000003afb800000) (1024K)]
  0x0000015074572840 ConcurrentGCThread "G1 Service"                [id=8372, stack(0x0000003afb800000,0x0000003afb900000) (1024K)]
Total: 10

Threads with active compile tasks:
Total: 0

VM state: not at safepoint (normal execution)

VM Mutex/Monitor currently owned by a thread:  ([mutex/lock_event])
[0x00007ffd3720fec8] Metaspace_lock - owner thread: 0x0000015079b68420

Heap address: 0x0000000600000000, size: 8192 MB, Compressed Oops mode: Zero based, Oop shift amount: 3

CDS archive(s) not mapped
Compressed class space mapped at: 0x0000000800000000-0x0000000840000000, reserved size: 1073741824
Narrow klass base: 0x0000000800000000, Narrow klass shift: 0, Narrow klass range: 0x40000000

GC Precious Log:
 CardTable entry size: 512
 Card Set container configuration: InlinePtr #cards 4 size 8 Array Of Cards #cards 32 size 80 Howl #buckets 8 coarsen threshold 7372 Howl Bitmap #cards 1024 size 144 coarsen threshold 921 Card regions per heap region 1 cards per card region 8192
 CPUs: 4 total, 4 available
 Memory: 8100M
 Large Page Support: Disabled
 NUMA Support: Disabled
 Compressed Oops: Enabled (Zero based)
 Heap Region Size: 4M
 Heap Min Capacity: 8M
 Heap Initial Capacity: 128M
 Heap Max Capacity: 8G
 Pre-touch: Disabled
 Parallel Workers: 4
 Concurrent Workers: 1
 Concurrent Refinement Workers: 4
 Periodic GC: Disabled

Heap:
 garbage-first heap   total 3772416K, used 736128K [0x0000000600000000, 0x0000000800000000)
  region size 4096K, 22 young (90112K), 2 survivors (8192K)
 Metaspace       used 228916K, committed 232192K, reserved 1310720K
  class space    used 28497K, committed 30080K, reserved 1048576K

Heap Regions: E=young(eden), S=young(survivor), O=old, HS=humongous(starts), HC=humongous(continues), CS=collection set, F=free, TAMS=top-at-mark-start, PB=parsable bottom
|   0|0x0000000600000000, 0x0000000600400000, 0x0000000600400000|100%|HS|  |TAMS 0x0000000600000000| PB 0x0000000600000000| Complete 
|   1|0x0000000600400000, 0x0000000600800000, 0x0000000600800000|100%| O|  |TAMS 0x0000000600400000| PB 0x0000000600400000| Untracked 
|   2|0x0000000600800000, 0x0000000600c00000, 0x0000000600c00000|100%| O|  |TAMS 0x0000000600800000| PB 0x0000000600800000| Untracked 
|   3|0x0000000600c00000, 0x0000000601000000, 0x0000000601000000|100%| O|  |TAMS 0x0000000600c00000| PB 0x0000000600c00000| Untracked 
|   4|0x0000000601000000, 0x0000000601400000, 0x0000000601400000|100%|HS|  |TAMS 0x0000000601000000| PB 0x0000000601000000| Complete 
|   5|0x0000000601400000, 0x0000000601800000, 0x0000000601800000|100%| O|  |TAMS 0x0000000601400000| PB 0x0000000601400000| Untracked 
|   6|0x0000000601800000, 0x0000000601c00000, 0x0000000601c00000|100%| O|  |TAMS 0x0000000601800000| PB 0x0000000601800000| Untracked 
|   7|0x0000000601c00000, 0x0000000602000000, 0x0000000602000000|100%|HS|  |TAMS 0x0000000601c00000| PB 0x0000000601c00000| Complete 
|   8|0x0000000602000000, 0x0000000602400000, 0x0000000602400000|100%|HC|  |TAMS 0x0000000602000000| PB 0x0000000602000000| Complete 
|   9|0x0000000602400000, 0x0000000602800000, 0x0000000602800000|100%| O|  |TAMS 0x0000000602400000| PB 0x0000000602400000| Untracked 
|  10|0x0000000602800000, 0x0000000602c00000, 0x0000000602c00000|100%| O|  |TAMS 0x0000000602800000| PB 0x0000000602800000| Untracked 
|  11|0x0000000602c00000, 0x0000000603000000, 0x0000000603000000|100%| O|  |TAMS 0x0000000602c00000| PB 0x0000000602c00000| Untracked 
|  12|0x0000000603000000, 0x0000000603400000, 0x0000000603400000|100%| O|  |TAMS 0x0000000603000000| PB 0x0000000603000000| Untracked 
|  13|0x0000000603400000, 0x0000000603800000, 0x0000000603800000|100%| O|  |TAMS 0x0000000603400000| PB 0x0000000603400000| Untracked 
|  14|0x0000000603800000, 0x0000000603c00000, 0x0000000603c00000|100%| O|  |TAMS 0x0000000603800000| PB 0x0000000603800000| Untracked 
|  15|0x0000000603c00000, 0x0000000604000000, 0x0000000604000000|100%| O|  |TAMS 0x0000000603c00000| PB 0x0000000603c00000| Untracked 
|  16|0x0000000604000000, 0x0000000604400000, 0x0000000604400000|100%| O|  |TAMS 0x0000000604000000| PB 0x0000000604000000| Untracked 
|  17|0x0000000604400000, 0x0000000604800000, 0x0000000604800000|100%| O|  |TAMS 0x0000000604400000| PB 0x0000000604400000| Untracked 
|  18|0x0000000604800000, 0x0000000604c00000, 0x0000000604c00000|100%| O|  |TAMS 0x0000000604800000| PB 0x0000000604800000| Untracked 
|  19|0x0000000604c00000, 0x0000000605000000, 0x0000000605000000|100%| O|  |TAMS 0x0000000604c00000| PB 0x0000000604c00000| Untracked 
|  20|0x0000000605000000, 0x0000000605400000, 0x0000000605400000|100%| O|  |TAMS 0x0000000605000000| PB 0x0000000605000000| Untracked 
|  21|0x0000000605400000, 0x0000000605800000, 0x0000000605800000|100%| O|  |TAMS 0x0000000605400000| PB 0x0000000605400000| Untracked 
|  22|0x0000000605800000, 0x0000000605c00000, 0x0000000605c00000|100%| O|  |TAMS 0x0000000605800000| PB 0x0000000605800000| Untracked 
|  23|0x0000000605c00000, 0x0000000606000000, 0x0000000606000000|100%| O|  |TAMS 0x0000000605c00000| PB 0x0000000605c00000| Untracked 
|  24|0x0000000606000000, 0x0000000606400000, 0x0000000606400000|100%| O|  |TAMS 0x0000000606000000| PB 0x0000000606000000| Untracked 
|  25|0x0000000606400000, 0x0000000606800000, 0x0000000606800000|100%| O|  |TAMS 0x0000000606400000| PB 0x0000000606400000| Untracked 
|  26|0x0000000606800000, 0x0000000606c00000, 0x0000000606c00000|100%| O|  |TAMS 0x0000000606800000| PB 0x0000000606800000| Untracked 
|  27|0x0000000606c00000, 0x0000000607000000, 0x0000000607000000|100%| O|  |TAMS 0x0000000606c00000| PB 0x0000000606c00000| Untracked 
|  28|0x0000000607000000, 0x0000000607400000, 0x0000000607400000|100%| O|  |TAMS 0x0000000607000000| PB 0x0000000607000000| Untracked 
|  29|0x0000000607400000, 0x0000000607800000, 0x0000000607800000|100%| O|  |TAMS 0x0000000607400000| PB 0x0000000607400000| Untracked 
|  30|0x0000000607800000, 0x0000000607c00000, 0x0000000607c00000|100%| O|  |TAMS 0x0000000607800000| PB 0x0000000607800000| Untracked 
|  31|0x0000000607c00000, 0x0000000608000000, 0x0000000608000000|100%| O|  |TAMS 0x0000000607c00000| PB 0x0000000607c00000| Untracked 
|  32|0x0000000608000000, 0x0000000608400000, 0x0000000608400000|100%| O|  |TAMS 0x0000000608000000| PB 0x0000000608000000| Untracked 
|  33|0x0000000608400000, 0x0000000608800000, 0x0000000608800000|100%| O|  |TAMS 0x0000000608400000| PB 0x0000000608400000| Untracked 
|  34|0x0000000608800000, 0x0000000608c00000, 0x0000000608c00000|100%| O|  |TAMS 0x0000000608800000| PB 0x0000000608800000| Untracked 
|  35|0x0000000608c00000, 0x0000000609000000, 0x0000000609000000|100%| O|  |TAMS 0x0000000608c00000| PB 0x0000000608c00000| Untracked 
|  36|0x0000000609000000, 0x0000000609400000, 0x0000000609400000|100%| O|  |TAMS 0x0000000609000000| PB 0x0000000609000000| Untracked 
|  37|0x0000000609400000, 0x0000000609800000, 0x0000000609800000|100%| O|  |TAMS 0x0000000609400000| PB 0x0000000609400000| Untracked 
|  38|0x0000000609800000, 0x0000000609c00000, 0x0000000609c00000|100%| O|  |TAMS 0x0000000609800000| PB 0x0000000609800000| Untracked 
|  39|0x0000000609c00000, 0x000000060a000000, 0x000000060a000000|100%| O|  |TAMS 0x0000000609c00000| PB 0x0000000609c00000| Untracked 
|  40|0x000000060a000000, 0x000000060a400000, 0x000000060a400000|100%| O|  |TAMS 0x000000060a000000| PB 0x000000060a000000| Untracked 
|  41|0x000000060a400000, 0x000000060a800000, 0x000000060a800000|100%| O|  |TAMS 0x000000060a400000| PB 0x000000060a400000| Untracked 
|  42|0x000000060a800000, 0x000000060ac00000, 0x000000060ac00000|100%|HS|  |TAMS 0x000000060a800000| PB 0x000000060a800000| Complete 
|  43|0x000000060ac00000, 0x000000060b000000, 0x000000060b000000|100%|HC|  |TAMS 0x000000060ac00000| PB 0x000000060ac00000| Complete 
|  44|0x000000060b000000, 0x000000060b400000, 0x000000060b400000|100%| O|  |TAMS 0x000000060b000000| PB 0x000000060b000000| Untracked 
|  45|0x000000060b400000, 0x000000060b800000, 0x000000060b800000|100%| O|  |TAMS 0x000000060b400000| PB 0x000000060b400000| Untracked 
|  46|0x000000060b800000, 0x000000060bc00000, 0x000000060bc00000|100%| O|  |TAMS 0x000000060b800000| PB 0x000000060b800000| Untracked 
|  47|0x000000060bc00000, 0x000000060c000000, 0x000000060c000000|100%| O|  |TAMS 0x000000060bc00000| PB 0x000000060bc00000| Untracked 
|  48|0x000000060c000000, 0x000000060c400000, 0x000000060c400000|100%| O|  |TAMS 0x000000060c000000| PB 0x000000060c000000| Untracked 
|  49|0x000000060c400000, 0x000000060c800000, 0x000000060c800000|100%| O|  |TAMS 0x000000060c400000| PB 0x000000060c400000| Untracked 
|  50|0x000000060c800000, 0x000000060cc00000, 0x000000060cc00000|100%|HS|  |TAMS 0x000000060c800000| PB 0x000000060c800000| Complete 
|  51|0x000000060cc00000, 0x000000060d000000, 0x000000060d000000|100%|HC|  |TAMS 0x000000060cc00000| PB 0x000000060cc00000| Complete 
|  52|0x000000060d000000, 0x000000060d400000, 0x000000060d400000|100%| O|  |TAMS 0x000000060d000000| PB 0x000000060d000000| Untracked 
|  53|0x000000060d400000, 0x000000060d800000, 0x000000060d800000|100%| O|  |TAMS 0x000000060d400000| PB 0x000000060d400000| Untracked 
|  54|0x000000060d800000, 0x000000060dc00000, 0x000000060dc00000|100%| O|  |TAMS 0x000000060d800000| PB 0x000000060d800000| Untracked 
|  55|0x000000060dc00000, 0x000000060e000000, 0x000000060e000000|100%| O|  |TAMS 0x000000060dc00000| PB 0x000000060dc00000| Untracked 
|  56|0x000000060e000000, 0x000000060e400000, 0x000000060e400000|100%| O|  |TAMS 0x000000060e000000| PB 0x000000060e000000| Untracked 
|  57|0x000000060e400000, 0x000000060e800000, 0x000000060e800000|100%| O|  |TAMS 0x000000060e400000| PB 0x000000060e400000| Untracked 
|  58|0x000000060e800000, 0x000000060ec00000, 0x000000060ec00000|100%| O|  |TAMS 0x000000060e800000| PB 0x000000060e800000| Untracked 
|  59|0x000000060ec00000, 0x000000060f000000, 0x000000060f000000|100%| O|  |TAMS 0x000000060ec00000| PB 0x000000060ec00000| Untracked 
|  60|0x000000060f000000, 0x000000060f400000, 0x000000060f400000|100%| O|  |TAMS 0x000000060f000000| PB 0x000000060f000000| Untracked 
|  61|0x000000060f400000, 0x000000060f800000, 0x000000060f800000|100%| O|  |TAMS 0x000000060f400000| PB 0x000000060f400000| Untracked 
|  62|0x000000060f800000, 0x000000060fc00000, 0x000000060fc00000|100%| O|  |TAMS 0x000000060f800000| PB 0x000000060f800000| Untracked 
|  63|0x000000060fc00000, 0x0000000610000000, 0x0000000610000000|100%| O|  |TAMS 0x000000060fc00000| PB 0x000000060fc00000| Untracked 
|  64|0x0000000610000000, 0x0000000610400000, 0x0000000610400000|100%| O|  |TAMS 0x0000000610000000| PB 0x0000000610000000| Untracked 
|  65|0x0000000610400000, 0x0000000610800000, 0x0000000610800000|100%| O|  |TAMS 0x0000000610400000| PB 0x0000000610400000| Untracked 
|  66|0x0000000610800000, 0x0000000610c00000, 0x0000000610c00000|100%| O|  |TAMS 0x0000000610800000| PB 0x0000000610800000| Untracked 
|  67|0x0000000610c00000, 0x0000000611000000, 0x0000000611000000|100%| O|  |TAMS 0x0000000610c00000| PB 0x0000000610c00000| Untracked 
|  68|0x0000000611000000, 0x0000000611400000, 0x0000000611400000|100%| O|  |TAMS 0x0000000611000000| PB 0x0000000611000000| Untracked 
|  69|0x0000000611400000, 0x0000000611800000, 0x0000000611800000|100%| O|  |TAMS 0x0000000611400000| PB 0x0000000611400000| Untracked 
|  70|0x0000000611800000, 0x0000000611c00000, 0x0000000611c00000|100%| O|  |TAMS 0x0000000611800000| PB 0x0000000611800000| Untracked 
|  71|0x0000000611c00000, 0x0000000612000000, 0x0000000612000000|100%| O|  |TAMS 0x0000000611c00000| PB 0x0000000611c00000| Untracked 
|  72|0x0000000612000000, 0x0000000612400000, 0x0000000612400000|100%| O|  |TAMS 0x0000000612000000| PB 0x0000000612000000| Untracked 
|  73|0x0000000612400000, 0x0000000612800000, 0x0000000612800000|100%| O|  |TAMS 0x0000000612400000| PB 0x0000000612400000| Untracked 
|  74|0x0000000612800000, 0x0000000612c00000, 0x0000000612c00000|100%| O|  |TAMS 0x0000000612800000| PB 0x0000000612800000| Untracked 
|  75|0x0000000612c00000, 0x0000000613000000, 0x0000000613000000|100%| O|  |TAMS 0x0000000612c00000| PB 0x0000000612c00000| Untracked 
|  76|0x0000000613000000, 0x0000000613400000, 0x0000000613400000|100%| O|  |TAMS 0x0000000613000000| PB 0x0000000613000000| Untracked 
|  77|0x0000000613400000, 0x0000000613800000, 0x0000000613800000|100%| O|  |TAMS 0x0000000613400000| PB 0x0000000613400000| Untracked 
|  78|0x0000000613800000, 0x0000000613c00000, 0x0000000613c00000|100%| O|  |TAMS 0x0000000613800000| PB 0x0000000613800000| Untracked 
|  79|0x0000000613c00000, 0x0000000614000000, 0x0000000614000000|100%| O|  |TAMS 0x0000000613c00000| PB 0x0000000613c00000| Untracked 
|  80|0x0000000614000000, 0x0000000614400000, 0x0000000614400000|100%| O|  |TAMS 0x0000000614000000| PB 0x0000000614000000| Untracked 
|  81|0x0000000614400000, 0x0000000614800000, 0x0000000614800000|100%| O|  |TAMS 0x0000000614400000| PB 0x0000000614400000| Untracked 
|  82|0x0000000614800000, 0x0000000614c00000, 0x0000000614c00000|100%| O|  |TAMS 0x0000000614800000| PB 0x0000000614800000| Untracked 
|  83|0x0000000614c00000, 0x0000000615000000, 0x0000000615000000|100%| O|  |TAMS 0x0000000614c00000| PB 0x0000000614c00000| Untracked 
|  84|0x0000000615000000, 0x0000000615400000, 0x0000000615400000|100%| O|  |TAMS 0x0000000615000000| PB 0x0000000615000000| Untracked 
|  85|0x0000000615400000, 0x0000000615800000, 0x0000000615800000|100%| O|  |TAMS 0x0000000615400000| PB 0x0000000615400000| Untracked 
|  86|0x0000000615800000, 0x0000000615c00000, 0x0000000615c00000|100%| O|  |TAMS 0x0000000615800000| PB 0x0000000615800000| Untracked 
|  87|0x0000000615c00000, 0x0000000616000000, 0x0000000616000000|100%| O|  |TAMS 0x0000000615c00000| PB 0x0000000615c00000| Untracked 
|  88|0x0000000616000000, 0x0000000616400000, 0x0000000616400000|100%| O|  |TAMS 0x0000000616000000| PB 0x0000000616000000| Untracked 
|  89|0x0000000616400000, 0x0000000616800000, 0x0000000616800000|100%| O|  |TAMS 0x0000000616400000| PB 0x0000000616400000| Untracked 
|  90|0x0000000616800000, 0x0000000616c00000, 0x0000000616c00000|100%| O|  |TAMS 0x0000000616800000| PB 0x0000000616800000| Untracked 
|  91|0x0000000616c00000, 0x0000000617000000, 0x0000000617000000|100%| O|  |TAMS 0x0000000616c00000| PB 0x0000000616c00000| Untracked 
|  92|0x0000000617000000, 0x0000000617400000, 0x0000000617400000|100%| O|  |TAMS 0x0000000617000000| PB 0x0000000617000000| Untracked 
|  93|0x0000000617400000, 0x0000000617800000, 0x0000000617800000|100%| O|  |TAMS 0x0000000617400000| PB 0x0000000617400000| Untracked 
|  94|0x0000000617800000, 0x0000000617c00000, 0x0000000617c00000|100%|HS|  |TAMS 0x0000000617800000| PB 0x0000000617800000| Complete 
|  95|0x0000000617c00000, 0x0000000618000000, 0x0000000618000000|100%| O|  |TAMS 0x0000000617c00000| PB 0x0000000617c00000| Untracked 
|  96|0x0000000618000000, 0x0000000618400000, 0x0000000618400000|100%| O|  |TAMS 0x0000000618000000| PB 0x0000000618000000| Untracked 
|  97|0x0000000618400000, 0x0000000618800000, 0x0000000618800000|100%| O|  |TAMS 0x0000000618400000| PB 0x0000000618400000| Untracked 
|  98|0x0000000618800000, 0x0000000618c00000, 0x0000000618c00000|100%| O|  |TAMS 0x0000000618800000| PB 0x0000000618800000| Untracked 
|  99|0x0000000618c00000, 0x0000000619000000, 0x0000000619000000|100%| O|  |TAMS 0x0000000618c00000| PB 0x0000000618c00000| Untracked 
| 100|0x0000000619000000, 0x0000000619400000, 0x0000000619400000|100%| O|  |TAMS 0x0000000619000000| PB 0x0000000619000000| Untracked 
| 101|0x0000000619400000, 0x0000000619800000, 0x0000000619800000|100%| O|  |TAMS 0x0000000619400000| PB 0x0000000619400000| Untracked 
| 102|0x0000000619800000, 0x0000000619c00000, 0x0000000619c00000|100%| O|  |TAMS 0x0000000619800000| PB 0x0000000619800000| Untracked 
| 103|0x0000000619c00000, 0x000000061a000000, 0x000000061a000000|100%| O|  |TAMS 0x0000000619c00000| PB 0x0000000619c00000| Untracked 
| 104|0x000000061a000000, 0x000000061a400000, 0x000000061a400000|100%| O|  |TAMS 0x000000061a000000| PB 0x000000061a000000| Untracked 
| 105|0x000000061a400000, 0x000000061a800000, 0x000000061a800000|100%| O|  |TAMS 0x000000061a400000| PB 0x000000061a400000| Untracked 
| 106|0x000000061a800000, 0x000000061ac00000, 0x000000061ac00000|100%| O|  |TAMS 0x000000061a800000| PB 0x000000061a800000| Untracked 
| 107|0x000000061ac00000, 0x000000061b000000, 0x000000061b000000|100%| O|  |TAMS 0x000000061ac00000| PB 0x000000061ac00000| Untracked 
| 108|0x000000061b000000, 0x000000061b400000, 0x000000061b400000|100%| O|  |TAMS 0x000000061b000000| PB 0x000000061b000000| Untracked 
| 109|0x000000061b400000, 0x000000061b800000, 0x000000061b800000|100%| O|  |TAMS 0x000000061b400000| PB 0x000000061b400000| Untracked 
| 110|0x000000061b800000, 0x000000061bc00000, 0x000000061bc00000|100%| O|  |TAMS 0x000000061b800000| PB 0x000000061b800000| Untracked 
| 111|0x000000061bc00000, 0x000000061c000000, 0x000000061c000000|100%| O|  |TAMS 0x000000061bc00000| PB 0x000000061bc00000| Untracked 
| 112|0x000000061c000000, 0x000000061c400000, 0x000000061c400000|100%| O|  |TAMS 0x000000061c000000| PB 0x000000061c000000| Untracked 
| 113|0x000000061c400000, 0x000000061c800000, 0x000000061c800000|100%| O|  |TAMS 0x000000061c400000| PB 0x000000061c400000| Untracked 
| 114|0x000000061c800000, 0x000000061cc00000, 0x000000061cc00000|100%| O|  |TAMS 0x000000061c800000| PB 0x000000061c800000| Untracked 
| 115|0x000000061cc00000, 0x000000061d000000, 0x000000061d000000|100%| O|  |TAMS 0x000000061cc00000| PB 0x000000061cc00000| Untracked 
| 116|0x000000061d000000, 0x000000061d400000, 0x000000061d400000|100%| O|  |TAMS 0x000000061d000000| PB 0x000000061d000000| Untracked 
| 117|0x000000061d400000, 0x000000061d800000, 0x000000061d800000|100%| O|  |TAMS 0x000000061d400000| PB 0x000000061d400000| Untracked 
| 118|0x000000061d800000, 0x000000061dc00000, 0x000000061dc00000|100%| O|  |TAMS 0x000000061d800000| PB 0x000000061d800000| Untracked 
| 119|0x000000061dc00000, 0x000000061e000000, 0x000000061e000000|100%| O|  |TAMS 0x000000061dc00000| PB 0x000000061dc00000| Untracked 
| 120|0x000000061e000000, 0x000000061e400000, 0x000000061e400000|100%| O|  |TAMS 0x000000061e000000| PB 0x000000061e000000| Untracked 
| 121|0x000000061e400000, 0x000000061e800000, 0x000000061e800000|100%| O|  |TAMS 0x000000061e400000| PB 0x000000061e400000| Untracked 
| 122|0x000000061e800000, 0x000000061ec00000, 0x000000061ec00000|100%| O|  |TAMS 0x000000061e800000| PB 0x000000061e800000| Untracked 
| 123|0x000000061ec00000, 0x000000061f000000, 0x000000061f000000|100%| O|  |TAMS 0x000000061ec00000| PB 0x000000061ec00000| Untracked 
| 124|0x000000061f000000, 0x000000061f400000, 0x000000061f400000|100%| O|  |TAMS 0x000000061f000000| PB 0x000000061f000000| Untracked 
| 125|0x000000061f400000, 0x000000061f800000, 0x000000061f800000|100%| O|  |TAMS 0x000000061f400000| PB 0x000000061f400000| Untracked 
| 126|0x000000061f800000, 0x000000061fc00000, 0x000000061fc00000|100%| O|  |TAMS 0x000000061f800000| PB 0x000000061f800000| Untracked 
| 127|0x000000061fc00000, 0x0000000620000000, 0x0000000620000000|100%| O|  |TAMS 0x000000061fc00000| PB 0x000000061fc00000| Untracked 
| 128|0x0000000620000000, 0x0000000620400000, 0x0000000620400000|100%| O|  |TAMS 0x0000000620000000| PB 0x0000000620000000| Untracked 
| 129|0x0000000620400000, 0x0000000620800000, 0x0000000620800000|100%| O|  |TAMS 0x0000000620400000| PB 0x0000000620400000| Untracked 
| 130|0x0000000620800000, 0x0000000620c00000, 0x0000000620c00000|100%| O|  |TAMS 0x0000000620800000| PB 0x0000000620800000| Untracked 
| 131|0x0000000620c00000, 0x0000000621000000, 0x0000000621000000|100%| O|  |TAMS 0x0000000620c00000| PB 0x0000000620c00000| Untracked 
| 132|0x0000000621000000, 0x0000000621400000, 0x0000000621400000|100%| O|  |TAMS 0x0000000621000000| PB 0x0000000621000000| Untracked 
| 133|0x0000000621400000, 0x0000000621800000, 0x0000000621800000|100%| O|  |TAMS 0x0000000621400000| PB 0x0000000621400000| Untracked 
| 134|0x0000000621800000, 0x0000000621c00000, 0x0000000621c00000|100%| O|  |TAMS 0x0000000621800000| PB 0x0000000621800000| Untracked 
| 135|0x0000000621c00000, 0x0000000622000000, 0x0000000622000000|100%| O|  |TAMS 0x0000000621c00000| PB 0x0000000621c00000| Untracked 
| 136|0x0000000622000000, 0x0000000622400000, 0x0000000622400000|100%| O|  |TAMS 0x0000000622000000| PB 0x0000000622000000| Untracked 
| 137|0x0000000622400000, 0x0000000622800000, 0x0000000622800000|100%| O|  |TAMS 0x0000000622400000| PB 0x0000000622400000| Untracked 
| 138|0x0000000622800000, 0x0000000622c00000, 0x0000000622c00000|100%| O|  |TAMS 0x0000000622800000| PB 0x0000000622800000| Untracked 
| 139|0x0000000622c00000, 0x0000000623000000, 0x0000000623000000|100%| O|  |TAMS 0x0000000622c00000| PB 0x0000000622c00000| Untracked 
| 140|0x0000000623000000, 0x0000000623400000, 0x0000000623400000|100%| O|  |TAMS 0x0000000623000000| PB 0x0000000623000000| Untracked 
| 141|0x0000000623400000, 0x0000000623800000, 0x0000000623800000|100%| O|  |TAMS 0x0000000623400000| PB 0x0000000623400000| Untracked 
| 142|0x0000000623800000, 0x0000000623c00000, 0x0000000623c00000|100%| O|  |TAMS 0x0000000623800000| PB 0x0000000623800000| Untracked 
| 143|0x0000000623c00000, 0x0000000624000000, 0x0000000624000000|100%| O|  |TAMS 0x0000000623c00000| PB 0x0000000623c00000| Untracked 
| 144|0x0000000624000000, 0x0000000624400000, 0x0000000624400000|100%|HS|  |TAMS 0x0000000624000000| PB 0x0000000624000000| Complete 
| 145|0x0000000624400000, 0x0000000624800000, 0x0000000624800000|100%|HC|  |TAMS 0x0000000624400000| PB 0x0000000624400000| Complete 
| 146|0x0000000624800000, 0x0000000624c00000, 0x0000000624c00000|100%| O|  |TAMS 0x0000000624800000| PB 0x0000000624800000| Untracked 
| 147|0x0000000624c00000, 0x0000000625000000, 0x0000000625000000|100%| O|  |TAMS 0x0000000624c00000| PB 0x0000000624c00000| Untracked 
| 148|0x0000000625000000, 0x0000000625400000, 0x0000000625400000|100%| O|  |TAMS 0x0000000625000000| PB 0x0000000625000000| Untracked 
| 149|0x0000000625400000, 0x0000000625800000, 0x0000000625800000|100%| O|  |TAMS 0x0000000625400000| PB 0x0000000625400000| Untracked 
| 150|0x0000000625800000, 0x0000000625c00000, 0x0000000625c00000|100%| O|  |TAMS 0x0000000625800000| PB 0x0000000625800000| Untracked 
| 151|0x0000000625c00000, 0x0000000626000000, 0x0000000626000000|100%| O|  |TAMS 0x0000000625c00000| PB 0x0000000625c00000| Untracked 
| 152|0x0000000626000000, 0x0000000626400000, 0x0000000626400000|100%| O|  |TAMS 0x0000000626000000| PB 0x0000000626000000| Untracked 
| 153|0x0000000626400000, 0x0000000626800000, 0x0000000626800000|100%|HS|  |TAMS 0x0000000626400000| PB 0x0000000626400000| Complete 
| 154|0x0000000626800000, 0x0000000626c00000, 0x0000000626c00000|100%| O|  |TAMS 0x0000000626800000| PB 0x0000000626800000| Untracked 
| 155|0x0000000626c00000, 0x0000000627000000, 0x0000000627000000|100%| O|  |TAMS 0x0000000626c00000| PB 0x0000000626c00000| Untracked 
| 156|0x0000000627000000, 0x0000000627400000, 0x0000000627400000|100%| O|  |TAMS 0x0000000627000000| PB 0x0000000627000000| Untracked 
| 157|0x0000000627400000, 0x0000000627800000, 0x0000000627800000|100%| O|  |TAMS 0x0000000627400000| PB 0x0000000627400000| Untracked 
| 158|0x0000000627800000, 0x0000000627c00000, 0x0000000627c00000|100%| O|  |TAMS 0x0000000627800000| PB 0x0000000627800000| Untracked 
| 159|0x0000000627c00000, 0x0000000627f03280, 0x0000000628000000| 75%| O|  |TAMS 0x0000000627c00000| PB 0x0000000627c00000| Untracked 
| 160|0x0000000628000000, 0x0000000628000000, 0x0000000628400000|  0%| F|  |TAMS 0x0000000628000000| PB 0x0000000628000000| Untracked 
| 161|0x0000000628400000, 0x0000000628400000, 0x0000000628800000|  0%| F|  |TAMS 0x0000000628400000| PB 0x0000000628400000| Untracked 
| 162|0x0000000628800000, 0x0000000628800000, 0x0000000628c00000|  0%| F|  |TAMS 0x0000000628800000| PB 0x0000000628800000| Untracked 
| 163|0x0000000628c00000, 0x0000000628c00000, 0x0000000629000000|  0%| F|  |TAMS 0x0000000628c00000| PB 0x0000000628c00000| Untracked 
| 164|0x0000000629000000, 0x0000000629000000, 0x0000000629400000|  0%| F|  |TAMS 0x0000000629000000| PB 0x0000000629000000| Untracked 
| 165|0x0000000629400000, 0x0000000629400000, 0x0000000629800000|  0%| F|  |TAMS 0x0000000629400000| PB 0x0000000629400000| Untracked 
| 166|0x0000000629800000, 0x0000000629800000, 0x0000000629c00000|  0%| F|  |TAMS 0x0000000629800000| PB 0x0000000629800000| Untracked 
| 167|0x0000000629c00000, 0x0000000629c00000, 0x000000062a000000|  0%| F|  |TAMS 0x0000000629c00000| PB 0x0000000629c00000| Untracked 
| 168|0x000000062a000000, 0x000000062a000000, 0x000000062a400000|  0%| F|  |TAMS 0x000000062a000000| PB 0x000000062a000000| Untracked 
| 169|0x000000062a400000, 0x000000062a400000, 0x000000062a800000|  0%| F|  |TAMS 0x000000062a400000| PB 0x000000062a400000| Untracked 
| 170|0x000000062a800000, 0x000000062a800000, 0x000000062ac00000|  0%| F|  |TAMS 0x000000062a800000| PB 0x000000062a800000| Untracked 
| 171|0x000000062ac00000, 0x000000062ac00000, 0x000000062b000000|  0%| F|  |TAMS 0x000000062ac00000| PB 0x000000062ac00000| Untracked 
| 172|0x000000062b000000, 0x000000062b000000, 0x000000062b400000|  0%| F|  |TAMS 0x000000062b000000| PB 0x000000062b000000| Untracked 
| 173|0x000000062b400000, 0x000000062b400000, 0x000000062b800000|  0%| F|  |TAMS 0x000000062b400000| PB 0x000000062b400000| Untracked 
| 174|0x000000062b800000, 0x000000062b800000, 0x000000062bc00000|  0%| F|  |TAMS 0x000000062b800000| PB 0x000000062b800000| Untracked 
| 175|0x000000062bc00000, 0x000000062bc00000, 0x000000062c000000|  0%| F|  |TAMS 0x000000062bc00000| PB 0x000000062bc00000| Untracked 
| 176|0x000000062c000000, 0x000000062c000000, 0x000000062c400000|  0%| F|  |TAMS 0x000000062c000000| PB 0x000000062c000000| Untracked 
| 177|0x000000062c400000, 0x000000062c400000, 0x000000062c800000|  0%| F|  |TAMS 0x000000062c400000| PB 0x000000062c400000| Untracked 
| 178|0x000000062c800000, 0x000000062c800000, 0x000000062cc00000|  0%| F|  |TAMS 0x000000062c800000| PB 0x000000062c800000| Untracked 
| 179|0x000000062cc00000, 0x000000062cc00000, 0x000000062d000000|  0%| F|  |TAMS 0x000000062cc00000| PB 0x000000062cc00000| Untracked 
| 180|0x000000062d000000, 0x000000062d000000, 0x000000062d400000|  0%| F|  |TAMS 0x000000062d000000| PB 0x000000062d000000| Untracked 
| 181|0x000000062d400000, 0x000000062d400000, 0x000000062d800000|  0%| F|  |TAMS 0x000000062d400000| PB 0x000000062d400000| Untracked 
| 182|0x000000062d800000, 0x000000062d800000, 0x000000062dc00000|  0%| F|  |TAMS 0x000000062d800000| PB 0x000000062d800000| Untracked 
| 183|0x000000062dc00000, 0x000000062dc00000, 0x000000062e000000|  0%| F|  |TAMS 0x000000062dc00000| PB 0x000000062dc00000| Untracked 
| 184|0x000000062e000000, 0x000000062e000000, 0x000000062e400000|  0%| F|  |TAMS 0x000000062e000000| PB 0x000000062e000000| Untracked 
| 185|0x000000062e400000, 0x000000062e400000, 0x000000062e800000|  0%| F|  |TAMS 0x000000062e400000| PB 0x000000062e400000| Untracked 
| 186|0x000000062e800000, 0x000000062e800000, 0x000000062ec00000|  0%| F|  |TAMS 0x000000062e800000| PB 0x000000062e800000| Untracked 
| 187|0x000000062ec00000, 0x000000062ec00000, 0x000000062f000000|  0%| F|  |TAMS 0x000000062ec00000| PB 0x000000062ec00000| Untracked 
| 188|0x000000062f000000, 0x000000062f000000, 0x000000062f400000|  0%| F|  |TAMS 0x000000062f000000| PB 0x000000062f000000| Untracked 
| 189|0x000000062f400000, 0x000000062f400000, 0x000000062f800000|  0%| F|  |TAMS 0x000000062f400000| PB 0x000000062f400000| Untracked 
| 190|0x000000062f800000, 0x000000062f800000, 0x000000062fc00000|  0%| F|  |TAMS 0x000000062f800000| PB 0x000000062f800000| Untracked 
| 191|0x000000062fc00000, 0x000000062fc00000, 0x0000000630000000|  0%| F|  |TAMS 0x000000062fc00000| PB 0x000000062fc00000| Untracked 
| 192|0x0000000630000000, 0x0000000630000000, 0x0000000630400000|  0%| F|  |TAMS 0x0000000630000000| PB 0x0000000630000000| Untracked 
| 193|0x0000000630400000, 0x0000000630400000, 0x0000000630800000|  0%| F|  |TAMS 0x0000000630400000| PB 0x0000000630400000| Untracked 
| 194|0x0000000630800000, 0x0000000630800000, 0x0000000630c00000|  0%| F|  |TAMS 0x0000000630800000| PB 0x0000000630800000| Untracked 
| 195|0x0000000630c00000, 0x0000000630c00000, 0x0000000631000000|  0%| F|  |TAMS 0x0000000630c00000| PB 0x0000000630c00000| Untracked 
| 196|0x0000000631000000, 0x0000000631000000, 0x0000000631400000|  0%| F|  |TAMS 0x0000000631000000| PB 0x0000000631000000| Untracked 
| 197|0x0000000631400000, 0x0000000631400000, 0x0000000631800000|  0%| F|  |TAMS 0x0000000631400000| PB 0x0000000631400000| Untracked 
| 198|0x0000000631800000, 0x0000000631800000, 0x0000000631c00000|  0%| F|  |TAMS 0x0000000631800000| PB 0x0000000631800000| Untracked 
| 199|0x0000000631c00000, 0x0000000631c00000, 0x0000000632000000|  0%| F|  |TAMS 0x0000000631c00000| PB 0x0000000631c00000| Untracked 
| 200|0x0000000632000000, 0x0000000632000000, 0x0000000632400000|  0%| F|  |TAMS 0x0000000632000000| PB 0x0000000632000000| Untracked 
| 201|0x0000000632400000, 0x0000000632400000, 0x0000000632800000|  0%| F|  |TAMS 0x0000000632400000| PB 0x0000000632400000| Untracked 
| 202|0x0000000632800000, 0x0000000632800000, 0x0000000632c00000|  0%| F|  |TAMS 0x0000000632800000| PB 0x0000000632800000| Untracked 
| 203|0x0000000632c00000, 0x0000000632c00000, 0x0000000633000000|  0%| F|  |TAMS 0x0000000632c00000| PB 0x0000000632c00000| Untracked 
| 204|0x0000000633000000, 0x0000000633000000, 0x0000000633400000|  0%| F|  |TAMS 0x0000000633000000| PB 0x0000000633000000| Untracked 
| 205|0x0000000633400000, 0x0000000633400000, 0x0000000633800000|  0%| F|  |TAMS 0x0000000633400000| PB 0x0000000633400000| Untracked 
| 206|0x0000000633800000, 0x0000000633800000, 0x0000000633c00000|  0%| F|  |TAMS 0x0000000633800000| PB 0x0000000633800000| Untracked 
| 207|0x0000000633c00000, 0x0000000633c00000, 0x0000000634000000|  0%| F|  |TAMS 0x0000000633c00000| PB 0x0000000633c00000| Untracked 
| 208|0x0000000634000000, 0x0000000634000000, 0x0000000634400000|  0%| F|  |TAMS 0x0000000634000000| PB 0x0000000634000000| Untracked 
| 209|0x0000000634400000, 0x0000000634400000, 0x0000000634800000|  0%| F|  |TAMS 0x0000000634400000| PB 0x0000000634400000| Untracked 
| 210|0x0000000634800000, 0x0000000634800000, 0x0000000634c00000|  0%| F|  |TAMS 0x0000000634800000| PB 0x0000000634800000| Untracked 
| 211|0x0000000634c00000, 0x0000000634c00000, 0x0000000635000000|  0%| F|  |TAMS 0x0000000634c00000| PB 0x0000000634c00000| Untracked 
| 212|0x0000000635000000, 0x0000000635000000, 0x0000000635400000|  0%| F|  |TAMS 0x0000000635000000| PB 0x0000000635000000| Untracked 
| 213|0x0000000635400000, 0x0000000635400000, 0x0000000635800000|  0%| F|  |TAMS 0x0000000635400000| PB 0x0000000635400000| Untracked 
| 214|0x0000000635800000, 0x0000000635800000, 0x0000000635c00000|  0%| F|  |TAMS 0x0000000635800000| PB 0x0000000635800000| Untracked 
| 215|0x0000000635c00000, 0x0000000635c00000, 0x0000000636000000|  0%| F|  |TAMS 0x0000000635c00000| PB 0x0000000635c00000| Untracked 
| 216|0x0000000636000000, 0x0000000636000000, 0x0000000636400000|  0%| F|  |TAMS 0x0000000636000000| PB 0x0000000636000000| Untracked 
| 217|0x0000000636400000, 0x0000000636400000, 0x0000000636800000|  0%| F|  |TAMS 0x0000000636400000| PB 0x0000000636400000| Untracked 
| 218|0x0000000636800000, 0x0000000636800000, 0x0000000636c00000|  0%| F|  |TAMS 0x0000000636800000| PB 0x0000000636800000| Untracked 
| 219|0x0000000636c00000, 0x0000000636c00000, 0x0000000637000000|  0%| F|  |TAMS 0x0000000636c00000| PB 0x0000000636c00000| Untracked 
| 220|0x0000000637000000, 0x0000000637000000, 0x0000000637400000|  0%| F|  |TAMS 0x0000000637000000| PB 0x0000000637000000| Untracked 
| 221|0x0000000637400000, 0x0000000637400000, 0x0000000637800000|  0%| F|  |TAMS 0x0000000637400000| PB 0x0000000637400000| Untracked 
| 222|0x0000000637800000, 0x0000000637800000, 0x0000000637c00000|  0%| F|  |TAMS 0x0000000637800000| PB 0x0000000637800000| Untracked 
| 223|0x0000000637c00000, 0x0000000637c00000, 0x0000000638000000|  0%| F|  |TAMS 0x0000000637c00000| PB 0x0000000637c00000| Untracked 
| 224|0x0000000638000000, 0x0000000638000000, 0x0000000638400000|  0%| F|  |TAMS 0x0000000638000000| PB 0x0000000638000000| Untracked 
| 225|0x0000000638400000, 0x0000000638400000, 0x0000000638800000|  0%| F|  |TAMS 0x0000000638400000| PB 0x0000000638400000| Untracked 
| 226|0x0000000638800000, 0x0000000638800000, 0x0000000638c00000|  0%| F|  |TAMS 0x0000000638800000| PB 0x0000000638800000| Untracked 
| 227|0x0000000638c00000, 0x0000000638c00000, 0x0000000639000000|  0%| F|  |TAMS 0x0000000638c00000| PB 0x0000000638c00000| Untracked 
| 228|0x0000000639000000, 0x0000000639000000, 0x0000000639400000|  0%| F|  |TAMS 0x0000000639000000| PB 0x0000000639000000| Untracked 
| 229|0x0000000639400000, 0x0000000639400000, 0x0000000639800000|  0%| F|  |TAMS 0x0000000639400000| PB 0x0000000639400000| Untracked 
| 230|0x0000000639800000, 0x0000000639800000, 0x0000000639c00000|  0%| F|  |TAMS 0x0000000639800000| PB 0x0000000639800000| Untracked 
| 231|0x0000000639c00000, 0x0000000639c00000, 0x000000063a000000|  0%| F|  |TAMS 0x0000000639c00000| PB 0x0000000639c00000| Untracked 
| 232|0x000000063a000000, 0x000000063a000000, 0x000000063a400000|  0%| F|  |TAMS 0x000000063a000000| PB 0x000000063a000000| Untracked 
| 233|0x000000063a400000, 0x000000063a400000, 0x000000063a800000|  0%| F|  |TAMS 0x000000063a400000| PB 0x000000063a400000| Untracked 
| 234|0x000000063a800000, 0x000000063a800000, 0x000000063ac00000|  0%| F|  |TAMS 0x000000063a800000| PB 0x000000063a800000| Untracked 
| 235|0x000000063ac00000, 0x000000063ac00000, 0x000000063b000000|  0%| F|  |TAMS 0x000000063ac00000| PB 0x000000063ac00000| Untracked 
| 236|0x000000063b000000, 0x000000063b000000, 0x000000063b400000|  0%| F|  |TAMS 0x000000063b000000| PB 0x000000063b000000| Untracked 
| 237|0x000000063b400000, 0x000000063b400000, 0x000000063b800000|  0%| F|  |TAMS 0x000000063b400000| PB 0x000000063b400000| Untracked 
| 238|0x000000063b800000, 0x000000063b800000, 0x000000063bc00000|  0%| F|  |TAMS 0x000000063b800000| PB 0x000000063b800000| Untracked 
| 239|0x000000063bc00000, 0x000000063bc00000, 0x000000063c000000|  0%| F|  |TAMS 0x000000063bc00000| PB 0x000000063bc00000| Untracked 
| 240|0x000000063c000000, 0x000000063c000000, 0x000000063c400000|  0%| F|  |TAMS 0x000000063c000000| PB 0x000000063c000000| Untracked 
| 241|0x000000063c400000, 0x000000063c400000, 0x000000063c800000|  0%| F|  |TAMS 0x000000063c400000| PB 0x000000063c400000| Untracked 
| 242|0x000000063c800000, 0x000000063c800000, 0x000000063cc00000|  0%| F|  |TAMS 0x000000063c800000| PB 0x000000063c800000| Untracked 
| 243|0x000000063cc00000, 0x000000063cc00000, 0x000000063d000000|  0%| F|  |TAMS 0x000000063cc00000| PB 0x000000063cc00000| Untracked 
| 244|0x000000063d000000, 0x000000063d000000, 0x000000063d400000|  0%| F|  |TAMS 0x000000063d000000| PB 0x000000063d000000| Untracked 
| 245|0x000000063d400000, 0x000000063d400000, 0x000000063d800000|  0%| F|  |TAMS 0x000000063d400000| PB 0x000000063d400000| Untracked 
| 246|0x000000063d800000, 0x000000063d800000, 0x000000063dc00000|  0%| F|  |TAMS 0x000000063d800000| PB 0x000000063d800000| Untracked 
| 247|0x000000063dc00000, 0x000000063dc00000, 0x000000063e000000|  0%| F|  |TAMS 0x000000063dc00000| PB 0x000000063dc00000| Untracked 
| 248|0x000000063e000000, 0x000000063e000000, 0x000000063e400000|  0%| F|  |TAMS 0x000000063e000000| PB 0x000000063e000000| Untracked 
| 249|0x000000063e400000, 0x000000063e400000, 0x000000063e800000|  0%| F|  |TAMS 0x000000063e400000| PB 0x000000063e400000| Untracked 
| 250|0x000000063e800000, 0x000000063e800000, 0x000000063ec00000|  0%| F|  |TAMS 0x000000063e800000| PB 0x000000063e800000| Untracked 
| 251|0x000000063ec00000, 0x000000063ec00000, 0x000000063f000000|  0%| F|  |TAMS 0x000000063ec00000| PB 0x000000063ec00000| Untracked 
| 252|0x000000063f000000, 0x000000063f000000, 0x000000063f400000|  0%| F|  |TAMS 0x000000063f000000| PB 0x000000063f000000| Untracked 
| 253|0x000000063f400000, 0x000000063f400000, 0x000000063f800000|  0%| F|  |TAMS 0x000000063f400000| PB 0x000000063f400000| Untracked 
| 254|0x000000063f800000, 0x000000063f800000, 0x000000063fc00000|  0%| F|  |TAMS 0x000000063f800000| PB 0x000000063f800000| Untracked 
| 255|0x000000063fc00000, 0x000000063fc00000, 0x0000000640000000|  0%| F|  |TAMS 0x000000063fc00000| PB 0x000000063fc00000| Untracked 
| 256|0x0000000640000000, 0x0000000640000000, 0x0000000640400000|  0%| F|  |TAMS 0x0000000640000000| PB 0x0000000640000000| Untracked 
| 257|0x0000000640400000, 0x0000000640400000, 0x0000000640800000|  0%| F|  |TAMS 0x0000000640400000| PB 0x0000000640400000| Untracked 
| 258|0x0000000640800000, 0x0000000640800000, 0x0000000640c00000|  0%| F|  |TAMS 0x0000000640800000| PB 0x0000000640800000| Untracked 
| 259|0x0000000640c00000, 0x0000000640c00000, 0x0000000641000000|  0%| F|  |TAMS 0x0000000640c00000| PB 0x0000000640c00000| Untracked 
| 260|0x0000000641000000, 0x0000000641000000, 0x0000000641400000|  0%| F|  |TAMS 0x0000000641000000| PB 0x0000000641000000| Untracked 
| 261|0x0000000641400000, 0x0000000641400000, 0x0000000641800000|  0%| F|  |TAMS 0x0000000641400000| PB 0x0000000641400000| Untracked 
| 262|0x0000000641800000, 0x0000000641800000, 0x0000000641c00000|  0%| F|  |TAMS 0x0000000641800000| PB 0x0000000641800000| Untracked 
| 263|0x0000000641c00000, 0x0000000641c00000, 0x0000000642000000|  0%| F|  |TAMS 0x0000000641c00000| PB 0x0000000641c00000| Untracked 
| 264|0x0000000642000000, 0x0000000642000000, 0x0000000642400000|  0%| F|  |TAMS 0x0000000642000000| PB 0x0000000642000000| Untracked 
| 265|0x0000000642400000, 0x0000000642400000, 0x0000000642800000|  0%| F|  |TAMS 0x0000000642400000| PB 0x0000000642400000| Untracked 
| 266|0x0000000642800000, 0x0000000642800000, 0x0000000642c00000|  0%| F|  |TAMS 0x0000000642800000| PB 0x0000000642800000| Untracked 
| 267|0x0000000642c00000, 0x0000000642c00000, 0x0000000643000000|  0%| F|  |TAMS 0x0000000642c00000| PB 0x0000000642c00000| Untracked 
| 268|0x0000000643000000, 0x0000000643000000, 0x0000000643400000|  0%| F|  |TAMS 0x0000000643000000| PB 0x0000000643000000| Untracked 
| 269|0x0000000643400000, 0x0000000643400000, 0x0000000643800000|  0%| F|  |TAMS 0x0000000643400000| PB 0x0000000643400000| Untracked 
| 270|0x0000000643800000, 0x0000000643800000, 0x0000000643c00000|  0%| F|  |TAMS 0x0000000643800000| PB 0x0000000643800000| Untracked 
| 271|0x0000000643c00000, 0x0000000643c00000, 0x0000000644000000|  0%| F|  |TAMS 0x0000000643c00000| PB 0x0000000643c00000| Untracked 
| 272|0x0000000644000000, 0x0000000644000000, 0x0000000644400000|  0%| F|  |TAMS 0x0000000644000000| PB 0x0000000644000000| Untracked 
| 273|0x0000000644400000, 0x0000000644400000, 0x0000000644800000|  0%| F|  |TAMS 0x0000000644400000| PB 0x0000000644400000| Untracked 
| 274|0x0000000644800000, 0x0000000644800000, 0x0000000644c00000|  0%| F|  |TAMS 0x0000000644800000| PB 0x0000000644800000| Untracked 
| 275|0x0000000644c00000, 0x0000000644c00000, 0x0000000645000000|  0%| F|  |TAMS 0x0000000644c00000| PB 0x0000000644c00000| Untracked 
| 276|0x0000000645000000, 0x0000000645000000, 0x0000000645400000|  0%| F|  |TAMS 0x0000000645000000| PB 0x0000000645000000| Untracked 
| 277|0x0000000645400000, 0x0000000645400000, 0x0000000645800000|  0%| F|  |TAMS 0x0000000645400000| PB 0x0000000645400000| Untracked 
| 278|0x0000000645800000, 0x0000000645800000, 0x0000000645c00000|  0%| F|  |TAMS 0x0000000645800000| PB 0x0000000645800000| Untracked 
| 279|0x0000000645c00000, 0x0000000645c00000, 0x0000000646000000|  0%| F|  |TAMS 0x0000000645c00000| PB 0x0000000645c00000| Untracked 
| 280|0x0000000646000000, 0x0000000646000000, 0x0000000646400000|  0%| F|  |TAMS 0x0000000646000000| PB 0x0000000646000000| Untracked 
| 281|0x0000000646400000, 0x0000000646400000, 0x0000000646800000|  0%| F|  |TAMS 0x0000000646400000| PB 0x0000000646400000| Untracked 
| 282|0x0000000646800000, 0x0000000646800000, 0x0000000646c00000|  0%| F|  |TAMS 0x0000000646800000| PB 0x0000000646800000| Untracked 
| 283|0x0000000646c00000, 0x0000000646c00000, 0x0000000647000000|  0%| F|  |TAMS 0x0000000646c00000| PB 0x0000000646c00000| Untracked 
| 284|0x0000000647000000, 0x0000000647000000, 0x0000000647400000|  0%| F|  |TAMS 0x0000000647000000| PB 0x0000000647000000| Untracked 
| 285|0x0000000647400000, 0x0000000647400000, 0x0000000647800000|  0%| F|  |TAMS 0x0000000647400000| PB 0x0000000647400000| Untracked 
| 286|0x0000000647800000, 0x0000000647800000, 0x0000000647c00000|  0%| F|  |TAMS 0x0000000647800000| PB 0x0000000647800000| Untracked 
| 287|0x0000000647c00000, 0x0000000647c00000, 0x0000000648000000|  0%| F|  |TAMS 0x0000000647c00000| PB 0x0000000647c00000| Untracked 
| 288|0x0000000648000000, 0x0000000648000000, 0x0000000648400000|  0%| F|  |TAMS 0x0000000648000000| PB 0x0000000648000000| Untracked 
| 289|0x0000000648400000, 0x0000000648400000, 0x0000000648800000|  0%| F|  |TAMS 0x0000000648400000| PB 0x0000000648400000| Untracked 
| 290|0x0000000648800000, 0x0000000648800000, 0x0000000648c00000|  0%| F|  |TAMS 0x0000000648800000| PB 0x0000000648800000| Untracked 
| 291|0x0000000648c00000, 0x0000000648c00000, 0x0000000649000000|  0%| F|  |TAMS 0x0000000648c00000| PB 0x0000000648c00000| Untracked 
| 292|0x0000000649000000, 0x0000000649000000, 0x0000000649400000|  0%| F|  |TAMS 0x0000000649000000| PB 0x0000000649000000| Untracked 
| 293|0x0000000649400000, 0x0000000649400000, 0x0000000649800000|  0%| F|  |TAMS 0x0000000649400000| PB 0x0000000649400000| Untracked 
| 294|0x0000000649800000, 0x0000000649800000, 0x0000000649c00000|  0%| F|  |TAMS 0x0000000649800000| PB 0x0000000649800000| Untracked 
| 295|0x0000000649c00000, 0x0000000649c00000, 0x000000064a000000|  0%| F|  |TAMS 0x0000000649c00000| PB 0x0000000649c00000| Untracked 
| 296|0x000000064a000000, 0x000000064a000000, 0x000000064a400000|  0%| F|  |TAMS 0x000000064a000000| PB 0x000000064a000000| Untracked 
| 297|0x000000064a400000, 0x000000064a400000, 0x000000064a800000|  0%| F|  |TAMS 0x000000064a400000| PB 0x000000064a400000| Untracked 
| 298|0x000000064a800000, 0x000000064a800000, 0x000000064ac00000|  0%| F|  |TAMS 0x000000064a800000| PB 0x000000064a800000| Untracked 
| 299|0x000000064ac00000, 0x000000064ac00000, 0x000000064b000000|  0%| F|  |TAMS 0x000000064ac00000| PB 0x000000064ac00000| Untracked 
| 300|0x000000064b000000, 0x000000064b000000, 0x000000064b400000|  0%| F|  |TAMS 0x000000064b000000| PB 0x000000064b000000| Untracked 
| 301|0x000000064b400000, 0x000000064b400000, 0x000000064b800000|  0%| F|  |TAMS 0x000000064b400000| PB 0x000000064b400000| Untracked 
| 302|0x000000064b800000, 0x000000064b800000, 0x000000064bc00000|  0%| F|  |TAMS 0x000000064b800000| PB 0x000000064b800000| Untracked 
| 303|0x000000064bc00000, 0x000000064bc00000, 0x000000064c000000|  0%| F|  |TAMS 0x000000064bc00000| PB 0x000000064bc00000| Untracked 
| 304|0x000000064c000000, 0x000000064c000000, 0x000000064c400000|  0%| F|  |TAMS 0x000000064c000000| PB 0x000000064c000000| Untracked 
| 305|0x000000064c400000, 0x000000064c400000, 0x000000064c800000|  0%| F|  |TAMS 0x000000064c400000| PB 0x000000064c400000| Untracked 
| 306|0x000000064c800000, 0x000000064c800000, 0x000000064cc00000|  0%| F|  |TAMS 0x000000064c800000| PB 0x000000064c800000| Untracked 
| 307|0x000000064cc00000, 0x000000064cc00000, 0x000000064d000000|  0%| F|  |TAMS 0x000000064cc00000| PB 0x000000064cc00000| Untracked 
| 308|0x000000064d000000, 0x000000064d000000, 0x000000064d400000|  0%| F|  |TAMS 0x000000064d000000| PB 0x000000064d000000| Untracked 
| 309|0x000000064d400000, 0x000000064d400000, 0x000000064d800000|  0%| F|  |TAMS 0x000000064d400000| PB 0x000000064d400000| Untracked 
| 310|0x000000064d800000, 0x000000064d800000, 0x000000064dc00000|  0%| F|  |TAMS 0x000000064d800000| PB 0x000000064d800000| Untracked 
| 311|0x000000064dc00000, 0x000000064dc00000, 0x000000064e000000|  0%| F|  |TAMS 0x000000064dc00000| PB 0x000000064dc00000| Untracked 
| 312|0x000000064e000000, 0x000000064e000000, 0x000000064e400000|  0%| F|  |TAMS 0x000000064e000000| PB 0x000000064e000000| Untracked 
| 313|0x000000064e400000, 0x000000064e400000, 0x000000064e800000|  0%| F|  |TAMS 0x000000064e400000| PB 0x000000064e400000| Untracked 
| 314|0x000000064e800000, 0x000000064e800000, 0x000000064ec00000|  0%| F|  |TAMS 0x000000064e800000| PB 0x000000064e800000| Untracked 
| 315|0x000000064ec00000, 0x000000064ec00000, 0x000000064f000000|  0%| F|  |TAMS 0x000000064ec00000| PB 0x000000064ec00000| Untracked 
| 316|0x000000064f000000, 0x000000064f000000, 0x000000064f400000|  0%| F|  |TAMS 0x000000064f000000| PB 0x000000064f000000| Untracked 
| 317|0x000000064f400000, 0x000000064f400000, 0x000000064f800000|  0%| F|  |TAMS 0x000000064f400000| PB 0x000000064f400000| Untracked 
| 318|0x000000064f800000, 0x000000064f800000, 0x000000064fc00000|  0%| F|  |TAMS 0x000000064f800000| PB 0x000000064f800000| Untracked 
| 319|0x000000064fc00000, 0x000000064fc00000, 0x0000000650000000|  0%| F|  |TAMS 0x000000064fc00000| PB 0x000000064fc00000| Untracked 
| 320|0x0000000650000000, 0x0000000650000000, 0x0000000650400000|  0%| F|  |TAMS 0x0000000650000000| PB 0x0000000650000000| Untracked 
| 321|0x0000000650400000, 0x0000000650400000, 0x0000000650800000|  0%| F|  |TAMS 0x0000000650400000| PB 0x0000000650400000| Untracked 
| 322|0x0000000650800000, 0x0000000650800000, 0x0000000650c00000|  0%| F|  |TAMS 0x0000000650800000| PB 0x0000000650800000| Untracked 
| 323|0x0000000650c00000, 0x0000000650c00000, 0x0000000651000000|  0%| F|  |TAMS 0x0000000650c00000| PB 0x0000000650c00000| Untracked 
| 324|0x0000000651000000, 0x0000000651000000, 0x0000000651400000|  0%| F|  |TAMS 0x0000000651000000| PB 0x0000000651000000| Untracked 
| 325|0x0000000651400000, 0x0000000651400000, 0x0000000651800000|  0%| F|  |TAMS 0x0000000651400000| PB 0x0000000651400000| Untracked 
| 326|0x0000000651800000, 0x0000000651800000, 0x0000000651c00000|  0%| F|  |TAMS 0x0000000651800000| PB 0x0000000651800000| Untracked 
| 327|0x0000000651c00000, 0x0000000651c00000, 0x0000000652000000|  0%| F|  |TAMS 0x0000000651c00000| PB 0x0000000651c00000| Untracked 
| 328|0x0000000652000000, 0x0000000652000000, 0x0000000652400000|  0%| F|  |TAMS 0x0000000652000000| PB 0x0000000652000000| Untracked 
| 329|0x0000000652400000, 0x0000000652400000, 0x0000000652800000|  0%| F|  |TAMS 0x0000000652400000| PB 0x0000000652400000| Untracked 
| 330|0x0000000652800000, 0x0000000652800000, 0x0000000652c00000|  0%| F|  |TAMS 0x0000000652800000| PB 0x0000000652800000| Untracked 
| 331|0x0000000652c00000, 0x0000000652c00000, 0x0000000653000000|  0%| F|  |TAMS 0x0000000652c00000| PB 0x0000000652c00000| Untracked 
| 332|0x0000000653000000, 0x0000000653000000, 0x0000000653400000|  0%| F|  |TAMS 0x0000000653000000| PB 0x0000000653000000| Untracked 
| 333|0x0000000653400000, 0x0000000653400000, 0x0000000653800000|  0%| F|  |TAMS 0x0000000653400000| PB 0x0000000653400000| Untracked 
| 334|0x0000000653800000, 0x0000000653800000, 0x0000000653c00000|  0%| F|  |TAMS 0x0000000653800000| PB 0x0000000653800000| Untracked 
| 335|0x0000000653c00000, 0x0000000653c00000, 0x0000000654000000|  0%| F|  |TAMS 0x0000000653c00000| PB 0x0000000653c00000| Untracked 
| 336|0x0000000654000000, 0x0000000654000000, 0x0000000654400000|  0%| F|  |TAMS 0x0000000654000000| PB 0x0000000654000000| Untracked 
| 337|0x0000000654400000, 0x0000000654400000, 0x0000000654800000|  0%| F|  |TAMS 0x0000000654400000| PB 0x0000000654400000| Untracked 
| 338|0x0000000654800000, 0x0000000654800000, 0x0000000654c00000|  0%| F|  |TAMS 0x0000000654800000| PB 0x0000000654800000| Untracked 
| 339|0x0000000654c00000, 0x0000000654c00000, 0x0000000655000000|  0%| F|  |TAMS 0x0000000654c00000| PB 0x0000000654c00000| Untracked 
| 340|0x0000000655000000, 0x0000000655000000, 0x0000000655400000|  0%| F|  |TAMS 0x0000000655000000| PB 0x0000000655000000| Untracked 
| 341|0x0000000655400000, 0x0000000655400000, 0x0000000655800000|  0%| F|  |TAMS 0x0000000655400000| PB 0x0000000655400000| Untracked 
| 342|0x0000000655800000, 0x0000000655800000, 0x0000000655c00000|  0%| F|  |TAMS 0x0000000655800000| PB 0x0000000655800000| Untracked 
| 343|0x0000000655c00000, 0x0000000655c00000, 0x0000000656000000|  0%| F|  |TAMS 0x0000000655c00000| PB 0x0000000655c00000| Untracked 
| 344|0x0000000656000000, 0x0000000656000000, 0x0000000656400000|  0%| F|  |TAMS 0x0000000656000000| PB 0x0000000656000000| Untracked 
| 345|0x0000000656400000, 0x0000000656400000, 0x0000000656800000|  0%| F|  |TAMS 0x0000000656400000| PB 0x0000000656400000| Untracked 
| 346|0x0000000656800000, 0x0000000656800000, 0x0000000656c00000|  0%| F|  |TAMS 0x0000000656800000| PB 0x0000000656800000| Untracked 
| 347|0x0000000656c00000, 0x0000000656c00000, 0x0000000657000000|  0%| F|  |TAMS 0x0000000656c00000| PB 0x0000000656c00000| Untracked 
| 348|0x0000000657000000, 0x0000000657000000, 0x0000000657400000|  0%| F|  |TAMS 0x0000000657000000| PB 0x0000000657000000| Untracked 
| 349|0x0000000657400000, 0x0000000657400000, 0x0000000657800000|  0%| F|  |TAMS 0x0000000657400000| PB 0x0000000657400000| Untracked 
| 350|0x0000000657800000, 0x0000000657800000, 0x0000000657c00000|  0%| F|  |TAMS 0x0000000657800000| PB 0x0000000657800000| Untracked 
| 351|0x0000000657c00000, 0x0000000657c00000, 0x0000000658000000|  0%| F|  |TAMS 0x0000000657c00000| PB 0x0000000657c00000| Untracked 
| 352|0x0000000658000000, 0x0000000658000000, 0x0000000658400000|  0%| F|  |TAMS 0x0000000658000000| PB 0x0000000658000000| Untracked 
| 353|0x0000000658400000, 0x0000000658400000, 0x0000000658800000|  0%| F|  |TAMS 0x0000000658400000| PB 0x0000000658400000| Untracked 
| 354|0x0000000658800000, 0x0000000658800000, 0x0000000658c00000|  0%| F|  |TAMS 0x0000000658800000| PB 0x0000000658800000| Untracked 
| 355|0x0000000658c00000, 0x0000000658c00000, 0x0000000659000000|  0%| F|  |TAMS 0x0000000658c00000| PB 0x0000000658c00000| Untracked 
| 356|0x0000000659000000, 0x0000000659000000, 0x0000000659400000|  0%| F|  |TAMS 0x0000000659000000| PB 0x0000000659000000| Untracked 
| 357|0x0000000659400000, 0x0000000659400000, 0x0000000659800000|  0%| F|  |TAMS 0x0000000659400000| PB 0x0000000659400000| Untracked 
| 358|0x0000000659800000, 0x0000000659800000, 0x0000000659c00000|  0%| F|  |TAMS 0x0000000659800000| PB 0x0000000659800000| Untracked 
| 359|0x0000000659c00000, 0x0000000659c00000, 0x000000065a000000|  0%| F|  |TAMS 0x0000000659c00000| PB 0x0000000659c00000| Untracked 
| 360|0x000000065a000000, 0x000000065a000000, 0x000000065a400000|  0%| F|  |TAMS 0x000000065a000000| PB 0x000000065a000000| Untracked 
| 361|0x000000065a400000, 0x000000065a400000, 0x000000065a800000|  0%| F|  |TAMS 0x000000065a400000| PB 0x000000065a400000| Untracked 
| 362|0x000000065a800000, 0x000000065a800000, 0x000000065ac00000|  0%| F|  |TAMS 0x000000065a800000| PB 0x000000065a800000| Untracked 
| 363|0x000000065ac00000, 0x000000065ac00000, 0x000000065b000000|  0%| F|  |TAMS 0x000000065ac00000| PB 0x000000065ac00000| Untracked 
| 364|0x000000065b000000, 0x000000065b000000, 0x000000065b400000|  0%| F|  |TAMS 0x000000065b000000| PB 0x000000065b000000| Untracked 
| 365|0x000000065b400000, 0x000000065b400000, 0x000000065b800000|  0%| F|  |TAMS 0x000000065b400000| PB 0x000000065b400000| Untracked 
| 366|0x000000065b800000, 0x000000065b800000, 0x000000065bc00000|  0%| F|  |TAMS 0x000000065b800000| PB 0x000000065b800000| Untracked 
| 367|0x000000065bc00000, 0x000000065bc00000, 0x000000065c000000|  0%| F|  |TAMS 0x000000065bc00000| PB 0x000000065bc00000| Untracked 
| 368|0x000000065c000000, 0x000000065c000000, 0x000000065c400000|  0%| F|  |TAMS 0x000000065c000000| PB 0x000000065c000000| Untracked 
| 369|0x000000065c400000, 0x000000065c400000, 0x000000065c800000|  0%| F|  |TAMS 0x000000065c400000| PB 0x000000065c400000| Untracked 
| 370|0x000000065c800000, 0x000000065c800000, 0x000000065cc00000|  0%| F|  |TAMS 0x000000065c800000| PB 0x000000065c800000| Untracked 
| 371|0x000000065cc00000, 0x000000065cc00000, 0x000000065d000000|  0%| F|  |TAMS 0x000000065cc00000| PB 0x000000065cc00000| Untracked 
| 372|0x000000065d000000, 0x000000065d000000, 0x000000065d400000|  0%| F|  |TAMS 0x000000065d000000| PB 0x000000065d000000| Untracked 
| 373|0x000000065d400000, 0x000000065d400000, 0x000000065d800000|  0%| F|  |TAMS 0x000000065d400000| PB 0x000000065d400000| Untracked 
| 374|0x000000065d800000, 0x000000065d800000, 0x000000065dc00000|  0%| F|  |TAMS 0x000000065d800000| PB 0x000000065d800000| Untracked 
| 375|0x000000065dc00000, 0x000000065dc00000, 0x000000065e000000|  0%| F|  |TAMS 0x000000065dc00000| PB 0x000000065dc00000| Untracked 
| 376|0x000000065e000000, 0x000000065e000000, 0x000000065e400000|  0%| F|  |TAMS 0x000000065e000000| PB 0x000000065e000000| Untracked 
| 377|0x000000065e400000, 0x000000065e400000, 0x000000065e800000|  0%| F|  |TAMS 0x000000065e400000| PB 0x000000065e400000| Untracked 
| 378|0x000000065e800000, 0x000000065e800000, 0x000000065ec00000|  0%| F|  |TAMS 0x000000065e800000| PB 0x000000065e800000| Untracked 
| 379|0x000000065ec00000, 0x000000065ec00000, 0x000000065f000000|  0%| F|  |TAMS 0x000000065ec00000| PB 0x000000065ec00000| Untracked 
| 380|0x000000065f000000, 0x000000065f000000, 0x000000065f400000|  0%| F|  |TAMS 0x000000065f000000| PB 0x000000065f000000| Untracked 
| 381|0x000000065f400000, 0x000000065f400000, 0x000000065f800000|  0%| F|  |TAMS 0x000000065f400000| PB 0x000000065f400000| Untracked 
| 382|0x000000065f800000, 0x000000065f800000, 0x000000065fc00000|  0%| F|  |TAMS 0x000000065f800000| PB 0x000000065f800000| Untracked 
| 383|0x000000065fc00000, 0x000000065fc00000, 0x0000000660000000|  0%| F|  |TAMS 0x000000065fc00000| PB 0x000000065fc00000| Untracked 
| 384|0x0000000660000000, 0x0000000660000000, 0x0000000660400000|  0%| F|  |TAMS 0x0000000660000000| PB 0x0000000660000000| Untracked 
| 385|0x0000000660400000, 0x0000000660400000, 0x0000000660800000|  0%| F|  |TAMS 0x0000000660400000| PB 0x0000000660400000| Untracked 
| 386|0x0000000660800000, 0x0000000660800000, 0x0000000660c00000|  0%| F|  |TAMS 0x0000000660800000| PB 0x0000000660800000| Untracked 
| 387|0x0000000660c00000, 0x0000000660c00000, 0x0000000661000000|  0%| F|  |TAMS 0x0000000660c00000| PB 0x0000000660c00000| Untracked 
| 388|0x0000000661000000, 0x0000000661000000, 0x0000000661400000|  0%| F|  |TAMS 0x0000000661000000| PB 0x0000000661000000| Untracked 
| 389|0x0000000661400000, 0x0000000661400000, 0x0000000661800000|  0%| F|  |TAMS 0x0000000661400000| PB 0x0000000661400000| Untracked 
| 390|0x0000000661800000, 0x0000000661800000, 0x0000000661c00000|  0%| F|  |TAMS 0x0000000661800000| PB 0x0000000661800000| Untracked 
| 391|0x0000000661c00000, 0x0000000661c00000, 0x0000000662000000|  0%| F|  |TAMS 0x0000000661c00000| PB 0x0000000661c00000| Untracked 
| 392|0x0000000662000000, 0x0000000662000000, 0x0000000662400000|  0%| F|  |TAMS 0x0000000662000000| PB 0x0000000662000000| Untracked 
| 393|0x0000000662400000, 0x0000000662400000, 0x0000000662800000|  0%| F|  |TAMS 0x0000000662400000| PB 0x0000000662400000| Untracked 
| 394|0x0000000662800000, 0x0000000662800000, 0x0000000662c00000|  0%| F|  |TAMS 0x0000000662800000| PB 0x0000000662800000| Untracked 
| 395|0x0000000662c00000, 0x0000000662c00000, 0x0000000663000000|  0%| F|  |TAMS 0x0000000662c00000| PB 0x0000000662c00000| Untracked 
| 396|0x0000000663000000, 0x0000000663000000, 0x0000000663400000|  0%| F|  |TAMS 0x0000000663000000| PB 0x0000000663000000| Untracked 
| 397|0x0000000663400000, 0x0000000663400000, 0x0000000663800000|  0%| F|  |TAMS 0x0000000663400000| PB 0x0000000663400000| Untracked 
| 398|0x0000000663800000, 0x0000000663800000, 0x0000000663c00000|  0%| F|  |TAMS 0x0000000663800000| PB 0x0000000663800000| Untracked 
| 399|0x0000000663c00000, 0x0000000663c00000, 0x0000000664000000|  0%| F|  |TAMS 0x0000000663c00000| PB 0x0000000663c00000| Untracked 
| 400|0x0000000664000000, 0x0000000664000000, 0x0000000664400000|  0%| F|  |TAMS 0x0000000664000000| PB 0x0000000664000000| Untracked 
| 401|0x0000000664400000, 0x0000000664400000, 0x0000000664800000|  0%| F|  |TAMS 0x0000000664400000| PB 0x0000000664400000| Untracked 
| 402|0x0000000664800000, 0x0000000664800000, 0x0000000664c00000|  0%| F|  |TAMS 0x0000000664800000| PB 0x0000000664800000| Untracked 
| 403|0x0000000664c00000, 0x0000000664c00000, 0x0000000665000000|  0%| F|  |TAMS 0x0000000664c00000| PB 0x0000000664c00000| Untracked 
| 404|0x0000000665000000, 0x0000000665000000, 0x0000000665400000|  0%| F|  |TAMS 0x0000000665000000| PB 0x0000000665000000| Untracked 
| 405|0x0000000665400000, 0x0000000665400000, 0x0000000665800000|  0%| F|  |TAMS 0x0000000665400000| PB 0x0000000665400000| Untracked 
| 406|0x0000000665800000, 0x0000000665800000, 0x0000000665c00000|  0%| F|  |TAMS 0x0000000665800000| PB 0x0000000665800000| Untracked 
| 407|0x0000000665c00000, 0x0000000665c00000, 0x0000000666000000|  0%| F|  |TAMS 0x0000000665c00000| PB 0x0000000665c00000| Untracked 
| 408|0x0000000666000000, 0x0000000666000000, 0x0000000666400000|  0%| F|  |TAMS 0x0000000666000000| PB 0x0000000666000000| Untracked 
| 409|0x0000000666400000, 0x0000000666400000, 0x0000000666800000|  0%| F|  |TAMS 0x0000000666400000| PB 0x0000000666400000| Untracked 
| 410|0x0000000666800000, 0x0000000666800000, 0x0000000666c00000|  0%| F|  |TAMS 0x0000000666800000| PB 0x0000000666800000| Untracked 
| 411|0x0000000666c00000, 0x0000000666c00000, 0x0000000667000000|  0%| F|  |TAMS 0x0000000666c00000| PB 0x0000000666c00000| Untracked 
| 412|0x0000000667000000, 0x0000000667000000, 0x0000000667400000|  0%| F|  |TAMS 0x0000000667000000| PB 0x0000000667000000| Untracked 
| 413|0x0000000667400000, 0x0000000667400000, 0x0000000667800000|  0%| F|  |TAMS 0x0000000667400000| PB 0x0000000667400000| Untracked 
| 414|0x0000000667800000, 0x0000000667800000, 0x0000000667c00000|  0%| F|  |TAMS 0x0000000667800000| PB 0x0000000667800000| Untracked 
| 415|0x0000000667c00000, 0x0000000667c00000, 0x0000000668000000|  0%| F|  |TAMS 0x0000000667c00000| PB 0x0000000667c00000| Untracked 
| 416|0x0000000668000000, 0x0000000668000000, 0x0000000668400000|  0%| F|  |TAMS 0x0000000668000000| PB 0x0000000668000000| Untracked 
| 417|0x0000000668400000, 0x0000000668400000, 0x0000000668800000|  0%| F|  |TAMS 0x0000000668400000| PB 0x0000000668400000| Untracked 
| 418|0x0000000668800000, 0x0000000668800000, 0x0000000668c00000|  0%| F|  |TAMS 0x0000000668800000| PB 0x0000000668800000| Untracked 
| 419|0x0000000668c00000, 0x0000000668c00000, 0x0000000669000000|  0%| F|  |TAMS 0x0000000668c00000| PB 0x0000000668c00000| Untracked 
| 420|0x0000000669000000, 0x0000000669000000, 0x0000000669400000|  0%| F|  |TAMS 0x0000000669000000| PB 0x0000000669000000| Untracked 
| 421|0x0000000669400000, 0x0000000669400000, 0x0000000669800000|  0%| F|  |TAMS 0x0000000669400000| PB 0x0000000669400000| Untracked 
| 422|0x0000000669800000, 0x0000000669800000, 0x0000000669c00000|  0%| F|  |TAMS 0x0000000669800000| PB 0x0000000669800000| Untracked 
| 423|0x0000000669c00000, 0x0000000669c00000, 0x000000066a000000|  0%| F|  |TAMS 0x0000000669c00000| PB 0x0000000669c00000| Untracked 
| 424|0x000000066a000000, 0x000000066a000000, 0x000000066a400000|  0%| F|  |TAMS 0x000000066a000000| PB 0x000000066a000000| Untracked 
| 425|0x000000066a400000, 0x000000066a400000, 0x000000066a800000|  0%| F|  |TAMS 0x000000066a400000| PB 0x000000066a400000| Untracked 
| 426|0x000000066a800000, 0x000000066a800000, 0x000000066ac00000|  0%| F|  |TAMS 0x000000066a800000| PB 0x000000066a800000| Untracked 
| 427|0x000000066ac00000, 0x000000066ac00000, 0x000000066b000000|  0%| F|  |TAMS 0x000000066ac00000| PB 0x000000066ac00000| Untracked 
| 428|0x000000066b000000, 0x000000066b000000, 0x000000066b400000|  0%| F|  |TAMS 0x000000066b000000| PB 0x000000066b000000| Untracked 
| 429|0x000000066b400000, 0x000000066b400000, 0x000000066b800000|  0%| F|  |TAMS 0x000000066b400000| PB 0x000000066b400000| Untracked 
| 430|0x000000066b800000, 0x000000066b800000, 0x000000066bc00000|  0%| F|  |TAMS 0x000000066b800000| PB 0x000000066b800000| Untracked 
| 431|0x000000066bc00000, 0x000000066bc00000, 0x000000066c000000|  0%| F|  |TAMS 0x000000066bc00000| PB 0x000000066bc00000| Untracked 
| 432|0x000000066c000000, 0x000000066c000000, 0x000000066c400000|  0%| F|  |TAMS 0x000000066c000000| PB 0x000000066c000000| Untracked 
| 433|0x000000066c400000, 0x000000066c400000, 0x000000066c800000|  0%| F|  |TAMS 0x000000066c400000| PB 0x000000066c400000| Untracked 
| 434|0x000000066c800000, 0x000000066c800000, 0x000000066cc00000|  0%| F|  |TAMS 0x000000066c800000| PB 0x000000066c800000| Untracked 
| 435|0x000000066cc00000, 0x000000066cc00000, 0x000000066d000000|  0%| F|  |TAMS 0x000000066cc00000| PB 0x000000066cc00000| Untracked 
| 436|0x000000066d000000, 0x000000066d000000, 0x000000066d400000|  0%| F|  |TAMS 0x000000066d000000| PB 0x000000066d000000| Untracked 
| 437|0x000000066d400000, 0x000000066d400000, 0x000000066d800000|  0%| F|  |TAMS 0x000000066d400000| PB 0x000000066d400000| Untracked 
| 438|0x000000066d800000, 0x000000066d800000, 0x000000066dc00000|  0%| F|  |TAMS 0x000000066d800000| PB 0x000000066d800000| Untracked 
| 439|0x000000066dc00000, 0x000000066dc00000, 0x000000066e000000|  0%| F|  |TAMS 0x000000066dc00000| PB 0x000000066dc00000| Untracked 
| 440|0x000000066e000000, 0x000000066e000000, 0x000000066e400000|  0%| F|  |TAMS 0x000000066e000000| PB 0x000000066e000000| Untracked 
| 441|0x000000066e400000, 0x000000066e400000, 0x000000066e800000|  0%| F|  |TAMS 0x000000066e400000| PB 0x000000066e400000| Untracked 
| 442|0x000000066e800000, 0x000000066e800000, 0x000000066ec00000|  0%| F|  |TAMS 0x000000066e800000| PB 0x000000066e800000| Untracked 
| 443|0x000000066ec00000, 0x000000066ec00000, 0x000000066f000000|  0%| F|  |TAMS 0x000000066ec00000| PB 0x000000066ec00000| Untracked 
| 444|0x000000066f000000, 0x000000066f000000, 0x000000066f400000|  0%| F|  |TAMS 0x000000066f000000| PB 0x000000066f000000| Untracked 
| 445|0x000000066f400000, 0x000000066f400000, 0x000000066f800000|  0%| F|  |TAMS 0x000000066f400000| PB 0x000000066f400000| Untracked 
| 446|0x000000066f800000, 0x000000066f800000, 0x000000066fc00000|  0%| F|  |TAMS 0x000000066f800000| PB 0x000000066f800000| Untracked 
| 447|0x000000066fc00000, 0x000000066fc00000, 0x0000000670000000|  0%| F|  |TAMS 0x000000066fc00000| PB 0x000000066fc00000| Untracked 
| 448|0x0000000670000000, 0x0000000670000000, 0x0000000670400000|  0%| F|  |TAMS 0x0000000670000000| PB 0x0000000670000000| Untracked 
| 449|0x0000000670400000, 0x0000000670400000, 0x0000000670800000|  0%| F|  |TAMS 0x0000000670400000| PB 0x0000000670400000| Untracked 
| 450|0x0000000670800000, 0x0000000670800000, 0x0000000670c00000|  0%| F|  |TAMS 0x0000000670800000| PB 0x0000000670800000| Untracked 
| 451|0x0000000670c00000, 0x0000000670c00000, 0x0000000671000000|  0%| F|  |TAMS 0x0000000670c00000| PB 0x0000000670c00000| Untracked 
| 452|0x0000000671000000, 0x0000000671000000, 0x0000000671400000|  0%| F|  |TAMS 0x0000000671000000| PB 0x0000000671000000| Untracked 
| 453|0x0000000671400000, 0x0000000671400000, 0x0000000671800000|  0%| F|  |TAMS 0x0000000671400000| PB 0x0000000671400000| Untracked 
| 454|0x0000000671800000, 0x0000000671800000, 0x0000000671c00000|  0%| F|  |TAMS 0x0000000671800000| PB 0x0000000671800000| Untracked 
| 455|0x0000000671c00000, 0x0000000671c00000, 0x0000000672000000|  0%| F|  |TAMS 0x0000000671c00000| PB 0x0000000671c00000| Untracked 
| 456|0x0000000672000000, 0x0000000672000000, 0x0000000672400000|  0%| F|  |TAMS 0x0000000672000000| PB 0x0000000672000000| Untracked 
| 457|0x0000000672400000, 0x0000000672400000, 0x0000000672800000|  0%| F|  |TAMS 0x0000000672400000| PB 0x0000000672400000| Untracked 
| 458|0x0000000672800000, 0x0000000672800000, 0x0000000672c00000|  0%| F|  |TAMS 0x0000000672800000| PB 0x0000000672800000| Untracked 
| 459|0x0000000672c00000, 0x0000000672c00000, 0x0000000673000000|  0%| F|  |TAMS 0x0000000672c00000| PB 0x0000000672c00000| Untracked 
| 460|0x0000000673000000, 0x0000000673000000, 0x0000000673400000|  0%| F|  |TAMS 0x0000000673000000| PB 0x0000000673000000| Untracked 
| 461|0x0000000673400000, 0x0000000673400000, 0x0000000673800000|  0%| F|  |TAMS 0x0000000673400000| PB 0x0000000673400000| Untracked 
| 462|0x0000000673800000, 0x0000000673800000, 0x0000000673c00000|  0%| F|  |TAMS 0x0000000673800000| PB 0x0000000673800000| Untracked 
| 463|0x0000000673c00000, 0x0000000673c00000, 0x0000000674000000|  0%| F|  |TAMS 0x0000000673c00000| PB 0x0000000673c00000| Untracked 
| 464|0x0000000674000000, 0x0000000674000000, 0x0000000674400000|  0%| F|  |TAMS 0x0000000674000000| PB 0x0000000674000000| Untracked 
| 465|0x0000000674400000, 0x0000000674400000, 0x0000000674800000|  0%| F|  |TAMS 0x0000000674400000| PB 0x0000000674400000| Untracked 
| 466|0x0000000674800000, 0x0000000674800000, 0x0000000674c00000|  0%| F|  |TAMS 0x0000000674800000| PB 0x0000000674800000| Untracked 
| 467|0x0000000674c00000, 0x0000000674c00000, 0x0000000675000000|  0%| F|  |TAMS 0x0000000674c00000| PB 0x0000000674c00000| Untracked 
| 468|0x0000000675000000, 0x0000000675000000, 0x0000000675400000|  0%| F|  |TAMS 0x0000000675000000| PB 0x0000000675000000| Untracked 
| 469|0x0000000675400000, 0x0000000675400000, 0x0000000675800000|  0%| F|  |TAMS 0x0000000675400000| PB 0x0000000675400000| Untracked 
| 470|0x0000000675800000, 0x0000000675800000, 0x0000000675c00000|  0%| F|  |TAMS 0x0000000675800000| PB 0x0000000675800000| Untracked 
| 471|0x0000000675c00000, 0x0000000675c00000, 0x0000000676000000|  0%| F|  |TAMS 0x0000000675c00000| PB 0x0000000675c00000| Untracked 
| 472|0x0000000676000000, 0x0000000676000000, 0x0000000676400000|  0%| F|  |TAMS 0x0000000676000000| PB 0x0000000676000000| Untracked 
| 473|0x0000000676400000, 0x0000000676400000, 0x0000000676800000|  0%| F|  |TAMS 0x0000000676400000| PB 0x0000000676400000| Untracked 
| 474|0x0000000676800000, 0x0000000676800000, 0x0000000676c00000|  0%| F|  |TAMS 0x0000000676800000| PB 0x0000000676800000| Untracked 
| 475|0x0000000676c00000, 0x0000000676c00000, 0x0000000677000000|  0%| F|  |TAMS 0x0000000676c00000| PB 0x0000000676c00000| Untracked 
| 476|0x0000000677000000, 0x0000000677000000, 0x0000000677400000|  0%| F|  |TAMS 0x0000000677000000| PB 0x0000000677000000| Untracked 
| 477|0x0000000677400000, 0x0000000677400000, 0x0000000677800000|  0%| F|  |TAMS 0x0000000677400000| PB 0x0000000677400000| Untracked 
| 478|0x0000000677800000, 0x0000000677800000, 0x0000000677c00000|  0%| F|  |TAMS 0x0000000677800000| PB 0x0000000677800000| Untracked 
| 479|0x0000000677c00000, 0x0000000677c00000, 0x0000000678000000|  0%| F|  |TAMS 0x0000000677c00000| PB 0x0000000677c00000| Untracked 
| 480|0x0000000678000000, 0x0000000678000000, 0x0000000678400000|  0%| F|  |TAMS 0x0000000678000000| PB 0x0000000678000000| Untracked 
| 481|0x0000000678400000, 0x0000000678400000, 0x0000000678800000|  0%| F|  |TAMS 0x0000000678400000| PB 0x0000000678400000| Untracked 
| 482|0x0000000678800000, 0x0000000678800000, 0x0000000678c00000|  0%| F|  |TAMS 0x0000000678800000| PB 0x0000000678800000| Untracked 
| 483|0x0000000678c00000, 0x0000000678c00000, 0x0000000679000000|  0%| F|  |TAMS 0x0000000678c00000| PB 0x0000000678c00000| Untracked 
| 484|0x0000000679000000, 0x0000000679000000, 0x0000000679400000|  0%| F|  |TAMS 0x0000000679000000| PB 0x0000000679000000| Untracked 
| 485|0x0000000679400000, 0x0000000679400000, 0x0000000679800000|  0%| F|  |TAMS 0x0000000679400000| PB 0x0000000679400000| Untracked 
| 486|0x0000000679800000, 0x0000000679800000, 0x0000000679c00000|  0%| F|  |TAMS 0x0000000679800000| PB 0x0000000679800000| Untracked 
| 487|0x0000000679c00000, 0x0000000679c00000, 0x000000067a000000|  0%| F|  |TAMS 0x0000000679c00000| PB 0x0000000679c00000| Untracked 
| 488|0x000000067a000000, 0x000000067a000000, 0x000000067a400000|  0%| F|  |TAMS 0x000000067a000000| PB 0x000000067a000000| Untracked 
| 489|0x000000067a400000, 0x000000067a400000, 0x000000067a800000|  0%| F|  |TAMS 0x000000067a400000| PB 0x000000067a400000| Untracked 
| 490|0x000000067a800000, 0x000000067a800000, 0x000000067ac00000|  0%| F|  |TAMS 0x000000067a800000| PB 0x000000067a800000| Untracked 
| 491|0x000000067ac00000, 0x000000067ac00000, 0x000000067b000000|  0%| F|  |TAMS 0x000000067ac00000| PB 0x000000067ac00000| Untracked 
| 492|0x000000067b000000, 0x000000067b000000, 0x000000067b400000|  0%| F|  |TAMS 0x000000067b000000| PB 0x000000067b000000| Untracked 
| 493|0x000000067b400000, 0x000000067b400000, 0x000000067b800000|  0%| F|  |TAMS 0x000000067b400000| PB 0x000000067b400000| Untracked 
| 494|0x000000067b800000, 0x000000067b800000, 0x000000067bc00000|  0%| F|  |TAMS 0x000000067b800000| PB 0x000000067b800000| Untracked 
| 495|0x000000067bc00000, 0x000000067bc00000, 0x000000067c000000|  0%| F|  |TAMS 0x000000067bc00000| PB 0x000000067bc00000| Untracked 
| 496|0x000000067c000000, 0x000000067c000000, 0x000000067c400000|  0%| F|  |TAMS 0x000000067c000000| PB 0x000000067c000000| Untracked 
| 497|0x000000067c400000, 0x000000067c400000, 0x000000067c800000|  0%| F|  |TAMS 0x000000067c400000| PB 0x000000067c400000| Untracked 
| 498|0x000000067c800000, 0x000000067c800000, 0x000000067cc00000|  0%| F|  |TAMS 0x000000067c800000| PB 0x000000067c800000| Untracked 
| 499|0x000000067cc00000, 0x000000067cc00000, 0x000000067d000000|  0%| F|  |TAMS 0x000000067cc00000| PB 0x000000067cc00000| Untracked 
| 500|0x000000067d000000, 0x000000067d000000, 0x000000067d400000|  0%| F|  |TAMS 0x000000067d000000| PB 0x000000067d000000| Untracked 
| 501|0x000000067d400000, 0x000000067d400000, 0x000000067d800000|  0%| F|  |TAMS 0x000000067d400000| PB 0x000000067d400000| Untracked 
| 502|0x000000067d800000, 0x000000067d800000, 0x000000067dc00000|  0%| F|  |TAMS 0x000000067d800000| PB 0x000000067d800000| Untracked 
| 503|0x000000067dc00000, 0x000000067dc00000, 0x000000067e000000|  0%| F|  |TAMS 0x000000067dc00000| PB 0x000000067dc00000| Untracked 
| 504|0x000000067e000000, 0x000000067e000000, 0x000000067e400000|  0%| F|  |TAMS 0x000000067e000000| PB 0x000000067e000000| Untracked 
| 505|0x000000067e400000, 0x000000067e400000, 0x000000067e800000|  0%| F|  |TAMS 0x000000067e400000| PB 0x000000067e400000| Untracked 
| 506|0x000000067e800000, 0x000000067e800000, 0x000000067ec00000|  0%| F|  |TAMS 0x000000067e800000| PB 0x000000067e800000| Untracked 
| 507|0x000000067ec00000, 0x000000067ec00000, 0x000000067f000000|  0%| F|  |TAMS 0x000000067ec00000| PB 0x000000067ec00000| Untracked 
| 508|0x000000067f000000, 0x000000067f000000, 0x000000067f400000|  0%| F|  |TAMS 0x000000067f000000| PB 0x000000067f000000| Untracked 
| 509|0x000000067f400000, 0x000000067f400000, 0x000000067f800000|  0%| F|  |TAMS 0x000000067f400000| PB 0x000000067f400000| Untracked 
| 510|0x000000067f800000, 0x000000067f800000, 0x000000067fc00000|  0%| F|  |TAMS 0x000000067f800000| PB 0x000000067f800000| Untracked 
| 511|0x000000067fc00000, 0x000000067fc00000, 0x0000000680000000|  0%| F|  |TAMS 0x000000067fc00000| PB 0x000000067fc00000| Untracked 
| 512|0x0000000680000000, 0x0000000680000000, 0x0000000680400000|  0%| F|  |TAMS 0x0000000680000000| PB 0x0000000680000000| Untracked 
| 513|0x0000000680400000, 0x0000000680400000, 0x0000000680800000|  0%| F|  |TAMS 0x0000000680400000| PB 0x0000000680400000| Untracked 
| 514|0x0000000680800000, 0x0000000680800000, 0x0000000680c00000|  0%| F|  |TAMS 0x0000000680800000| PB 0x0000000680800000| Untracked 
| 515|0x0000000680c00000, 0x0000000680c00000, 0x0000000681000000|  0%| F|  |TAMS 0x0000000680c00000| PB 0x0000000680c00000| Untracked 
| 516|0x0000000681000000, 0x0000000681000000, 0x0000000681400000|  0%| F|  |TAMS 0x0000000681000000| PB 0x0000000681000000| Untracked 
| 517|0x0000000681400000, 0x0000000681400000, 0x0000000681800000|  0%| F|  |TAMS 0x0000000681400000| PB 0x0000000681400000| Untracked 
| 518|0x0000000681800000, 0x0000000681800000, 0x0000000681c00000|  0%| F|  |TAMS 0x0000000681800000| PB 0x0000000681800000| Untracked 
| 519|0x0000000681c00000, 0x0000000681c00000, 0x0000000682000000|  0%| F|  |TAMS 0x0000000681c00000| PB 0x0000000681c00000| Untracked 
| 520|0x0000000682000000, 0x0000000682000000, 0x0000000682400000|  0%| F|  |TAMS 0x0000000682000000| PB 0x0000000682000000| Untracked 
| 521|0x0000000682400000, 0x0000000682400000, 0x0000000682800000|  0%| F|  |TAMS 0x0000000682400000| PB 0x0000000682400000| Untracked 
| 522|0x0000000682800000, 0x0000000682800000, 0x0000000682c00000|  0%| F|  |TAMS 0x0000000682800000| PB 0x0000000682800000| Untracked 
| 523|0x0000000682c00000, 0x0000000682c00000, 0x0000000683000000|  0%| F|  |TAMS 0x0000000682c00000| PB 0x0000000682c00000| Untracked 
| 524|0x0000000683000000, 0x0000000683000000, 0x0000000683400000|  0%| F|  |TAMS 0x0000000683000000| PB 0x0000000683000000| Untracked 
| 525|0x0000000683400000, 0x0000000683400000, 0x0000000683800000|  0%| F|  |TAMS 0x0000000683400000| PB 0x0000000683400000| Untracked 
| 526|0x0000000683800000, 0x0000000683800000, 0x0000000683c00000|  0%| F|  |TAMS 0x0000000683800000| PB 0x0000000683800000| Untracked 
| 527|0x0000000683c00000, 0x0000000683c00000, 0x0000000684000000|  0%| F|  |TAMS 0x0000000683c00000| PB 0x0000000683c00000| Untracked 
| 528|0x0000000684000000, 0x0000000684000000, 0x0000000684400000|  0%| F|  |TAMS 0x0000000684000000| PB 0x0000000684000000| Untracked 
| 529|0x0000000684400000, 0x0000000684400000, 0x0000000684800000|  0%| F|  |TAMS 0x0000000684400000| PB 0x0000000684400000| Untracked 
| 530|0x0000000684800000, 0x0000000684800000, 0x0000000684c00000|  0%| F|  |TAMS 0x0000000684800000| PB 0x0000000684800000| Untracked 
| 531|0x0000000684c00000, 0x0000000684c00000, 0x0000000685000000|  0%| F|  |TAMS 0x0000000684c00000| PB 0x0000000684c00000| Untracked 
| 532|0x0000000685000000, 0x0000000685000000, 0x0000000685400000|  0%| F|  |TAMS 0x0000000685000000| PB 0x0000000685000000| Untracked 
| 533|0x0000000685400000, 0x0000000685400000, 0x0000000685800000|  0%| F|  |TAMS 0x0000000685400000| PB 0x0000000685400000| Untracked 
| 534|0x0000000685800000, 0x0000000685800000, 0x0000000685c00000|  0%| F|  |TAMS 0x0000000685800000| PB 0x0000000685800000| Untracked 
| 535|0x0000000685c00000, 0x0000000685c00000, 0x0000000686000000|  0%| F|  |TAMS 0x0000000685c00000| PB 0x0000000685c00000| Untracked 
| 536|0x0000000686000000, 0x0000000686000000, 0x0000000686400000|  0%| F|  |TAMS 0x0000000686000000| PB 0x0000000686000000| Untracked 
| 537|0x0000000686400000, 0x0000000686400000, 0x0000000686800000|  0%| F|  |TAMS 0x0000000686400000| PB 0x0000000686400000| Untracked 
| 538|0x0000000686800000, 0x0000000686800000, 0x0000000686c00000|  0%| F|  |TAMS 0x0000000686800000| PB 0x0000000686800000| Untracked 
| 539|0x0000000686c00000, 0x0000000686c00000, 0x0000000687000000|  0%| F|  |TAMS 0x0000000686c00000| PB 0x0000000686c00000| Untracked 
| 540|0x0000000687000000, 0x0000000687000000, 0x0000000687400000|  0%| F|  |TAMS 0x0000000687000000| PB 0x0000000687000000| Untracked 
| 541|0x0000000687400000, 0x0000000687400000, 0x0000000687800000|  0%| F|  |TAMS 0x0000000687400000| PB 0x0000000687400000| Untracked 
| 542|0x0000000687800000, 0x0000000687800000, 0x0000000687c00000|  0%| F|  |TAMS 0x0000000687800000| PB 0x0000000687800000| Untracked 
| 543|0x0000000687c00000, 0x0000000687c00000, 0x0000000688000000|  0%| F|  |TAMS 0x0000000687c00000| PB 0x0000000687c00000| Untracked 
| 544|0x0000000688000000, 0x0000000688000000, 0x0000000688400000|  0%| F|  |TAMS 0x0000000688000000| PB 0x0000000688000000| Untracked 
| 545|0x0000000688400000, 0x0000000688400000, 0x0000000688800000|  0%| F|  |TAMS 0x0000000688400000| PB 0x0000000688400000| Untracked 
| 546|0x0000000688800000, 0x0000000688800000, 0x0000000688c00000|  0%| F|  |TAMS 0x0000000688800000| PB 0x0000000688800000| Untracked 
| 547|0x0000000688c00000, 0x0000000688c00000, 0x0000000689000000|  0%| F|  |TAMS 0x0000000688c00000| PB 0x0000000688c00000| Untracked 
| 548|0x0000000689000000, 0x0000000689000000, 0x0000000689400000|  0%| F|  |TAMS 0x0000000689000000| PB 0x0000000689000000| Untracked 
| 549|0x0000000689400000, 0x0000000689400000, 0x0000000689800000|  0%| F|  |TAMS 0x0000000689400000| PB 0x0000000689400000| Untracked 
| 550|0x0000000689800000, 0x0000000689800000, 0x0000000689c00000|  0%| F|  |TAMS 0x0000000689800000| PB 0x0000000689800000| Untracked 
| 551|0x0000000689c00000, 0x0000000689c00000, 0x000000068a000000|  0%| F|  |TAMS 0x0000000689c00000| PB 0x0000000689c00000| Untracked 
| 552|0x000000068a000000, 0x000000068a000000, 0x000000068a400000|  0%| F|  |TAMS 0x000000068a000000| PB 0x000000068a000000| Untracked 
| 553|0x000000068a400000, 0x000000068a400000, 0x000000068a800000|  0%| F|  |TAMS 0x000000068a400000| PB 0x000000068a400000| Untracked 
| 554|0x000000068a800000, 0x000000068a800000, 0x000000068ac00000|  0%| F|  |TAMS 0x000000068a800000| PB 0x000000068a800000| Untracked 
| 555|0x000000068ac00000, 0x000000068ac00000, 0x000000068b000000|  0%| F|  |TAMS 0x000000068ac00000| PB 0x000000068ac00000| Untracked 
| 556|0x000000068b000000, 0x000000068b000000, 0x000000068b400000|  0%| F|  |TAMS 0x000000068b000000| PB 0x000000068b000000| Untracked 
| 557|0x000000068b400000, 0x000000068b400000, 0x000000068b800000|  0%| F|  |TAMS 0x000000068b400000| PB 0x000000068b400000| Untracked 
| 558|0x000000068b800000, 0x000000068b800000, 0x000000068bc00000|  0%| F|  |TAMS 0x000000068b800000| PB 0x000000068b800000| Untracked 
| 559|0x000000068bc00000, 0x000000068bc00000, 0x000000068c000000|  0%| F|  |TAMS 0x000000068bc00000| PB 0x000000068bc00000| Untracked 
| 560|0x000000068c000000, 0x000000068c000000, 0x000000068c400000|  0%| F|  |TAMS 0x000000068c000000| PB 0x000000068c000000| Untracked 
| 561|0x000000068c400000, 0x000000068c400000, 0x000000068c800000|  0%| F|  |TAMS 0x000000068c400000| PB 0x000000068c400000| Untracked 
| 562|0x000000068c800000, 0x000000068c800000, 0x000000068cc00000|  0%| F|  |TAMS 0x000000068c800000| PB 0x000000068c800000| Untracked 
| 563|0x000000068cc00000, 0x000000068cc00000, 0x000000068d000000|  0%| F|  |TAMS 0x000000068cc00000| PB 0x000000068cc00000| Untracked 
| 564|0x000000068d000000, 0x000000068d000000, 0x000000068d400000|  0%| F|  |TAMS 0x000000068d000000| PB 0x000000068d000000| Untracked 
| 565|0x000000068d400000, 0x000000068d400000, 0x000000068d800000|  0%| F|  |TAMS 0x000000068d400000| PB 0x000000068d400000| Untracked 
| 566|0x000000068d800000, 0x000000068d800000, 0x000000068dc00000|  0%| F|  |TAMS 0x000000068d800000| PB 0x000000068d800000| Untracked 
| 567|0x000000068dc00000, 0x000000068dc00000, 0x000000068e000000|  0%| F|  |TAMS 0x000000068dc00000| PB 0x000000068dc00000| Untracked 
| 568|0x000000068e000000, 0x000000068e000000, 0x000000068e400000|  0%| F|  |TAMS 0x000000068e000000| PB 0x000000068e000000| Untracked 
| 569|0x000000068e400000, 0x000000068e400000, 0x000000068e800000|  0%| F|  |TAMS 0x000000068e400000| PB 0x000000068e400000| Untracked 
| 570|0x000000068e800000, 0x000000068e800000, 0x000000068ec00000|  0%| F|  |TAMS 0x000000068e800000| PB 0x000000068e800000| Untracked 
| 571|0x000000068ec00000, 0x000000068ec00000, 0x000000068f000000|  0%| F|  |TAMS 0x000000068ec00000| PB 0x000000068ec00000| Untracked 
| 572|0x000000068f000000, 0x000000068f000000, 0x000000068f400000|  0%| F|  |TAMS 0x000000068f000000| PB 0x000000068f000000| Untracked 
| 573|0x000000068f400000, 0x000000068f400000, 0x000000068f800000|  0%| F|  |TAMS 0x000000068f400000| PB 0x000000068f400000| Untracked 
| 574|0x000000068f800000, 0x000000068f800000, 0x000000068fc00000|  0%| F|  |TAMS 0x000000068f800000| PB 0x000000068f800000| Untracked 
| 575|0x000000068fc00000, 0x000000068fc00000, 0x0000000690000000|  0%| F|  |TAMS 0x000000068fc00000| PB 0x000000068fc00000| Untracked 
| 576|0x0000000690000000, 0x0000000690000000, 0x0000000690400000|  0%| F|  |TAMS 0x0000000690000000| PB 0x0000000690000000| Untracked 
| 577|0x0000000690400000, 0x0000000690400000, 0x0000000690800000|  0%| F|  |TAMS 0x0000000690400000| PB 0x0000000690400000| Untracked 
| 578|0x0000000690800000, 0x0000000690800000, 0x0000000690c00000|  0%| F|  |TAMS 0x0000000690800000| PB 0x0000000690800000| Untracked 
| 579|0x0000000690c00000, 0x0000000690c00000, 0x0000000691000000|  0%| F|  |TAMS 0x0000000690c00000| PB 0x0000000690c00000| Untracked 
| 580|0x0000000691000000, 0x0000000691000000, 0x0000000691400000|  0%| F|  |TAMS 0x0000000691000000| PB 0x0000000691000000| Untracked 
| 581|0x0000000691400000, 0x0000000691400000, 0x0000000691800000|  0%| F|  |TAMS 0x0000000691400000| PB 0x0000000691400000| Untracked 
| 582|0x0000000691800000, 0x0000000691800000, 0x0000000691c00000|  0%| F|  |TAMS 0x0000000691800000| PB 0x0000000691800000| Untracked 
| 583|0x0000000691c00000, 0x0000000691c00000, 0x0000000692000000|  0%| F|  |TAMS 0x0000000691c00000| PB 0x0000000691c00000| Untracked 
| 584|0x0000000692000000, 0x0000000692000000, 0x0000000692400000|  0%| F|  |TAMS 0x0000000692000000| PB 0x0000000692000000| Untracked 
| 585|0x0000000692400000, 0x0000000692400000, 0x0000000692800000|  0%| F|  |TAMS 0x0000000692400000| PB 0x0000000692400000| Untracked 
| 586|0x0000000692800000, 0x0000000692800000, 0x0000000692c00000|  0%| F|  |TAMS 0x0000000692800000| PB 0x0000000692800000| Untracked 
| 587|0x0000000692c00000, 0x0000000692c00000, 0x0000000693000000|  0%| F|  |TAMS 0x0000000692c00000| PB 0x0000000692c00000| Untracked 
| 588|0x0000000693000000, 0x0000000693000000, 0x0000000693400000|  0%| F|  |TAMS 0x0000000693000000| PB 0x0000000693000000| Untracked 
| 589|0x0000000693400000, 0x0000000693400000, 0x0000000693800000|  0%| F|  |TAMS 0x0000000693400000| PB 0x0000000693400000| Untracked 
| 590|0x0000000693800000, 0x0000000693800000, 0x0000000693c00000|  0%| F|  |TAMS 0x0000000693800000| PB 0x0000000693800000| Untracked 
| 591|0x0000000693c00000, 0x0000000693c00000, 0x0000000694000000|  0%| F|  |TAMS 0x0000000693c00000| PB 0x0000000693c00000| Untracked 
| 592|0x0000000694000000, 0x0000000694000000, 0x0000000694400000|  0%| F|  |TAMS 0x0000000694000000| PB 0x0000000694000000| Untracked 
| 593|0x0000000694400000, 0x0000000694400000, 0x0000000694800000|  0%| F|  |TAMS 0x0000000694400000| PB 0x0000000694400000| Untracked 
| 594|0x0000000694800000, 0x0000000694800000, 0x0000000694c00000|  0%| F|  |TAMS 0x0000000694800000| PB 0x0000000694800000| Untracked 
| 595|0x0000000694c00000, 0x0000000694c00000, 0x0000000695000000|  0%| F|  |TAMS 0x0000000694c00000| PB 0x0000000694c00000| Untracked 
| 596|0x0000000695000000, 0x0000000695000000, 0x0000000695400000|  0%| F|  |TAMS 0x0000000695000000| PB 0x0000000695000000| Untracked 
| 597|0x0000000695400000, 0x0000000695400000, 0x0000000695800000|  0%| F|  |TAMS 0x0000000695400000| PB 0x0000000695400000| Untracked 
| 598|0x0000000695800000, 0x0000000695800000, 0x0000000695c00000|  0%| F|  |TAMS 0x0000000695800000| PB 0x0000000695800000| Untracked 
| 599|0x0000000695c00000, 0x0000000695c00000, 0x0000000696000000|  0%| F|  |TAMS 0x0000000695c00000| PB 0x0000000695c00000| Untracked 
| 600|0x0000000696000000, 0x0000000696000000, 0x0000000696400000|  0%| F|  |TAMS 0x0000000696000000| PB 0x0000000696000000| Untracked 
| 601|0x0000000696400000, 0x0000000696400000, 0x0000000696800000|  0%| F|  |TAMS 0x0000000696400000| PB 0x0000000696400000| Untracked 
| 602|0x0000000696800000, 0x0000000696800000, 0x0000000696c00000|  0%| F|  |TAMS 0x0000000696800000| PB 0x0000000696800000| Untracked 
| 603|0x0000000696c00000, 0x0000000696c00000, 0x0000000697000000|  0%| F|  |TAMS 0x0000000696c00000| PB 0x0000000696c00000| Untracked 
| 604|0x0000000697000000, 0x0000000697000000, 0x0000000697400000|  0%| F|  |TAMS 0x0000000697000000| PB 0x0000000697000000| Untracked 
| 605|0x0000000697400000, 0x0000000697400000, 0x0000000697800000|  0%| F|  |TAMS 0x0000000697400000| PB 0x0000000697400000| Untracked 
| 606|0x0000000697800000, 0x0000000697800000, 0x0000000697c00000|  0%| F|  |TAMS 0x0000000697800000| PB 0x0000000697800000| Untracked 
| 607|0x0000000697c00000, 0x0000000697c00000, 0x0000000698000000|  0%| F|  |TAMS 0x0000000697c00000| PB 0x0000000697c00000| Untracked 
| 608|0x0000000698000000, 0x0000000698000000, 0x0000000698400000|  0%| F|  |TAMS 0x0000000698000000| PB 0x0000000698000000| Untracked 
| 609|0x0000000698400000, 0x0000000698400000, 0x0000000698800000|  0%| F|  |TAMS 0x0000000698400000| PB 0x0000000698400000| Untracked 
| 610|0x0000000698800000, 0x0000000698800000, 0x0000000698c00000|  0%| F|  |TAMS 0x0000000698800000| PB 0x0000000698800000| Untracked 
| 611|0x0000000698c00000, 0x0000000698c00000, 0x0000000699000000|  0%| F|  |TAMS 0x0000000698c00000| PB 0x0000000698c00000| Untracked 
| 612|0x0000000699000000, 0x0000000699000000, 0x0000000699400000|  0%| F|  |TAMS 0x0000000699000000| PB 0x0000000699000000| Untracked 
| 613|0x0000000699400000, 0x0000000699400000, 0x0000000699800000|  0%| F|  |TAMS 0x0000000699400000| PB 0x0000000699400000| Untracked 
| 614|0x0000000699800000, 0x0000000699800000, 0x0000000699c00000|  0%| F|  |TAMS 0x0000000699800000| PB 0x0000000699800000| Untracked 
| 615|0x0000000699c00000, 0x0000000699c00000, 0x000000069a000000|  0%| F|  |TAMS 0x0000000699c00000| PB 0x0000000699c00000| Untracked 
| 616|0x000000069a000000, 0x000000069a000000, 0x000000069a400000|  0%| F|  |TAMS 0x000000069a000000| PB 0x000000069a000000| Untracked 
| 617|0x000000069a400000, 0x000000069a400000, 0x000000069a800000|  0%| F|  |TAMS 0x000000069a400000| PB 0x000000069a400000| Untracked 
| 618|0x000000069a800000, 0x000000069a800000, 0x000000069ac00000|  0%| F|  |TAMS 0x000000069a800000| PB 0x000000069a800000| Untracked 
| 619|0x000000069ac00000, 0x000000069ac00000, 0x000000069b000000|  0%| F|  |TAMS 0x000000069ac00000| PB 0x000000069ac00000| Untracked 
| 620|0x000000069b000000, 0x000000069b000000, 0x000000069b400000|  0%| F|  |TAMS 0x000000069b000000| PB 0x000000069b000000| Untracked 
| 621|0x000000069b400000, 0x000000069b400000, 0x000000069b800000|  0%| F|  |TAMS 0x000000069b400000| PB 0x000000069b400000| Untracked 
| 622|0x000000069b800000, 0x000000069b800000, 0x000000069bc00000|  0%| F|  |TAMS 0x000000069b800000| PB 0x000000069b800000| Untracked 
| 623|0x000000069bc00000, 0x000000069bc00000, 0x000000069c000000|  0%| F|  |TAMS 0x000000069bc00000| PB 0x000000069bc00000| Untracked 
| 624|0x000000069c000000, 0x000000069c000000, 0x000000069c400000|  0%| F|  |TAMS 0x000000069c000000| PB 0x000000069c000000| Untracked 
| 625|0x000000069c400000, 0x000000069c400000, 0x000000069c800000|  0%| F|  |TAMS 0x000000069c400000| PB 0x000000069c400000| Untracked 
| 626|0x000000069c800000, 0x000000069c800000, 0x000000069cc00000|  0%| F|  |TAMS 0x000000069c800000| PB 0x000000069c800000| Untracked 
| 627|0x000000069cc00000, 0x000000069cc00000, 0x000000069d000000|  0%| F|  |TAMS 0x000000069cc00000| PB 0x000000069cc00000| Untracked 
| 628|0x000000069d000000, 0x000000069d000000, 0x000000069d400000|  0%| F|  |TAMS 0x000000069d000000| PB 0x000000069d000000| Untracked 
| 629|0x000000069d400000, 0x000000069d400000, 0x000000069d800000|  0%| F|  |TAMS 0x000000069d400000| PB 0x000000069d400000| Untracked 
| 630|0x000000069d800000, 0x000000069d800000, 0x000000069dc00000|  0%| F|  |TAMS 0x000000069d800000| PB 0x000000069d800000| Untracked 
| 631|0x000000069dc00000, 0x000000069dc00000, 0x000000069e000000|  0%| F|  |TAMS 0x000000069dc00000| PB 0x000000069dc00000| Untracked 
| 632|0x000000069e000000, 0x000000069e000000, 0x000000069e400000|  0%| F|  |TAMS 0x000000069e000000| PB 0x000000069e000000| Untracked 
| 633|0x000000069e400000, 0x000000069e400000, 0x000000069e800000|  0%| F|  |TAMS 0x000000069e400000| PB 0x000000069e400000| Untracked 
| 634|0x000000069e800000, 0x000000069e800000, 0x000000069ec00000|  0%| F|  |TAMS 0x000000069e800000| PB 0x000000069e800000| Untracked 
| 635|0x000000069ec00000, 0x000000069ec00000, 0x000000069f000000|  0%| F|  |TAMS 0x000000069ec00000| PB 0x000000069ec00000| Untracked 
| 636|0x000000069f000000, 0x000000069f000000, 0x000000069f400000|  0%| F|  |TAMS 0x000000069f000000| PB 0x000000069f000000| Untracked 
| 637|0x000000069f400000, 0x000000069f400000, 0x000000069f800000|  0%| F|  |TAMS 0x000000069f400000| PB 0x000000069f400000| Untracked 
| 638|0x000000069f800000, 0x000000069f800000, 0x000000069fc00000|  0%| F|  |TAMS 0x000000069f800000| PB 0x000000069f800000| Untracked 
| 639|0x000000069fc00000, 0x000000069fc00000, 0x00000006a0000000|  0%| F|  |TAMS 0x000000069fc00000| PB 0x000000069fc00000| Untracked 
| 640|0x00000006a0000000, 0x00000006a0000000, 0x00000006a0400000|  0%| F|  |TAMS 0x00000006a0000000| PB 0x00000006a0000000| Untracked 
| 641|0x00000006a0400000, 0x00000006a0400000, 0x00000006a0800000|  0%| F|  |TAMS 0x00000006a0400000| PB 0x00000006a0400000| Untracked 
| 642|0x00000006a0800000, 0x00000006a0800000, 0x00000006a0c00000|  0%| F|  |TAMS 0x00000006a0800000| PB 0x00000006a0800000| Untracked 
| 643|0x00000006a0c00000, 0x00000006a0c00000, 0x00000006a1000000|  0%| F|  |TAMS 0x00000006a0c00000| PB 0x00000006a0c00000| Untracked 
| 644|0x00000006a1000000, 0x00000006a1000000, 0x00000006a1400000|  0%| F|  |TAMS 0x00000006a1000000| PB 0x00000006a1000000| Untracked 
| 645|0x00000006a1400000, 0x00000006a1400000, 0x00000006a1800000|  0%| F|  |TAMS 0x00000006a1400000| PB 0x00000006a1400000| Untracked 
| 646|0x00000006a1800000, 0x00000006a1800000, 0x00000006a1c00000|  0%| F|  |TAMS 0x00000006a1800000| PB 0x00000006a1800000| Untracked 
| 647|0x00000006a1c00000, 0x00000006a1c00000, 0x00000006a2000000|  0%| F|  |TAMS 0x00000006a1c00000| PB 0x00000006a1c00000| Untracked 
| 648|0x00000006a2000000, 0x00000006a2000000, 0x00000006a2400000|  0%| F|  |TAMS 0x00000006a2000000| PB 0x00000006a2000000| Untracked 
| 649|0x00000006a2400000, 0x00000006a2400000, 0x00000006a2800000|  0%| F|  |TAMS 0x00000006a2400000| PB 0x00000006a2400000| Untracked 
| 650|0x00000006a2800000, 0x00000006a2800000, 0x00000006a2c00000|  0%| F|  |TAMS 0x00000006a2800000| PB 0x00000006a2800000| Untracked 
| 651|0x00000006a2c00000, 0x00000006a2c00000, 0x00000006a3000000|  0%| F|  |TAMS 0x00000006a2c00000| PB 0x00000006a2c00000| Untracked 
| 652|0x00000006a3000000, 0x00000006a3000000, 0x00000006a3400000|  0%| F|  |TAMS 0x00000006a3000000| PB 0x00000006a3000000| Untracked 
| 653|0x00000006a3400000, 0x00000006a3400000, 0x00000006a3800000|  0%| F|  |TAMS 0x00000006a3400000| PB 0x00000006a3400000| Untracked 
| 654|0x00000006a3800000, 0x00000006a3800000, 0x00000006a3c00000|  0%| F|  |TAMS 0x00000006a3800000| PB 0x00000006a3800000| Untracked 
| 655|0x00000006a3c00000, 0x00000006a3c00000, 0x00000006a4000000|  0%| F|  |TAMS 0x00000006a3c00000| PB 0x00000006a3c00000| Untracked 
| 656|0x00000006a4000000, 0x00000006a4000000, 0x00000006a4400000|  0%| F|  |TAMS 0x00000006a4000000| PB 0x00000006a4000000| Untracked 
| 657|0x00000006a4400000, 0x00000006a4400000, 0x00000006a4800000|  0%| F|  |TAMS 0x00000006a4400000| PB 0x00000006a4400000| Untracked 
| 658|0x00000006a4800000, 0x00000006a4800000, 0x00000006a4c00000|  0%| F|  |TAMS 0x00000006a4800000| PB 0x00000006a4800000| Untracked 
| 659|0x00000006a4c00000, 0x00000006a4c00000, 0x00000006a5000000|  0%| F|  |TAMS 0x00000006a4c00000| PB 0x00000006a4c00000| Untracked 
| 660|0x00000006a5000000, 0x00000006a5000000, 0x00000006a5400000|  0%| F|  |TAMS 0x00000006a5000000| PB 0x00000006a5000000| Untracked 
| 661|0x00000006a5400000, 0x00000006a5400000, 0x00000006a5800000|  0%| F|  |TAMS 0x00000006a5400000| PB 0x00000006a5400000| Untracked 
| 662|0x00000006a5800000, 0x00000006a5800000, 0x00000006a5c00000|  0%| F|  |TAMS 0x00000006a5800000| PB 0x00000006a5800000| Untracked 
| 663|0x00000006a5c00000, 0x00000006a5c00000, 0x00000006a6000000|  0%| F|  |TAMS 0x00000006a5c00000| PB 0x00000006a5c00000| Untracked 
| 664|0x00000006a6000000, 0x00000006a6000000, 0x00000006a6400000|  0%| F|  |TAMS 0x00000006a6000000| PB 0x00000006a6000000| Untracked 
| 665|0x00000006a6400000, 0x00000006a6400000, 0x00000006a6800000|  0%| F|  |TAMS 0x00000006a6400000| PB 0x00000006a6400000| Untracked 
| 666|0x00000006a6800000, 0x00000006a6800000, 0x00000006a6c00000|  0%| F|  |TAMS 0x00000006a6800000| PB 0x00000006a6800000| Untracked 
| 667|0x00000006a6c00000, 0x00000006a6c00000, 0x00000006a7000000|  0%| F|  |TAMS 0x00000006a6c00000| PB 0x00000006a6c00000| Untracked 
| 668|0x00000006a7000000, 0x00000006a7000000, 0x00000006a7400000|  0%| F|  |TAMS 0x00000006a7000000| PB 0x00000006a7000000| Untracked 
| 669|0x00000006a7400000, 0x00000006a7400000, 0x00000006a7800000|  0%| F|  |TAMS 0x00000006a7400000| PB 0x00000006a7400000| Untracked 
| 670|0x00000006a7800000, 0x00000006a7800000, 0x00000006a7c00000|  0%| F|  |TAMS 0x00000006a7800000| PB 0x00000006a7800000| Untracked 
| 671|0x00000006a7c00000, 0x00000006a7c00000, 0x00000006a8000000|  0%| F|  |TAMS 0x00000006a7c00000| PB 0x00000006a7c00000| Untracked 
| 672|0x00000006a8000000, 0x00000006a8000000, 0x00000006a8400000|  0%| F|  |TAMS 0x00000006a8000000| PB 0x00000006a8000000| Untracked 
| 673|0x00000006a8400000, 0x00000006a8400000, 0x00000006a8800000|  0%| F|  |TAMS 0x00000006a8400000| PB 0x00000006a8400000| Untracked 
| 674|0x00000006a8800000, 0x00000006a8800000, 0x00000006a8c00000|  0%| F|  |TAMS 0x00000006a8800000| PB 0x00000006a8800000| Untracked 
| 675|0x00000006a8c00000, 0x00000006a8c00000, 0x00000006a9000000|  0%| F|  |TAMS 0x00000006a8c00000| PB 0x00000006a8c00000| Untracked 
| 676|0x00000006a9000000, 0x00000006a9000000, 0x00000006a9400000|  0%| F|  |TAMS 0x00000006a9000000| PB 0x00000006a9000000| Untracked 
| 677|0x00000006a9400000, 0x00000006a9400000, 0x00000006a9800000|  0%| F|  |TAMS 0x00000006a9400000| PB 0x00000006a9400000| Untracked 
| 678|0x00000006a9800000, 0x00000006a9800000, 0x00000006a9c00000|  0%| F|  |TAMS 0x00000006a9800000| PB 0x00000006a9800000| Untracked 
| 679|0x00000006a9c00000, 0x00000006a9c00000, 0x00000006aa000000|  0%| F|  |TAMS 0x00000006a9c00000| PB 0x00000006a9c00000| Untracked 
| 680|0x00000006aa000000, 0x00000006aa000000, 0x00000006aa400000|  0%| F|  |TAMS 0x00000006aa000000| PB 0x00000006aa000000| Untracked 
| 681|0x00000006aa400000, 0x00000006aa400000, 0x00000006aa800000|  0%| F|  |TAMS 0x00000006aa400000| PB 0x00000006aa400000| Untracked 
| 682|0x00000006aa800000, 0x00000006aa800000, 0x00000006aac00000|  0%| F|  |TAMS 0x00000006aa800000| PB 0x00000006aa800000| Untracked 
| 683|0x00000006aac00000, 0x00000006aac00000, 0x00000006ab000000|  0%| F|  |TAMS 0x00000006aac00000| PB 0x00000006aac00000| Untracked 
| 684|0x00000006ab000000, 0x00000006ab000000, 0x00000006ab400000|  0%| F|  |TAMS 0x00000006ab000000| PB 0x00000006ab000000| Untracked 
| 685|0x00000006ab400000, 0x00000006ab400000, 0x00000006ab800000|  0%| F|  |TAMS 0x00000006ab400000| PB 0x00000006ab400000| Untracked 
| 686|0x00000006ab800000, 0x00000006ab800000, 0x00000006abc00000|  0%| F|  |TAMS 0x00000006ab800000| PB 0x00000006ab800000| Untracked 
| 687|0x00000006abc00000, 0x00000006abc00000, 0x00000006ac000000|  0%| F|  |TAMS 0x00000006abc00000| PB 0x00000006abc00000| Untracked 
| 688|0x00000006ac000000, 0x00000006ac000000, 0x00000006ac400000|  0%| F|  |TAMS 0x00000006ac000000| PB 0x00000006ac000000| Untracked 
| 689|0x00000006ac400000, 0x00000006ac400000, 0x00000006ac800000|  0%| F|  |TAMS 0x00000006ac400000| PB 0x00000006ac400000| Untracked 
| 690|0x00000006ac800000, 0x00000006ac800000, 0x00000006acc00000|  0%| F|  |TAMS 0x00000006ac800000| PB 0x00000006ac800000| Untracked 
| 691|0x00000006acc00000, 0x00000006acc00000, 0x00000006ad000000|  0%| F|  |TAMS 0x00000006acc00000| PB 0x00000006acc00000| Untracked 
| 692|0x00000006ad000000, 0x00000006ad000000, 0x00000006ad400000|  0%| F|  |TAMS 0x00000006ad000000| PB 0x00000006ad000000| Untracked 
| 693|0x00000006ad400000, 0x00000006ad400000, 0x00000006ad800000|  0%| F|  |TAMS 0x00000006ad400000| PB 0x00000006ad400000| Untracked 
| 694|0x00000006ad800000, 0x00000006ad800000, 0x00000006adc00000|  0%| F|  |TAMS 0x00000006ad800000| PB 0x00000006ad800000| Untracked 
| 695|0x00000006adc00000, 0x00000006adc00000, 0x00000006ae000000|  0%| F|  |TAMS 0x00000006adc00000| PB 0x00000006adc00000| Untracked 
| 696|0x00000006ae000000, 0x00000006ae000000, 0x00000006ae400000|  0%| F|  |TAMS 0x00000006ae000000| PB 0x00000006ae000000| Untracked 
| 697|0x00000006ae400000, 0x00000006ae400000, 0x00000006ae800000|  0%| F|  |TAMS 0x00000006ae400000| PB 0x00000006ae400000| Untracked 
| 698|0x00000006ae800000, 0x00000006ae800000, 0x00000006aec00000|  0%| F|  |TAMS 0x00000006ae800000| PB 0x00000006ae800000| Untracked 
| 699|0x00000006aec00000, 0x00000006aec00000, 0x00000006af000000|  0%| F|  |TAMS 0x00000006aec00000| PB 0x00000006aec00000| Untracked 
| 700|0x00000006af000000, 0x00000006af000000, 0x00000006af400000|  0%| F|  |TAMS 0x00000006af000000| PB 0x00000006af000000| Untracked 
| 701|0x00000006af400000, 0x00000006af400000, 0x00000006af800000|  0%| F|  |TAMS 0x00000006af400000| PB 0x00000006af400000| Untracked 
| 702|0x00000006af800000, 0x00000006af800000, 0x00000006afc00000|  0%| F|  |TAMS 0x00000006af800000| PB 0x00000006af800000| Untracked 
| 703|0x00000006afc00000, 0x00000006afc00000, 0x00000006b0000000|  0%| F|  |TAMS 0x00000006afc00000| PB 0x00000006afc00000| Untracked 
| 704|0x00000006b0000000, 0x00000006b0000000, 0x00000006b0400000|  0%| F|  |TAMS 0x00000006b0000000| PB 0x00000006b0000000| Untracked 
| 705|0x00000006b0400000, 0x00000006b0400000, 0x00000006b0800000|  0%| F|  |TAMS 0x00000006b0400000| PB 0x00000006b0400000| Untracked 
| 706|0x00000006b0800000, 0x00000006b0800000, 0x00000006b0c00000|  0%| F|  |TAMS 0x00000006b0800000| PB 0x00000006b0800000| Untracked 
| 707|0x00000006b0c00000, 0x00000006b0c00000, 0x00000006b1000000|  0%| F|  |TAMS 0x00000006b0c00000| PB 0x00000006b0c00000| Untracked 
| 708|0x00000006b1000000, 0x00000006b1000000, 0x00000006b1400000|  0%| F|  |TAMS 0x00000006b1000000| PB 0x00000006b1000000| Untracked 
| 709|0x00000006b1400000, 0x00000006b1400000, 0x00000006b1800000|  0%| F|  |TAMS 0x00000006b1400000| PB 0x00000006b1400000| Untracked 
| 710|0x00000006b1800000, 0x00000006b1800000, 0x00000006b1c00000|  0%| F|  |TAMS 0x00000006b1800000| PB 0x00000006b1800000| Untracked 
| 711|0x00000006b1c00000, 0x00000006b1c00000, 0x00000006b2000000|  0%| F|  |TAMS 0x00000006b1c00000| PB 0x00000006b1c00000| Untracked 
| 712|0x00000006b2000000, 0x00000006b2000000, 0x00000006b2400000|  0%| F|  |TAMS 0x00000006b2000000| PB 0x00000006b2000000| Untracked 
| 713|0x00000006b2400000, 0x00000006b2400000, 0x00000006b2800000|  0%| F|  |TAMS 0x00000006b2400000| PB 0x00000006b2400000| Untracked 
| 714|0x00000006b2800000, 0x00000006b2800000, 0x00000006b2c00000|  0%| F|  |TAMS 0x00000006b2800000| PB 0x00000006b2800000| Untracked 
| 715|0x00000006b2c00000, 0x00000006b2c00000, 0x00000006b3000000|  0%| F|  |TAMS 0x00000006b2c00000| PB 0x00000006b2c00000| Untracked 
| 716|0x00000006b3000000, 0x00000006b3000000, 0x00000006b3400000|  0%| F|  |TAMS 0x00000006b3000000| PB 0x00000006b3000000| Untracked 
| 717|0x00000006b3400000, 0x00000006b3400000, 0x00000006b3800000|  0%| F|  |TAMS 0x00000006b3400000| PB 0x00000006b3400000| Untracked 
| 718|0x00000006b3800000, 0x00000006b3800000, 0x00000006b3c00000|  0%| F|  |TAMS 0x00000006b3800000| PB 0x00000006b3800000| Untracked 
| 719|0x00000006b3c00000, 0x00000006b3c00000, 0x00000006b4000000|  0%| F|  |TAMS 0x00000006b3c00000| PB 0x00000006b3c00000| Untracked 
| 720|0x00000006b4000000, 0x00000006b4000000, 0x00000006b4400000|  0%| F|  |TAMS 0x00000006b4000000| PB 0x00000006b4000000| Untracked 
| 721|0x00000006b4400000, 0x00000006b4400000, 0x00000006b4800000|  0%| F|  |TAMS 0x00000006b4400000| PB 0x00000006b4400000| Untracked 
| 722|0x00000006b4800000, 0x00000006b4800000, 0x00000006b4c00000|  0%| F|  |TAMS 0x00000006b4800000| PB 0x00000006b4800000| Untracked 
| 723|0x00000006b4c00000, 0x00000006b4c00000, 0x00000006b5000000|  0%| F|  |TAMS 0x00000006b4c00000| PB 0x00000006b4c00000| Untracked 
| 724|0x00000006b5000000, 0x00000006b5000000, 0x00000006b5400000|  0%| F|  |TAMS 0x00000006b5000000| PB 0x00000006b5000000| Untracked 
| 725|0x00000006b5400000, 0x00000006b5400000, 0x00000006b5800000|  0%| F|  |TAMS 0x00000006b5400000| PB 0x00000006b5400000| Untracked 
| 726|0x00000006b5800000, 0x00000006b5800000, 0x00000006b5c00000|  0%| F|  |TAMS 0x00000006b5800000| PB 0x00000006b5800000| Untracked 
| 727|0x00000006b5c00000, 0x00000006b5c00000, 0x00000006b6000000|  0%| F|  |TAMS 0x00000006b5c00000| PB 0x00000006b5c00000| Untracked 
| 728|0x00000006b6000000, 0x00000006b6000000, 0x00000006b6400000|  0%| F|  |TAMS 0x00000006b6000000| PB 0x00000006b6000000| Untracked 
| 729|0x00000006b6400000, 0x00000006b6400000, 0x00000006b6800000|  0%| F|  |TAMS 0x00000006b6400000| PB 0x00000006b6400000| Untracked 
| 730|0x00000006b6800000, 0x00000006b6800000, 0x00000006b6c00000|  0%| F|  |TAMS 0x00000006b6800000| PB 0x00000006b6800000| Untracked 
| 731|0x00000006b6c00000, 0x00000006b6c00000, 0x00000006b7000000|  0%| F|  |TAMS 0x00000006b6c00000| PB 0x00000006b6c00000| Untracked 
| 732|0x00000006b7000000, 0x00000006b7000000, 0x00000006b7400000|  0%| F|  |TAMS 0x00000006b7000000| PB 0x00000006b7000000| Untracked 
| 733|0x00000006b7400000, 0x00000006b7400000, 0x00000006b7800000|  0%| F|  |TAMS 0x00000006b7400000| PB 0x00000006b7400000| Untracked 
| 734|0x00000006b7800000, 0x00000006b7800000, 0x00000006b7c00000|  0%| F|  |TAMS 0x00000006b7800000| PB 0x00000006b7800000| Untracked 
| 735|0x00000006b7c00000, 0x00000006b7c00000, 0x00000006b8000000|  0%| F|  |TAMS 0x00000006b7c00000| PB 0x00000006b7c00000| Untracked 
| 736|0x00000006b8000000, 0x00000006b8000000, 0x00000006b8400000|  0%| F|  |TAMS 0x00000006b8000000| PB 0x00000006b8000000| Untracked 
| 737|0x00000006b8400000, 0x00000006b8400000, 0x00000006b8800000|  0%| F|  |TAMS 0x00000006b8400000| PB 0x00000006b8400000| Untracked 
| 738|0x00000006b8800000, 0x00000006b8800000, 0x00000006b8c00000|  0%| F|  |TAMS 0x00000006b8800000| PB 0x00000006b8800000| Untracked 
| 739|0x00000006b8c00000, 0x00000006b8c00000, 0x00000006b9000000|  0%| F|  |TAMS 0x00000006b8c00000| PB 0x00000006b8c00000| Untracked 
| 740|0x00000006b9000000, 0x00000006b9000000, 0x00000006b9400000|  0%| F|  |TAMS 0x00000006b9000000| PB 0x00000006b9000000| Untracked 
| 741|0x00000006b9400000, 0x00000006b9400000, 0x00000006b9800000|  0%| F|  |TAMS 0x00000006b9400000| PB 0x00000006b9400000| Untracked 
| 742|0x00000006b9800000, 0x00000006b9800000, 0x00000006b9c00000|  0%| F|  |TAMS 0x00000006b9800000| PB 0x00000006b9800000| Untracked 
| 743|0x00000006b9c00000, 0x00000006b9c00000, 0x00000006ba000000|  0%| F|  |TAMS 0x00000006b9c00000| PB 0x00000006b9c00000| Untracked 
| 744|0x00000006ba000000, 0x00000006ba000000, 0x00000006ba400000|  0%| F|  |TAMS 0x00000006ba000000| PB 0x00000006ba000000| Untracked 
| 745|0x00000006ba400000, 0x00000006ba400000, 0x00000006ba800000|  0%| F|  |TAMS 0x00000006ba400000| PB 0x00000006ba400000| Untracked 
| 746|0x00000006ba800000, 0x00000006ba800000, 0x00000006bac00000|  0%| F|  |TAMS 0x00000006ba800000| PB 0x00000006ba800000| Untracked 
| 747|0x00000006bac00000, 0x00000006bac00000, 0x00000006bb000000|  0%| F|  |TAMS 0x00000006bac00000| PB 0x00000006bac00000| Untracked 
| 748|0x00000006bb000000, 0x00000006bb000000, 0x00000006bb400000|  0%| F|  |TAMS 0x00000006bb000000| PB 0x00000006bb000000| Untracked 
| 749|0x00000006bb400000, 0x00000006bb400000, 0x00000006bb800000|  0%| F|  |TAMS 0x00000006bb400000| PB 0x00000006bb400000| Untracked 
| 750|0x00000006bb800000, 0x00000006bb800000, 0x00000006bbc00000|  0%| F|  |TAMS 0x00000006bb800000| PB 0x00000006bb800000| Untracked 
| 751|0x00000006bbc00000, 0x00000006bbc00000, 0x00000006bc000000|  0%| F|  |TAMS 0x00000006bbc00000| PB 0x00000006bbc00000| Untracked 
| 752|0x00000006bc000000, 0x00000006bc000000, 0x00000006bc400000|  0%| F|  |TAMS 0x00000006bc000000| PB 0x00000006bc000000| Untracked 
| 753|0x00000006bc400000, 0x00000006bc400000, 0x00000006bc800000|  0%| F|  |TAMS 0x00000006bc400000| PB 0x00000006bc400000| Untracked 
| 754|0x00000006bc800000, 0x00000006bc800000, 0x00000006bcc00000|  0%| F|  |TAMS 0x00000006bc800000| PB 0x00000006bc800000| Untracked 
| 755|0x00000006bcc00000, 0x00000006bcc00000, 0x00000006bd000000|  0%| F|  |TAMS 0x00000006bcc00000| PB 0x00000006bcc00000| Untracked 
| 756|0x00000006bd000000, 0x00000006bd000000, 0x00000006bd400000|  0%| F|  |TAMS 0x00000006bd000000| PB 0x00000006bd000000| Untracked 
| 757|0x00000006bd400000, 0x00000006bd400000, 0x00000006bd800000|  0%| F|  |TAMS 0x00000006bd400000| PB 0x00000006bd400000| Untracked 
| 758|0x00000006bd800000, 0x00000006bd800000, 0x00000006bdc00000|  0%| F|  |TAMS 0x00000006bd800000| PB 0x00000006bd800000| Untracked 
| 759|0x00000006bdc00000, 0x00000006bdc00000, 0x00000006be000000|  0%| F|  |TAMS 0x00000006bdc00000| PB 0x00000006bdc00000| Untracked 
| 760|0x00000006be000000, 0x00000006be000000, 0x00000006be400000|  0%| F|  |TAMS 0x00000006be000000| PB 0x00000006be000000| Untracked 
| 761|0x00000006be400000, 0x00000006be400000, 0x00000006be800000|  0%| F|  |TAMS 0x00000006be400000| PB 0x00000006be400000| Untracked 
| 762|0x00000006be800000, 0x00000006be800000, 0x00000006bec00000|  0%| F|  |TAMS 0x00000006be800000| PB 0x00000006be800000| Untracked 
| 763|0x00000006bec00000, 0x00000006bec00000, 0x00000006bf000000|  0%| F|  |TAMS 0x00000006bec00000| PB 0x00000006bec00000| Untracked 
| 764|0x00000006bf000000, 0x00000006bf000000, 0x00000006bf400000|  0%| F|  |TAMS 0x00000006bf000000| PB 0x00000006bf000000| Untracked 
| 765|0x00000006bf400000, 0x00000006bf400000, 0x00000006bf800000|  0%| F|  |TAMS 0x00000006bf400000| PB 0x00000006bf400000| Untracked 
| 766|0x00000006bf800000, 0x00000006bf800000, 0x00000006bfc00000|  0%| F|  |TAMS 0x00000006bf800000| PB 0x00000006bf800000| Untracked 
| 767|0x00000006bfc00000, 0x00000006bfc00000, 0x00000006c0000000|  0%| F|  |TAMS 0x00000006bfc00000| PB 0x00000006bfc00000| Untracked 
| 768|0x00000006c0000000, 0x00000006c0000000, 0x00000006c0400000|  0%| F|  |TAMS 0x00000006c0000000| PB 0x00000006c0000000| Untracked 
| 769|0x00000006c0400000, 0x00000006c0400000, 0x00000006c0800000|  0%| F|  |TAMS 0x00000006c0400000| PB 0x00000006c0400000| Untracked 
| 770|0x00000006c0800000, 0x00000006c0800000, 0x00000006c0c00000|  0%| F|  |TAMS 0x00000006c0800000| PB 0x00000006c0800000| Untracked 
| 771|0x00000006c0c00000, 0x00000006c0c00000, 0x00000006c1000000|  0%| F|  |TAMS 0x00000006c0c00000| PB 0x00000006c0c00000| Untracked 
| 772|0x00000006c1000000, 0x00000006c1000000, 0x00000006c1400000|  0%| F|  |TAMS 0x00000006c1000000| PB 0x00000006c1000000| Untracked 
| 773|0x00000006c1400000, 0x00000006c1400000, 0x00000006c1800000|  0%| F|  |TAMS 0x00000006c1400000| PB 0x00000006c1400000| Untracked 
| 774|0x00000006c1800000, 0x00000006c1800000, 0x00000006c1c00000|  0%| F|  |TAMS 0x00000006c1800000| PB 0x00000006c1800000| Untracked 
| 775|0x00000006c1c00000, 0x00000006c1c00000, 0x00000006c2000000|  0%| F|  |TAMS 0x00000006c1c00000| PB 0x00000006c1c00000| Untracked 
| 776|0x00000006c2000000, 0x00000006c2000000, 0x00000006c2400000|  0%| F|  |TAMS 0x00000006c2000000| PB 0x00000006c2000000| Untracked 
| 777|0x00000006c2400000, 0x00000006c2400000, 0x00000006c2800000|  0%| F|  |TAMS 0x00000006c2400000| PB 0x00000006c2400000| Untracked 
| 778|0x00000006c2800000, 0x00000006c2800000, 0x00000006c2c00000|  0%| F|  |TAMS 0x00000006c2800000| PB 0x00000006c2800000| Untracked 
| 779|0x00000006c2c00000, 0x00000006c2c00000, 0x00000006c3000000|  0%| F|  |TAMS 0x00000006c2c00000| PB 0x00000006c2c00000| Untracked 
| 780|0x00000006c3000000, 0x00000006c3000000, 0x00000006c3400000|  0%| F|  |TAMS 0x00000006c3000000| PB 0x00000006c3000000| Untracked 
| 781|0x00000006c3400000, 0x00000006c3400000, 0x00000006c3800000|  0%| F|  |TAMS 0x00000006c3400000| PB 0x00000006c3400000| Untracked 
| 782|0x00000006c3800000, 0x00000006c3800000, 0x00000006c3c00000|  0%| F|  |TAMS 0x00000006c3800000| PB 0x00000006c3800000| Untracked 
| 783|0x00000006c3c00000, 0x00000006c3c00000, 0x00000006c4000000|  0%| F|  |TAMS 0x00000006c3c00000| PB 0x00000006c3c00000| Untracked 
| 784|0x00000006c4000000, 0x00000006c4000000, 0x00000006c4400000|  0%| F|  |TAMS 0x00000006c4000000| PB 0x00000006c4000000| Untracked 
| 785|0x00000006c4400000, 0x00000006c4400000, 0x00000006c4800000|  0%| F|  |TAMS 0x00000006c4400000| PB 0x00000006c4400000| Untracked 
| 786|0x00000006c4800000, 0x00000006c4800000, 0x00000006c4c00000|  0%| F|  |TAMS 0x00000006c4800000| PB 0x00000006c4800000| Untracked 
| 787|0x00000006c4c00000, 0x00000006c4c00000, 0x00000006c5000000|  0%| F|  |TAMS 0x00000006c4c00000| PB 0x00000006c4c00000| Untracked 
| 788|0x00000006c5000000, 0x00000006c5000000, 0x00000006c5400000|  0%| F|  |TAMS 0x00000006c5000000| PB 0x00000006c5000000| Untracked 
| 789|0x00000006c5400000, 0x00000006c5400000, 0x00000006c5800000|  0%| F|  |TAMS 0x00000006c5400000| PB 0x00000006c5400000| Untracked 
| 790|0x00000006c5800000, 0x00000006c5800000, 0x00000006c5c00000|  0%| F|  |TAMS 0x00000006c5800000| PB 0x00000006c5800000| Untracked 
| 791|0x00000006c5c00000, 0x00000006c5c00000, 0x00000006c6000000|  0%| F|  |TAMS 0x00000006c5c00000| PB 0x00000006c5c00000| Untracked 
| 792|0x00000006c6000000, 0x00000006c6000000, 0x00000006c6400000|  0%| F|  |TAMS 0x00000006c6000000| PB 0x00000006c6000000| Untracked 
| 793|0x00000006c6400000, 0x00000006c6400000, 0x00000006c6800000|  0%| F|  |TAMS 0x00000006c6400000| PB 0x00000006c6400000| Untracked 
| 794|0x00000006c6800000, 0x00000006c6800000, 0x00000006c6c00000|  0%| F|  |TAMS 0x00000006c6800000| PB 0x00000006c6800000| Untracked 
| 795|0x00000006c6c00000, 0x00000006c6c00000, 0x00000006c7000000|  0%| F|  |TAMS 0x00000006c6c00000| PB 0x00000006c6c00000| Untracked 
| 796|0x00000006c7000000, 0x00000006c7000000, 0x00000006c7400000|  0%| F|  |TAMS 0x00000006c7000000| PB 0x00000006c7000000| Untracked 
| 797|0x00000006c7400000, 0x00000006c7400000, 0x00000006c7800000|  0%| F|  |TAMS 0x00000006c7400000| PB 0x00000006c7400000| Untracked 
| 798|0x00000006c7800000, 0x00000006c7800000, 0x00000006c7c00000|  0%| F|  |TAMS 0x00000006c7800000| PB 0x00000006c7800000| Untracked 
| 799|0x00000006c7c00000, 0x00000006c7c00000, 0x00000006c8000000|  0%| F|  |TAMS 0x00000006c7c00000| PB 0x00000006c7c00000| Untracked 
| 800|0x00000006c8000000, 0x00000006c8000000, 0x00000006c8400000|  0%| F|  |TAMS 0x00000006c8000000| PB 0x00000006c8000000| Untracked 
| 801|0x00000006c8400000, 0x00000006c8400000, 0x00000006c8800000|  0%| F|  |TAMS 0x00000006c8400000| PB 0x00000006c8400000| Untracked 
| 802|0x00000006c8800000, 0x00000006c8800000, 0x00000006c8c00000|  0%| F|  |TAMS 0x00000006c8800000| PB 0x00000006c8800000| Untracked 
| 803|0x00000006c8c00000, 0x00000006c8c00000, 0x00000006c9000000|  0%| F|  |TAMS 0x00000006c8c00000| PB 0x00000006c8c00000| Untracked 
| 804|0x00000006c9000000, 0x00000006c9000000, 0x00000006c9400000|  0%| F|  |TAMS 0x00000006c9000000| PB 0x00000006c9000000| Untracked 
| 805|0x00000006c9400000, 0x00000006c9400000, 0x00000006c9800000|  0%| F|  |TAMS 0x00000006c9400000| PB 0x00000006c9400000| Untracked 
| 806|0x00000006c9800000, 0x00000006c9800000, 0x00000006c9c00000|  0%| F|  |TAMS 0x00000006c9800000| PB 0x00000006c9800000| Untracked 
| 807|0x00000006c9c00000, 0x00000006c9c00000, 0x00000006ca000000|  0%| F|  |TAMS 0x00000006c9c00000| PB 0x00000006c9c00000| Untracked 
| 808|0x00000006ca000000, 0x00000006ca000000, 0x00000006ca400000|  0%| F|  |TAMS 0x00000006ca000000| PB 0x00000006ca000000| Untracked 
| 809|0x00000006ca400000, 0x00000006ca400000, 0x00000006ca800000|  0%| F|  |TAMS 0x00000006ca400000| PB 0x00000006ca400000| Untracked 
| 810|0x00000006ca800000, 0x00000006ca800000, 0x00000006cac00000|  0%| F|  |TAMS 0x00000006ca800000| PB 0x00000006ca800000| Untracked 
| 811|0x00000006cac00000, 0x00000006cac00000, 0x00000006cb000000|  0%| F|  |TAMS 0x00000006cac00000| PB 0x00000006cac00000| Untracked 
| 812|0x00000006cb000000, 0x00000006cb000000, 0x00000006cb400000|  0%| F|  |TAMS 0x00000006cb000000| PB 0x00000006cb000000| Untracked 
| 813|0x00000006cb400000, 0x00000006cb400000, 0x00000006cb800000|  0%| F|  |TAMS 0x00000006cb400000| PB 0x00000006cb400000| Untracked 
| 814|0x00000006cb800000, 0x00000006cb800000, 0x00000006cbc00000|  0%| F|  |TAMS 0x00000006cb800000| PB 0x00000006cb800000| Untracked 
| 815|0x00000006cbc00000, 0x00000006cbc00000, 0x00000006cc000000|  0%| F|  |TAMS 0x00000006cbc00000| PB 0x00000006cbc00000| Untracked 
| 816|0x00000006cc000000, 0x00000006cc000000, 0x00000006cc400000|  0%| F|  |TAMS 0x00000006cc000000| PB 0x00000006cc000000| Untracked 
| 817|0x00000006cc400000, 0x00000006cc400000, 0x00000006cc800000|  0%| F|  |TAMS 0x00000006cc400000| PB 0x00000006cc400000| Untracked 
| 818|0x00000006cc800000, 0x00000006cc800000, 0x00000006ccc00000|  0%| F|  |TAMS 0x00000006cc800000| PB 0x00000006cc800000| Untracked 
| 819|0x00000006ccc00000, 0x00000006ccc00000, 0x00000006cd000000|  0%| F|  |TAMS 0x00000006ccc00000| PB 0x00000006ccc00000| Untracked 
| 820|0x00000006cd000000, 0x00000006cd000000, 0x00000006cd400000|  0%| F|  |TAMS 0x00000006cd000000| PB 0x00000006cd000000| Untracked 
| 821|0x00000006cd400000, 0x00000006cd400000, 0x00000006cd800000|  0%| F|  |TAMS 0x00000006cd400000| PB 0x00000006cd400000| Untracked 
| 822|0x00000006cd800000, 0x00000006cd800000, 0x00000006cdc00000|  0%| F|  |TAMS 0x00000006cd800000| PB 0x00000006cd800000| Untracked 
| 823|0x00000006cdc00000, 0x00000006cdc00000, 0x00000006ce000000|  0%| F|  |TAMS 0x00000006cdc00000| PB 0x00000006cdc00000| Untracked 
| 824|0x00000006ce000000, 0x00000006ce000000, 0x00000006ce400000|  0%| F|  |TAMS 0x00000006ce000000| PB 0x00000006ce000000| Untracked 
| 825|0x00000006ce400000, 0x00000006ce400000, 0x00000006ce800000|  0%| F|  |TAMS 0x00000006ce400000| PB 0x00000006ce400000| Untracked 
| 826|0x00000006ce800000, 0x00000006ce800000, 0x00000006cec00000|  0%| F|  |TAMS 0x00000006ce800000| PB 0x00000006ce800000| Untracked 
| 827|0x00000006cec00000, 0x00000006cec00000, 0x00000006cf000000|  0%| F|  |TAMS 0x00000006cec00000| PB 0x00000006cec00000| Untracked 
| 828|0x00000006cf000000, 0x00000006cf000000, 0x00000006cf400000|  0%| F|  |TAMS 0x00000006cf000000| PB 0x00000006cf000000| Untracked 
| 829|0x00000006cf400000, 0x00000006cf400000, 0x00000006cf800000|  0%| F|  |TAMS 0x00000006cf400000| PB 0x00000006cf400000| Untracked 
| 830|0x00000006cf800000, 0x00000006cf800000, 0x00000006cfc00000|  0%| F|  |TAMS 0x00000006cf800000| PB 0x00000006cf800000| Untracked 
| 831|0x00000006cfc00000, 0x00000006cfc00000, 0x00000006d0000000|  0%| F|  |TAMS 0x00000006cfc00000| PB 0x00000006cfc00000| Untracked 
| 832|0x00000006d0000000, 0x00000006d0000000, 0x00000006d0400000|  0%| F|  |TAMS 0x00000006d0000000| PB 0x00000006d0000000| Untracked 
| 833|0x00000006d0400000, 0x00000006d0400000, 0x00000006d0800000|  0%| F|  |TAMS 0x00000006d0400000| PB 0x00000006d0400000| Untracked 
| 834|0x00000006d0800000, 0x00000006d0800000, 0x00000006d0c00000|  0%| F|  |TAMS 0x00000006d0800000| PB 0x00000006d0800000| Untracked 
| 835|0x00000006d0c00000, 0x00000006d0c00000, 0x00000006d1000000|  0%| F|  |TAMS 0x00000006d0c00000| PB 0x00000006d0c00000| Untracked 
| 836|0x00000006d1000000, 0x00000006d1000000, 0x00000006d1400000|  0%| F|  |TAMS 0x00000006d1000000| PB 0x00000006d1000000| Untracked 
| 837|0x00000006d1400000, 0x00000006d1400000, 0x00000006d1800000|  0%| F|  |TAMS 0x00000006d1400000| PB 0x00000006d1400000| Untracked 
| 838|0x00000006d1800000, 0x00000006d1800000, 0x00000006d1c00000|  0%| F|  |TAMS 0x00000006d1800000| PB 0x00000006d1800000| Untracked 
| 839|0x00000006d1c00000, 0x00000006d1c00000, 0x00000006d2000000|  0%| F|  |TAMS 0x00000006d1c00000| PB 0x00000006d1c00000| Untracked 
| 840|0x00000006d2000000, 0x00000006d2000000, 0x00000006d2400000|  0%| F|  |TAMS 0x00000006d2000000| PB 0x00000006d2000000| Untracked 
| 841|0x00000006d2400000, 0x00000006d2400000, 0x00000006d2800000|  0%| F|  |TAMS 0x00000006d2400000| PB 0x00000006d2400000| Untracked 
| 842|0x00000006d2800000, 0x00000006d2800000, 0x00000006d2c00000|  0%| F|  |TAMS 0x00000006d2800000| PB 0x00000006d2800000| Untracked 
| 843|0x00000006d2c00000, 0x00000006d2c00000, 0x00000006d3000000|  0%| F|  |TAMS 0x00000006d2c00000| PB 0x00000006d2c00000| Untracked 
| 844|0x00000006d3000000, 0x00000006d3000000, 0x00000006d3400000|  0%| F|  |TAMS 0x00000006d3000000| PB 0x00000006d3000000| Untracked 
| 845|0x00000006d3400000, 0x00000006d3400000, 0x00000006d3800000|  0%| F|  |TAMS 0x00000006d3400000| PB 0x00000006d3400000| Untracked 
| 846|0x00000006d3800000, 0x00000006d3800000, 0x00000006d3c00000|  0%| F|  |TAMS 0x00000006d3800000| PB 0x00000006d3800000| Untracked 
| 847|0x00000006d3c00000, 0x00000006d3c00000, 0x00000006d4000000|  0%| F|  |TAMS 0x00000006d3c00000| PB 0x00000006d3c00000| Untracked 
| 848|0x00000006d4000000, 0x00000006d4000000, 0x00000006d4400000|  0%| F|  |TAMS 0x00000006d4000000| PB 0x00000006d4000000| Untracked 
| 849|0x00000006d4400000, 0x00000006d4400000, 0x00000006d4800000|  0%| F|  |TAMS 0x00000006d4400000| PB 0x00000006d4400000| Untracked 
| 850|0x00000006d4800000, 0x00000006d4800000, 0x00000006d4c00000|  0%| F|  |TAMS 0x00000006d4800000| PB 0x00000006d4800000| Untracked 
| 851|0x00000006d4c00000, 0x00000006d4c00000, 0x00000006d5000000|  0%| F|  |TAMS 0x00000006d4c00000| PB 0x00000006d4c00000| Untracked 
| 852|0x00000006d5000000, 0x00000006d5000000, 0x00000006d5400000|  0%| F|  |TAMS 0x00000006d5000000| PB 0x00000006d5000000| Untracked 
| 853|0x00000006d5400000, 0x00000006d5400000, 0x00000006d5800000|  0%| F|  |TAMS 0x00000006d5400000| PB 0x00000006d5400000| Untracked 
| 854|0x00000006d5800000, 0x00000006d5800000, 0x00000006d5c00000|  0%| F|  |TAMS 0x00000006d5800000| PB 0x00000006d5800000| Untracked 
| 855|0x00000006d5c00000, 0x00000006d5c00000, 0x00000006d6000000|  0%| F|  |TAMS 0x00000006d5c00000| PB 0x00000006d5c00000| Untracked 
| 856|0x00000006d6000000, 0x00000006d6000000, 0x00000006d6400000|  0%| F|  |TAMS 0x00000006d6000000| PB 0x00000006d6000000| Untracked 
| 857|0x00000006d6400000, 0x00000006d6400000, 0x00000006d6800000|  0%| F|  |TAMS 0x00000006d6400000| PB 0x00000006d6400000| Untracked 
| 858|0x00000006d6800000, 0x00000006d6800000, 0x00000006d6c00000|  0%| F|  |TAMS 0x00000006d6800000| PB 0x00000006d6800000| Untracked 
| 859|0x00000006d6c00000, 0x00000006d6c00000, 0x00000006d7000000|  0%| F|  |TAMS 0x00000006d6c00000| PB 0x00000006d6c00000| Untracked 
| 860|0x00000006d7000000, 0x00000006d7000000, 0x00000006d7400000|  0%| F|  |TAMS 0x00000006d7000000| PB 0x00000006d7000000| Untracked 
| 861|0x00000006d7400000, 0x00000006d7400000, 0x00000006d7800000|  0%| F|  |TAMS 0x00000006d7400000| PB 0x00000006d7400000| Untracked 
| 862|0x00000006d7800000, 0x00000006d7800000, 0x00000006d7c00000|  0%| F|  |TAMS 0x00000006d7800000| PB 0x00000006d7800000| Untracked 
| 863|0x00000006d7c00000, 0x00000006d7c00000, 0x00000006d8000000|  0%| F|  |TAMS 0x00000006d7c00000| PB 0x00000006d7c00000| Untracked 
| 864|0x00000006d8000000, 0x00000006d8000000, 0x00000006d8400000|  0%| F|  |TAMS 0x00000006d8000000| PB 0x00000006d8000000| Untracked 
| 865|0x00000006d8400000, 0x00000006d8400000, 0x00000006d8800000|  0%| F|  |TAMS 0x00000006d8400000| PB 0x00000006d8400000| Untracked 
| 866|0x00000006d8800000, 0x00000006d8800000, 0x00000006d8c00000|  0%| F|  |TAMS 0x00000006d8800000| PB 0x00000006d8800000| Untracked 
| 867|0x00000006d8c00000, 0x00000006d8c00000, 0x00000006d9000000|  0%| F|  |TAMS 0x00000006d8c00000| PB 0x00000006d8c00000| Untracked 
| 868|0x00000006d9000000, 0x00000006d9000000, 0x00000006d9400000|  0%| F|  |TAMS 0x00000006d9000000| PB 0x00000006d9000000| Untracked 
| 869|0x00000006d9400000, 0x00000006d9400000, 0x00000006d9800000|  0%| F|  |TAMS 0x00000006d9400000| PB 0x00000006d9400000| Untracked 
| 870|0x00000006d9800000, 0x00000006d9800000, 0x00000006d9c00000|  0%| F|  |TAMS 0x00000006d9800000| PB 0x00000006d9800000| Untracked 
| 871|0x00000006d9c00000, 0x00000006d9c00000, 0x00000006da000000|  0%| F|  |TAMS 0x00000006d9c00000| PB 0x00000006d9c00000| Untracked 
| 872|0x00000006da000000, 0x00000006da000000, 0x00000006da400000|  0%| F|  |TAMS 0x00000006da000000| PB 0x00000006da000000| Untracked 
| 873|0x00000006da400000, 0x00000006da400000, 0x00000006da800000|  0%| F|  |TAMS 0x00000006da400000| PB 0x00000006da400000| Untracked 
| 874|0x00000006da800000, 0x00000006da800000, 0x00000006dac00000|  0%| F|  |TAMS 0x00000006da800000| PB 0x00000006da800000| Untracked 
| 875|0x00000006dac00000, 0x00000006dafdcdc8, 0x00000006db000000| 96%| S|CS|TAMS 0x00000006dac00000| PB 0x00000006dac00000| Complete 
| 876|0x00000006db000000, 0x00000006db400000, 0x00000006db400000|100%| S|CS|TAMS 0x00000006db000000| PB 0x00000006db000000| Complete 
| 877|0x00000006db400000, 0x00000006db400000, 0x00000006db800000|  0%| F|  |TAMS 0x00000006db400000| PB 0x00000006db400000| Untracked 
| 878|0x00000006db800000, 0x00000006db800000, 0x00000006dbc00000|  0%| F|  |TAMS 0x00000006db800000| PB 0x00000006db800000| Untracked 
| 879|0x00000006dbc00000, 0x00000006dbc00000, 0x00000006dc000000|  0%| F|  |TAMS 0x00000006dbc00000| PB 0x00000006dbc00000| Untracked 
| 880|0x00000006dc000000, 0x00000006dc000000, 0x00000006dc400000|  0%| F|  |TAMS 0x00000006dc000000| PB 0x00000006dc000000| Untracked 
| 881|0x00000006dc400000, 0x00000006dc400000, 0x00000006dc800000|  0%| F|  |TAMS 0x00000006dc400000| PB 0x00000006dc400000| Untracked 
| 882|0x00000006dc800000, 0x00000006dc800000, 0x00000006dcc00000|  0%| F|  |TAMS 0x00000006dc800000| PB 0x00000006dc800000| Untracked 
| 883|0x00000006dcc00000, 0x00000006dcc00000, 0x00000006dd000000|  0%| F|  |TAMS 0x00000006dcc00000| PB 0x00000006dcc00000| Untracked 
| 884|0x00000006dd000000, 0x00000006dd000000, 0x00000006dd400000|  0%| F|  |TAMS 0x00000006dd000000| PB 0x00000006dd000000| Untracked 
| 885|0x00000006dd400000, 0x00000006dd400000, 0x00000006dd800000|  0%| F|  |TAMS 0x00000006dd400000| PB 0x00000006dd400000| Untracked 
| 886|0x00000006dd800000, 0x00000006dd800000, 0x00000006ddc00000|  0%| F|  |TAMS 0x00000006dd800000| PB 0x00000006dd800000| Untracked 
| 887|0x00000006ddc00000, 0x00000006ddc00000, 0x00000006de000000|  0%| F|  |TAMS 0x00000006ddc00000| PB 0x00000006ddc00000| Untracked 
| 888|0x00000006de000000, 0x00000006de000000, 0x00000006de400000|  0%| F|  |TAMS 0x00000006de000000| PB 0x00000006de000000| Untracked 
| 889|0x00000006de400000, 0x00000006de400000, 0x00000006de800000|  0%| F|  |TAMS 0x00000006de400000| PB 0x00000006de400000| Untracked 
| 890|0x00000006de800000, 0x00000006de800000, 0x00000006dec00000|  0%| F|  |TAMS 0x00000006de800000| PB 0x00000006de800000| Untracked 
| 891|0x00000006dec00000, 0x00000006dec00000, 0x00000006df000000|  0%| F|  |TAMS 0x00000006dec00000| PB 0x00000006dec00000| Untracked 
| 892|0x00000006df000000, 0x00000006df000000, 0x00000006df400000|  0%| F|  |TAMS 0x00000006df000000| PB 0x00000006df000000| Untracked 
| 893|0x00000006df400000, 0x00000006df400000, 0x00000006df800000|  0%| F|  |TAMS 0x00000006df400000| PB 0x00000006df400000| Untracked 
| 894|0x00000006df800000, 0x00000006df800000, 0x00000006dfc00000|  0%| F|  |TAMS 0x00000006df800000| PB 0x00000006df800000| Untracked 
| 895|0x00000006dfc00000, 0x00000006dfc00000, 0x00000006e0000000|  0%| F|  |TAMS 0x00000006dfc00000| PB 0x00000006dfc00000| Untracked 
| 896|0x00000006e0000000, 0x00000006e0000000, 0x00000006e0400000|  0%| F|  |TAMS 0x00000006e0000000| PB 0x00000006e0000000| Untracked 
| 897|0x00000006e0400000, 0x00000006e0400000, 0x00000006e0800000|  0%| F|  |TAMS 0x00000006e0400000| PB 0x00000006e0400000| Untracked 
| 898|0x00000006e0800000, 0x00000006e0800000, 0x00000006e0c00000|  0%| F|  |TAMS 0x00000006e0800000| PB 0x00000006e0800000| Untracked 
| 899|0x00000006e0c00000, 0x00000006e0c00000, 0x00000006e1000000|  0%| F|  |TAMS 0x00000006e0c00000| PB 0x00000006e0c00000| Untracked 
| 900|0x00000006e1000000, 0x00000006e1000000, 0x00000006e1400000|  0%| F|  |TAMS 0x00000006e1000000| PB 0x00000006e1000000| Untracked 
| 901|0x00000006e1400000, 0x00000006e1791910, 0x00000006e1800000| 89%| E|  |TAMS 0x00000006e1400000| PB 0x00000006e1400000| Complete 
| 902|0x00000006e1800000, 0x00000006e1c00000, 0x00000006e1c00000|100%| E|  |TAMS 0x00000006e1800000| PB 0x00000006e1800000| Complete 
| 903|0x00000006e1c00000, 0x00000006e2000000, 0x00000006e2000000|100%| E|CS|TAMS 0x00000006e1c00000| PB 0x00000006e1c00000| Complete 
| 904|0x00000006e2000000, 0x00000006e2400000, 0x00000006e2400000|100%| E|CS|TAMS 0x00000006e2000000| PB 0x00000006e2000000| Complete 
| 905|0x00000006e2400000, 0x00000006e2800000, 0x00000006e2800000|100%| E|CS|TAMS 0x00000006e2400000| PB 0x00000006e2400000| Complete 
| 906|0x00000006e2800000, 0x00000006e2c00000, 0x00000006e2c00000|100%| E|CS|TAMS 0x00000006e2800000| PB 0x00000006e2800000| Complete 
| 907|0x00000006e2c00000, 0x00000006e3000000, 0x00000006e3000000|100%| E|CS|TAMS 0x00000006e2c00000| PB 0x00000006e2c00000| Complete 
| 908|0x00000006e3000000, 0x00000006e3400000, 0x00000006e3400000|100%| E|CS|TAMS 0x00000006e3000000| PB 0x00000006e3000000| Complete 
| 909|0x00000006e3400000, 0x00000006e3800000, 0x00000006e3800000|100%| E|CS|TAMS 0x00000006e3400000| PB 0x00000006e3400000| Complete 
| 910|0x00000006e3800000, 0x00000006e3c00000, 0x00000006e3c00000|100%| E|CS|TAMS 0x00000006e3800000| PB 0x00000006e3800000| Complete 
| 911|0x00000006e3c00000, 0x00000006e4000000, 0x00000006e4000000|100%| E|CS|TAMS 0x00000006e3c00000| PB 0x00000006e3c00000| Complete 
| 912|0x00000006e4000000, 0x00000006e4400000, 0x00000006e4400000|100%| E|CS|TAMS 0x00000006e4000000| PB 0x00000006e4000000| Complete 
| 913|0x00000006e4400000, 0x00000006e4800000, 0x00000006e4800000|100%| E|CS|TAMS 0x00000006e4400000| PB 0x00000006e4400000| Complete 
| 914|0x00000006e4800000, 0x00000006e4c00000, 0x00000006e4c00000|100%| E|CS|TAMS 0x00000006e4800000| PB 0x00000006e4800000| Complete 
| 915|0x00000006e4c00000, 0x00000006e5000000, 0x00000006e5000000|100%| E|CS|TAMS 0x00000006e4c00000| PB 0x00000006e4c00000| Complete 
| 916|0x00000006e5000000, 0x00000006e5400000, 0x00000006e5400000|100%| E|CS|TAMS 0x00000006e5000000| PB 0x00000006e5000000| Complete 
|2044|0x00000007ff000000, 0x00000007ff400000, 0x00000007ff400000|100%| E|CS|TAMS 0x00000007ff000000| PB 0x00000007ff000000| Complete 
|2045|0x00000007ff400000, 0x00000007ff800000, 0x00000007ff800000|100%| E|CS|TAMS 0x00000007ff400000| PB 0x00000007ff400000| Complete 
|2046|0x00000007ff800000, 0x00000007ffc00000, 0x00000007ffc00000|100%| E|CS|TAMS 0x00000007ff800000| PB 0x00000007ff800000| Complete 
|2047|0x00000007ffc00000, 0x0000000800000000, 0x0000000800000000|100%| E|CS|TAMS 0x00000007ffc00000| PB 0x00000007ffc00000| Complete 

Card table byte_map: [0x00000150691f0000,0x000001506a1f0000] _byte_map_base: 0x00000150661f0000

Marking Bits: (CMBitMap*) 0x0000015045032720
 Bits: [0x000001506a1f0000, 0x00000150721f0000)

Polling page: 0x0000015042f10000

Metaspace:

Usage:
  Non-class:    195.72 MB used.
      Class:     27.83 MB used.
       Both:    223.55 MB used.

Virtual space:
  Non-class space:      256.00 MB reserved,     197.38 MB ( 77%) committed,  4 nodes.
      Class space:        1.00 GB reserved,      29.38 MB (  3%) committed,  1 nodes.
             Both:        1.25 GB reserved,     226.75 MB ( 18%) committed. 

Chunk freelists:
   Non-Class:  10.42 MB
       Class:  2.58 MB
        Both:  13.00 MB

MaxMetaspaceSize: 4.00 GB
CompressedClassSpaceSize: 1.00 GB
Initial GC threshold: 21.00 MB
Current GC threshold: 300.75 MB
CDS: off
 - commit_granule_bytes: 65536.
 - commit_granule_words: 8192.
 - virtual_space_node_default_size: 8388608.
 - enlarge_chunks_in_place: 1.
 - use_allocation_guard: 0.


Internal statistics:

num_allocs_failed_limit: 12.
num_arena_births: 5884.
num_arena_deaths: 10.
num_vsnodes_births: 5.
num_vsnodes_deaths: 0.
num_space_committed: 3625.
num_space_uncommitted: 0.
num_chunks_returned_to_freelist: 32.
num_chunks_taken_from_freelist: 15458.
num_chunk_merges: 13.
num_chunk_splits: 10717.
num_chunks_enlarged: 7456.
num_inconsistent_stats: 0.

CodeHeap 'non-profiled nmethods': size=259264Kb used=32409Kb max_used=32409Kb free=226854Kb
 bounds [0x00000150583a0000, 0x000001505a350000, 0x00000150680d0000]
CodeHeap 'profiled nmethods': size=259264Kb used=84907Kb max_used=84907Kb free=174356Kb
 bounds [0x00000150480d0000, 0x000001504d3c0000, 0x0000015057e00000]
CodeHeap 'non-nmethods': size=5760Kb used=3281Kb max_used=3360Kb free=2478Kb
 bounds [0x0000015057e00000, 0x0000015058160000, 0x00000150583a0000]
 total_blobs=36261 nmethods=34974 adapters=1187
 compilation: enabled
              stopped_count=0, restarted_count=0
 full_count=0

Compilation events (20 events):
Event: 2548.493 Thread 0x00000150749e0390 nmethod 40180 0x000001505a344390 code [0x000001505a344520, 0x000001505a344610]
Event: 2548.496 Thread 0x00000150749e2970 nmethod 40174 0x000001504d3b5e10 code [0x000001504d3b60c0, 0x000001504d3b6e68]
Event: 2548.496 Thread 0x00000150749e2970 40182       3       jdk.internal.misc.Unsafe::putCharUnaligned (10 bytes)
Event: 2548.496 Thread 0x00000150749e2970 nmethod 40182 0x000001504d3b7390 code [0x000001504d3b7520, 0x000001504d3b7630]
Event: 2548.496 Thread 0x00000150749e2970 40181       3       java.lang.invoke.LambdaForm$MH/0x0000000801d64800::invoke (64 bytes)
Event: 2548.499 Thread 0x00000150749e2970 nmethod 40181 0x000001504d3b7710 code [0x000001504d3b79e0, 0x000001504d3b8a20]
Event: 2548.499 Thread 0x00000150749e2970 40176       3       jdk.internal.util.ByteArray::setChar (10 bytes)
Event: 2548.500 Thread 0x00000150749e2970 nmethod 40176 0x000001504d3b9010 code [0x000001504d3b9200, 0x000001504d3b9748]
Event: 2548.500 Thread 0x00000150749e2970 40177       3       java.lang.invoke.VarHandleByteArrayAsChars$ArrayHandle::set (39 bytes)
Event: 2548.501 Thread 0x00000150749e2970 nmethod 40177 0x000001504d3b9990 code [0x000001504d3b9b60, 0x000001504d3b9f38]
Event: 2548.501 Thread 0x00000150749e2970 40178       3       jdk.internal.misc.Unsafe::putCharUnaligned (14 bytes)
Event: 2548.501 Thread 0x00000150749e2970 nmethod 40178 0x000001504d3ba110 code [0x000001504d3ba2c0, 0x000001504d3ba500]
Event: 2548.504 Thread 0x00000150749e0390 40183       4       java.io.ObjectOutputStream::defaultWriteObject (54 bytes)
Event: 2548.528 Thread 0x00000150749e0390 nmethod 40183 0x000001505a344710 code [0x000001505a344960, 0x000001505a3454c0]
Event: 2548.528 Thread 0x00000150749e0390 40184       4       java.io.ObjectOutputStream$BlockDataOutputStream::writeInt (46 bytes)
Event: 2548.532 Thread 0x00000150749e0390 nmethod 40184 0x000001505a345c90 code [0x000001505a345e20, 0x000001505a345f60]
Event: 2548.532 Thread 0x00000150749e0390 40185       4       java.io.ObjectOutputStream::writeHandle (22 bytes)
Event: 2548.536 Thread 0x00000150749e0390 nmethod 40185 0x000001505a346110 code [0x000001505a3462a0, 0x000001505a346478]
Event: 2553.460 Thread 0x00000150749e2970 40186       3       org.gradle.util.internal.CollectionUtils::filter (22 bytes)
Event: 2553.461 Thread 0x00000150749e2970 nmethod 40186 0x000001504d3ba610 code [0x000001504d3ba7e0, 0x000001504d3bab90]

GC Heap History (20 events):
Event: 1761.244 GC heap before
{Heap before GC invocations=125 (full 0):
 garbage-first heap   total 3772416K, used 775134K [0x0000000600000000, 0x0000000800000000)
  region size 4096K, 46 young (188416K), 2 survivors (8192K)
 Metaspace       used 215997K, committed 219264K, reserved 1245184K
  class space    used 27485K, committed 29056K, reserved 1048576K
}
Event: 1761.267 GC heap after
{Heap after GC invocations=126 (full 0):
 garbage-first heap   total 3772416K, used 597381K [0x0000000600000000, 0x0000000800000000)
  region size 4096K, 3 young (12288K), 3 survivors (12288K)
 Metaspace       used 215997K, committed 219264K, reserved 1245184K
  class space    used 27485K, committed 29056K, reserved 1048576K
}
Event: 1762.790 GC heap before
{Heap before GC invocations=126 (full 0):
 garbage-first heap   total 3772416K, used 863621K [0x0000000600000000, 0x0000000800000000)
  region size 4096K, 69 young (282624K), 3 survivors (12288K)
 Metaspace       used 215997K, committed 219264K, reserved 1245184K
  class space    used 27485K, committed 29056K, reserved 1048576K
}
Event: 1762.817 GC heap after
{Heap after GC invocations=127 (full 0):
 garbage-first heap   total 3772416K, used 599006K [0x0000000600000000, 0x0000000800000000)
  region size 4096K, 3 young (12288K), 3 survivors (12288K)
 Metaspace       used 215997K, committed 219264K, reserved 1245184K
  class space    used 27485K, committed 29056K, reserved 1048576K
}
Event: 1765.481 GC heap before
{Heap before GC invocations=127 (full 0):
 garbage-first heap   total 3772416K, used 1041374K [0x0000000600000000, 0x0000000800000000)
  region size 4096K, 112 young (458752K), 3 survivors (12288K)
 Metaspace       used 215997K, committed 219264K, reserved 1245184K
  class space    used 27485K, committed 29056K, reserved 1048576K
}
Event: 1765.570 GC heap after
{Heap after GC invocations=128 (full 0):
 garbage-first heap   total 3772416K, used 603102K [0x0000000600000000, 0x0000000800000000)
  region size 4096K, 4 young (16384K), 4 survivors (16384K)
 Metaspace       used 215997K, committed 219264K, reserved 1245184K
  class space    used 27485K, committed 29056K, reserved 1048576K
}
Event: 1774.894 GC heap before
{Heap before GC invocations=128 (full 0):
 garbage-first heap   total 3772416K, used 1143774K [0x0000000600000000, 0x0000000800000000)
  region size 4096K, 137 young (561152K), 4 survivors (16384K)
 Metaspace       used 216148K, committed 219392K, reserved 1245184K
  class space    used 27486K, committed 29056K, reserved 1048576K
}
Event: 1774.956 GC heap after
{Heap after GC invocations=129 (full 0):
 garbage-first heap   total 3772416K, used 598539K [0x0000000600000000, 0x0000000800000000)
  region size 4096K, 3 young (12288K), 3 survivors (12288K)
 Metaspace       used 216148K, committed 219392K, reserved 1245184K
  class space    used 27486K, committed 29056K, reserved 1048576K
}
Event: 1795.269 GC heap before
{Heap before GC invocations=129 (full 0):
 garbage-first heap   total 3772416K, used 1323531K [0x0000000600000000, 0x0000000800000000)
  region size 4096K, 178 young (729088K), 3 survivors (12288K)
 Metaspace       used 217789K, committed 221056K, reserved 1245184K
  class space    used 27532K, committed 29120K, reserved 1048576K
}
Event: 1795.483 GC heap after
{Heap after GC invocations=130 (full 0):
 garbage-first heap   total 3772416K, used 618648K [0x0000000600000000, 0x0000000800000000)
  region size 4096K, 8 young (32768K), 8 survivors (32768K)
 Metaspace       used 217789K, committed 221056K, reserved 1245184K
  class space    used 27532K, committed 29120K, reserved 1048576K
}
Event: 1797.044 GC heap before
{Heap before GC invocations=130 (full 0):
 garbage-first heap   total 3772416K, used 774296K [0x0000000600000000, 0x0000000800000000)
  region size 4096K, 46 young (188416K), 8 survivors (32768K)
 Metaspace       used 217789K, committed 221056K, reserved 1245184K
  class space    used 27532K, committed 29120K, reserved 1048576K
}
Event: 1797.184 GC heap after
{Heap after GC invocations=131 (full 0):
 garbage-first heap   total 3772416K, used 623214K [0x0000000600000000, 0x0000000800000000)
  region size 4096K, 2 young (8192K), 2 survivors (8192K)
 Metaspace       used 217789K, committed 221056K, reserved 1245184K
  class space    used 27532K, committed 29120K, reserved 1048576K
}
Event: 1808.552 GC heap before
{Heap before GC invocations=131 (full 0):
 garbage-first heap   total 3772416K, used 1401454K [0x0000000600000000, 0x0000000800000000)
  region size 4096K, 191 young (782336K), 2 survivors (8192K)
 Metaspace       used 218564K, committed 221888K, reserved 1245184K
  class space    used 27567K, committed 29184K, reserved 1048576K
}
Event: 1808.971 GC heap after
{Heap after GC invocations=132 (full 0):
 garbage-first heap   total 3772416K, used 643282K [0x0000000600000000, 0x0000000800000000)
  region size 4096K, 7 young (28672K), 7 survivors (28672K)
 Metaspace       used 218564K, committed 221888K, reserved 1245184K
  class space    used 27567K, committed 29184K, reserved 1048576K
}
Event: 1824.082 GC heap before
{Heap before GC invocations=132 (full 0):
 garbage-first heap   total 3772416K, used 811218K [0x0000000600000000, 0x0000000800000000)
  region size 4096K, 46 young (188416K), 7 survivors (28672K)
 Metaspace       used 225915K, committed 229184K, reserved 1310720K
  class space    used 28272K, committed 29824K, reserved 1048576K
}
Event: 1824.161 GC heap after
{Heap after GC invocations=133 (full 0):
 garbage-first heap   total 3772416K, used 657094K [0x0000000600000000, 0x0000000800000000)
  region size 4096K, 6 young (24576K), 6 survivors (24576K)
 Metaspace       used 225915K, committed 229184K, reserved 1310720K
  class space    used 28272K, committed 29824K, reserved 1048576K
}
Event: 2046.502 GC heap before
{Heap before GC invocations=133 (full 0):
 garbage-first heap   total 3772416K, used 820934K [0x0000000600000000, 0x0000000800000000)
  region size 4096K, 46 young (188416K), 6 survivors (24576K)
 Metaspace       used 226744K, committed 230080K, reserved 1310720K
  class space    used 28339K, committed 29888K, reserved 1048576K
}
Event: 2046.820 GC heap after
{Heap after GC invocations=134 (full 0):
 garbage-first heap   total 3772416K, used 660665K [0x0000000600000000, 0x0000000800000000)
  region size 4096K, 2 young (8192K), 2 survivors (8192K)
 Metaspace       used 226744K, committed 230080K, reserved 1310720K
  class space    used 28339K, committed 29888K, reserved 1048576K
}
Event: 2287.893 GC heap before
{Heap before GC invocations=134 (full 0):
 garbage-first heap   total 3772416K, used 840889K [0x0000000600000000, 0x0000000800000000)
  region size 4096K, 46 young (188416K), 2 survivors (8192K)
 Metaspace       used 227884K, committed 231168K, reserved 1310720K
  class space    used 28454K, committed 30016K, reserved 1048576K
}
Event: 2288.124 GC heap after
{Heap after GC invocations=135 (full 0):
 garbage-first heap   total 3772416K, used 662400K [0x0000000600000000, 0x0000000800000000)
  region size 4096K, 2 young (8192K), 2 survivors (8192K)
 Metaspace       used 227884K, committed 231168K, reserved 1310720K
  class space    used 28454K, committed 30016K, reserved 1048576K
}

Dll operation events (3 events):
Event: 0.057 Loaded shared library C:\Program Files\Android\Android Studio\jbr\bin\java.dll
Event: 0.081 Loaded shared library C:\Program Files\Android\Android Studio\jbr\bin\zip.dll
Event: 4.292 Loaded shared library C:\Program Files\Android\Android Studio\jbr\bin\verify.dll

Deoptimization events (20 events):
Event: 2548.241 Thread 0x0000015079b68420 Uncommon trap: trap_request=0xffffffde fr.pc=0x00000150586b6270 relative=0x00000000000002f0
Event: 2548.241 Thread 0x0000015079b68420 Uncommon trap: reason=class_check action=maybe_recompile pc=0x00000150586b6270 method=java.util.stream.AbstractPipeline.copyIntoWithCancel(Ljava/util/stream/Sink;Ljava/util/Spliterator;)Z @ 32 c2
Event: 2548.241 Thread 0x0000015079b68420 DEOPT PACKING pc=0x00000150586b6270 sp=0x0000003afcefa400
Event: 2548.241 Thread 0x0000015079b68420 DEOPT UNPACKING pc=0x0000015057e546a2 sp=0x0000003afcefa320 mode 2
Event: 2548.241 Thread 0x0000015079b68420 Uncommon trap: trap_request=0xffffff45 fr.pc=0x0000015059c37c94 relative=0x00000000000002d4
Event: 2548.242 Thread 0x0000015079b68420 Uncommon trap: reason=unstable_if action=reinterpret pc=0x0000015059c37c94 method=java.lang.String.chars()Ljava/util/stream/IntStream; @ 4 c2
Event: 2548.242 Thread 0x0000015079b68420 DEOPT PACKING pc=0x0000015059c37c94 sp=0x0000003afcefa5c0
Event: 2548.242 Thread 0x0000015079b68420 DEOPT UNPACKING pc=0x0000015057e546a2 sp=0x0000003afcefa580 mode 2
Event: 2548.242 Thread 0x0000015079b68420 Uncommon trap: trap_request=0xffffffc6 fr.pc=0x0000015059be8418 relative=0x0000000000000718
Event: 2548.242 Thread 0x0000015079b68420 Uncommon trap: reason=bimorphic_or_optimized_type_check action=maybe_recompile pc=0x0000015059be8418 method=java.util.stream.FindOps$FindOp.evaluateSequential(Ljava/util/stream/PipelineHelper;Ljava/util/Spliterator;)Ljava/lang/Object; @ 5 c2
Event: 2548.242 Thread 0x0000015079b68420 DEOPT PACKING pc=0x0000015059be8418 sp=0x0000003afcefa4c0
Event: 2548.242 Thread 0x0000015079b68420 DEOPT UNPACKING pc=0x0000015057e546a2 sp=0x0000003afcefa488 mode 2
Event: 2548.242 Thread 0x0000015079b68420 Uncommon trap: trap_request=0xffffffde fr.pc=0x000001505860b6b8 relative=0x0000000000000258
Event: 2548.242 Thread 0x0000015079b68420 Uncommon trap: reason=class_check action=maybe_recompile pc=0x000001505860b6b8 method=java.util.stream.AbstractPipeline.copyIntoWithCancel(Ljava/util/stream/Sink;Ljava/util/Spliterator;)Z @ 32 c2
Event: 2548.242 Thread 0x0000015079b68420 DEOPT PACKING pc=0x000001505860b6b8 sp=0x0000003afcefa390
Event: 2548.242 Thread 0x0000015079b68420 DEOPT UNPACKING pc=0x0000015057e546a2 sp=0x0000003afcefa320 mode 2
Event: 2548.713 Thread 0x0000015079b68420 Uncommon trap: trap_request=0xffffffc6 fr.pc=0x000001505a3420d0 relative=0x00000000000011b0
Event: 2548.713 Thread 0x0000015079b68420 Uncommon trap: reason=bimorphic_or_optimized_type_check action=maybe_recompile pc=0x000001505a3420d0 method=org.gradle.tooling.internal.adapter.ProtocolToModelAdapter.createView(Ljava/lang/Class;Ljava/lang/Object;Lorg/gradle/tooling/internal/adapter/Proto
Event: 2548.713 Thread 0x0000015079b68420 DEOPT PACKING pc=0x000001505a3420d0 sp=0x0000003afcefac70
Event: 2548.713 Thread 0x0000015079b68420 DEOPT UNPACKING pc=0x0000015057e546a2 sp=0x0000003afcefac58 mode 2

Classes loaded (20 events):
Event: 1818.582 Loading class java/util/LinkedListBeanInfo
Event: 1818.582 Loading class java/util/LinkedListBeanInfo done
Event: 1818.582 Loading class java/util/AbstractSequentialListBeanInfo
Event: 1818.582 Loading class java/util/AbstractSequentialListBeanInfo done
Event: 1818.583 Loading class java/util/AbstractSequentialListBeanInfo
Event: 1818.583 Loading class java/util/AbstractSequentialListBeanInfo done
Event: 1818.583 Loading class java/util/AbstractSequentialListCustomizer
Event: 1818.583 Loading class java/util/AbstractSequentialListCustomizer done
Event: 1818.583 Loading class java/util/AbstractSequentialListCustomizer
Event: 1818.583 Loading class java/util/AbstractSequentialListCustomizer done
Event: 1818.585 Loading class java/util/LinkedListCustomizer
Event: 1818.585 Loading class java/util/LinkedListCustomizer done
Event: 1818.585 Loading class java/util/LinkedListCustomizer
Event: 1818.585 Loading class java/util/LinkedListCustomizer done
Event: 1818.595 Loading class java/beans/ParameterDescriptor
Event: 1818.596 Loading class java/beans/ParameterDescriptor done
Event: 2011.606 Loading class com/sun/org/apache/xerces/internal/util/EncodingMap
Event: 2011.873 Loading class com/sun/org/apache/xerces/internal/util/EncodingMap done
Event: 2012.201 Loading class sun/nio/cs/ISO_8859_1$Decoder
Event: 2012.216 Loading class sun/nio/cs/ISO_8859_1$Decoder done

Classes unloaded (20 events):
Event: 36.864 Thread 0x0000015074990060 Unloading class 0x000000080071c550 '_BuildScript_$_run_closure1'
Event: 36.864 Thread 0x0000015074990060 Unloading class 0x000000080071c000 '_BuildScript_'
Event: 40.178 Thread 0x0000015074990060 Unloading class 0x000000080079c958 '_BuildScript_$_run_closure1$_closure2'
Event: 40.178 Thread 0x0000015074990060 Unloading class 0x000000080079c550 '_BuildScript_$_run_closure1'
Event: 40.178 Thread 0x0000015074990060 Unloading class 0x000000080079c000 '_BuildScript_'
Event: 78.003 Thread 0x0000015074990060 Unloading class 0x00000008009a8958 '_BuildScript_$_run_closure1$_closure2'
Event: 78.003 Thread 0x0000015074990060 Unloading class 0x00000008009a8550 '_BuildScript_$_run_closure1'
Event: 78.003 Thread 0x0000015074990060 Unloading class 0x00000008009a8000 '_BuildScript_'
Event: 78.003 Thread 0x0000015074990060 Unloading class 0x00000008009a0958 '_BuildScript_$_run_closure2'
Event: 78.003 Thread 0x0000015074990060 Unloading class 0x00000008009a0550 '_BuildScript_$_run_closure1'
Event: 78.003 Thread 0x0000015074990060 Unloading class 0x00000008009a0000 '_BuildScript_'
Event: 163.423 Thread 0x0000015074990060 Unloading class 0x00000008009b0000 '_BuildScript_$_run_closure1$_closure3'
Event: 163.423 Thread 0x0000015074990060 Unloading class 0x00000008009ab828 '_BuildScript_$_run_closure1$_closure2'
Event: 163.423 Thread 0x0000015074990060 Unloading class 0x00000008009ab420 '_BuildScript_$_run_closure1'
Event: 163.423 Thread 0x0000015074990060 Unloading class 0x00000008009aaed0 '_BuildScript_'
Event: 163.423 Thread 0x0000015074990060 Unloading class 0x00000008009aaac8 'JetGradlePlugin$_apply_closure1$_closure2$_closure3'
Event: 163.423 Thread 0x0000015074990060 Unloading class 0x00000008009aa6c0 'JetGradlePlugin$_apply_closure1$_closure2'
Event: 163.423 Thread 0x0000015074990060 Unloading class 0x00000008009aa2b8 'JetGradlePlugin$_apply_closure1'
Event: 163.423 Thread 0x0000015074990060 Unloading class 0x00000008009aa000 'JetGradlePlugin'
Event: 163.423 Thread 0x0000015074990060 Unloading class 0x00000008009a3400 'RegistryProcessor'

Classes redefined (0 events):
No events

Internal exceptions (20 events):
Event: 2013.297 Thread 0x0000015079b68420 Exception <a 'sun/nio/fs/WindowsException'{0x00000006dd9aa908}> (0x00000006dd9aa908) 
thrown [s\src\hotspot\share\prims\jni.cpp, line 535]
Event: 2013.300 Thread 0x0000015079b68420 Exception <a 'sun/nio/fs/WindowsException'{0x00000006dd9aaa98}> (0x00000006dd9aaa98) 
thrown [s\src\hotspot\share\prims\jni.cpp, line 535]
Event: 2042.987 Thread 0x0000015079b68420 Exception <a 'java/lang/IncompatibleClassChangeError'{0x00000006dcfdde60}: Found class java.lang.Object, but interface was expected> (0x00000006dcfdde60) 
thrown [s\src\hotspot\share\interpreter\linkResolver.cpp, line 851]
Event: 2044.506 Thread 0x0000015079e4ae10 Implicit null exception at 0x000001504ad669fa to 0x000001504ad675e4
Event: 2044.506 Thread 0x0000015079e4ae10 Exception <a 'java/lang/NullPointerException'{0x00000006dcb2c938}> (0x00000006dcb2c938) 
thrown [s\src\hotspot\share\runtime\sharedRuntime.cpp, line 625]
Event: 2045.198 Thread 0x0000015079e4ae10 Implicit null exception at 0x000001504ad669fa to 0x000001504ad675e4
Event: 2045.198 Thread 0x0000015079e4ae10 Exception <a 'java/lang/NullPointerException'{0x00000006dcb91238}> (0x00000006dcb91238) 
thrown [s\src\hotspot\share\runtime\sharedRuntime.cpp, line 625]
Event: 2057.350 Thread 0x0000015079e4f640 Implicit null exception at 0x000001504ad669fa to 0x000001504ad675e4
Event: 2057.350 Thread 0x0000015079e4f640 Exception <a 'java/lang/NullPointerException'{0x00000007ff328278}> (0x00000007ff328278) 
thrown [s\src\hotspot\share\runtime\sharedRuntime.cpp, line 625]
Event: 2244.112 Thread 0x0000015013fcfc40 Exception <a 'java/lang/NoSuchMethodError'{0x00000006de3c1780}: static Lorg/jetbrains/plugins/gradle/tooling/internal/jar/JarTaskManifestConfigurationImpl;.<clinit>()V> (0x00000006de3c1780) 
thrown [s\src\hotspot\share\prims\jni.cpp, line 1126]
Event: 2244.186 Thread 0x0000015013fcfc40 Exception <a 'java/lang/NoSuchMethodError'{0x00000006de3c9ec0}: static Lorg/jetbrains/kotlin/android/synthetic/idea/AndroidExtensionsGradleModelImpl;.<clinit>()V> (0x00000006de3c9ec0) 
thrown [s\src\hotspot\share\prims\jni.cpp, line 1126]
Event: 2244.372 Thread 0x0000015013fcfc40 Exception <a 'java/lang/NoSuchMethodError'{0x00000006de3d29c0}: static Lorg/jetbrains/kotlin/idea/gradleTooling/model/parcelize/ParcelizeGradleModelImpl;.<clinit>()V> (0x00000006de3d29c0) 
thrown [s\src\hotspot\share\prims\jni.cpp, line 1126]
Event: 2244.402 Thread 0x0000015013fcfc40 Exception <a 'java/lang/NoSuchMethodError'{0x00000006de3da9e8}: static Lorg/jetbrains/kotlin/idea/gradleTooling/model/assignment/AssignmentModelImpl;.<clinit>()V> (0x00000006de3da9e8) 
thrown [s\src\hotspot\share\prims\jni.cpp, line 1126]
Event: 2244.429 Thread 0x0000015013fcfc40 Exception <a 'java/lang/NoSuchMethodError'{0x00000006de3e3248}: static Lorg/jetbrains/kotlin/idea/gradleTooling/model/samWithReceiver/SamWithReceiverModelImpl;.<clinit>()V> (0x00000006de3e3248) 
thrown [s\src\hotspot\share\prims\jni.cpp, line 1126]
Event: 2244.448 Thread 0x0000015013fcfc40 Exception <a 'java/lang/NoSuchMethodError'{0x00000006de3ec1b0}: static Lorg/jetbrains/kotlin/idea/gradleTooling/model/noarg/NoArgModelImpl;.<clinit>()V> (0x00000006de3ec1b0) 
thrown [s\src\hotspot\share\prims\jni.cpp, line 1126]
Event: 2244.471 Thread 0x0000015013fcfc40 Exception <a 'java/lang/NoSuchMethodError'{0x00000006de3f4cc0}: static Lorg/jetbrains/kotlin/idea/gradleTooling/model/allopen/AllOpenModelImpl;.<clinit>()V> (0x00000006de3f4cc0) 
thrown [s\src\hotspot\share\prims\jni.cpp, line 1126]
Event: 2245.081 Thread 0x0000015013fcfc40 Exception <a 'java/lang/NoSuchMethodError'{0x00000006ddc1cec0}: static Lorg/jetbrains/plugins/gradle/tooling/internal/VersionCatalogsModelImpl;.<clinit>()V> (0x00000006ddc1cec0) 
thrown [s\src\hotspot\share\prims\jni.cpp, line 1126]
Event: 2249.394 Thread 0x0000015079b68420 Implicit null exception at 0x0000015059c33e04 to 0x0000015059c34170
Event: 2548.372 Thread 0x0000015013fcfc40 Exception <a 'java/lang/NoSuchMethodError'{0x00000006e1ba0158}: static Lorg/jetbrains/plugins/gradle/tooling/serialization/internal/adapter/kotlin/dsl/InternalKotlinDslScriptsModel;.<clinit>()V> (0x00000006e1ba0158) 
thrown [s\src\hotspot\share\prims\jni.cpp, line 1126]
Event: 2548.416 Thread 0x0000015013fcfc40 Exception <a 'java/lang/NoSuchMethodError'{0x00000006e1baaa98}: static Lorg/jetbrains/plugins/gradle/tooling/serialization/internal/adapter/kotlin/dsl/InternalKotlinDslScriptModel;.<clinit>()V> (0x00000006e1baaa98) 
thrown [s\src\hotspot\share\prims\jni.cpp, line 1126]

ZGC Phase Switch (0 events):
No events

VM Operations (20 events):
Event: 2439.506 Executing VM operation: Cleanup
Event: 2439.507 Executing VM operation: Cleanup done
Event: 2453.638 Executing VM operation: Cleanup
Event: 2453.638 Executing VM operation: Cleanup done
Event: 2472.782 Executing VM operation: Cleanup
Event: 2472.782 Executing VM operation: Cleanup done
Event: 2475.817 Executing VM operation: Cleanup
Event: 2475.817 Executing VM operation: Cleanup done
Event: 2545.391 Executing VM operation: Cleanup
Event: 2545.412 Executing VM operation: Cleanup done
Event: 2546.426 Executing VM operation: Cleanup
Event: 2546.739 Executing VM operation: Cleanup done
Event: 2547.745 Executing VM operation: Cleanup
Event: 2547.746 Executing VM operation: Cleanup done
Event: 2548.751 Executing VM operation: Cleanup
Event: 2552.894 Executing VM operation: Cleanup done
Event: 2552.899 Executing VM operation: HandshakeAllThreads (Deoptimize)
Event: 2552.900 Executing VM operation: HandshakeAllThreads (Deoptimize) done
Event: 2553.912 Executing VM operation: Cleanup
Event: 2554.244 Executing VM operation: Cleanup done

Events (20 events):
Event: 1814.769 Thread 0x0000015013fd5eb0 Thread added: 0x0000015013fd5eb0
Event: 1815.183 Thread 0x0000015013fd5eb0 Thread exited: 0x0000015013fd5eb0
Event: 1815.422 Thread 0x0000015013fd5eb0 Thread added: 0x0000015013fd5eb0
Event: 1815.504 Thread 0x0000015013fd6540 Thread added: 0x0000015013fd6540
Event: 1815.801 Thread 0x0000015013fcfc40 Thread added: 0x0000015013fcfc40
Event: 1816.360 Thread 0x0000015013387e50 Thread added: 0x0000015013387e50
Event: 1818.424 Thread 0x0000015013387e50 Thread exited: 0x0000015013387e50
Event: 1832.497 Thread 0x0000015012375100 Thread added: 0x0000015012375100
Event: 1875.565 Thread 0x0000015013fd5eb0 Thread exited: 0x0000015013fd5eb0
Event: 1892.513 Thread 0x0000015013fcef20 Thread exited: 0x0000015013fcef20
Event: 1936.246 Thread 0x0000015012375100 Thread exited: 0x0000015012375100
Event: 1950.853 Thread 0x0000015012370240 Thread added: 0x0000015012370240
Event: 2027.835 Thread 0x0000015012370240 Thread exited: 0x0000015012370240
Event: 2051.109 Thread 0x0000015012373030 Thread added: 0x0000015012373030
Event: 2087.299 Thread 0x000001501236fbb0 Thread added: 0x000001501236fbb0
Event: 2147.312 Thread 0x0000015012373030 Thread exited: 0x0000015012373030
Event: 2196.425 Thread 0x00000150123715f0 Thread added: 0x00000150123715f0
Event: 2272.722 Thread 0x00000150123715f0 Thread exited: 0x00000150123715f0
Event: 2357.014 Thread 0x000001501236fbb0 Thread exited: 0x000001501236fbb0
Event: 2528.770 Thread 0x00000150123715f0 Thread added: 0x00000150123715f0


Dynamic libraries:
0x00007ff777a30000 - 0x00007ff777a3a000 	C:\Program Files\Android\Android Studio\jbr\bin\java.exe
0x00007ffdb9590000 - 0x00007ffdb97a7000 	C:\Windows\SYSTEM32\ntdll.dll
0x00007ffdb7f40000 - 0x00007ffdb8004000 	C:\Windows\System32\KERNEL32.DLL
0x00007ffdb6ab0000 - 0x00007ffdb6e67000 	C:\Windows\System32\KERNELBASE.dll
0x00007ffdb6f70000 - 0x00007ffdb7081000 	C:\Windows\System32\ucrtbase.dll
0x00007ffdb2f90000 - 0x00007ffdb2fa8000 	C:\Program Files\Android\Android Studio\jbr\bin\jli.dll
0x00007ffdb7c70000 - 0x00007ffdb7e1f000 	C:\Windows\System32\USER32.dll
0x00007ffdb6e70000 - 0x00007ffdb6e96000 	C:\Windows\System32\win32u.dll
0x00007ffdb7c40000 - 0x00007ffdb7c69000 	C:\Windows\System32\GDI32.dll
0x00007ffdb68a0000 - 0x00007ffdb69b8000 	C:\Windows\System32\gdi32full.dll
0x00007ffdb6ed0000 - 0x00007ffdb6f6a000 	C:\Windows\System32\msvcp_win.dll
0x00007ffdaddc0000 - 0x00007ffdadddb000 	C:\Program Files\Android\Android Studio\jbr\bin\VCRUNTIME140.dll
0x00007ffda70d0000 - 0x00007ffda7363000 	C:\Windows\WinSxS\amd64_microsoft.windows.common-controls_6595b64144ccf1df_6.0.22621.3672_none_2713b9d173822955\COMCTL32.dll
0x00007ffdb8260000 - 0x00007ffdb8307000 	C:\Windows\System32\msvcrt.dll
0x00007ffdb7c00000 - 0x00007ffdb7c31000 	C:\Windows\System32\IMM32.DLL
0x00007ffdac830000 - 0x00007ffdac83c000 	C:\Program Files\Android\Android Studio\jbr\bin\vcruntime140_1.dll
0x00007ffd6ad10000 - 0x00007ffd6ad9d000 	C:\Program Files\Android\Android Studio\jbr\bin\msvcp140.dll
0x00007ffd36670000 - 0x00007ffd372ed000 	C:\Program Files\Android\Android Studio\jbr\bin\server\jvm.dll
0x00007ffdb92d0000 - 0x00007ffdb9382000 	C:\Windows\System32\ADVAPI32.dll
0x00007ffdb7e20000 - 0x00007ffdb7ec8000 	C:\Windows\System32\sechost.dll
0x00007ffdb6ea0000 - 0x00007ffdb6ec8000 	C:\Windows\System32\bcrypt.dll
0x00007ffdb7ae0000 - 0x00007ffdb7bf4000 	C:\Windows\System32\RPCRT4.dll
0x00007ffdb8020000 - 0x00007ffdb8091000 	C:\Windows\System32\WS2_32.dll
0x00007ffdb6770000 - 0x00007ffdb67bd000 	C:\Windows\SYSTEM32\POWRPROF.dll
0x00007ffdb2570000 - 0x00007ffdb25a4000 	C:\Windows\SYSTEM32\WINMM.dll
0x00007ffda2ac0000 - 0x00007ffda2aca000 	C:\Windows\SYSTEM32\VERSION.dll
0x00007ffdb6750000 - 0x00007ffdb6763000 	C:\Windows\SYSTEM32\UMPDC.dll
0x00007ffdb58f0000 - 0x00007ffdb5908000 	C:\Windows\SYSTEM32\kernel.appcore.dll
0x00007ffdac820000 - 0x00007ffdac82a000 	C:\Program Files\Android\Android Studio\jbr\bin\jimage.dll
0x00007ffda1e00000 - 0x00007ffda2032000 	C:\Windows\SYSTEM32\DBGHELP.DLL
0x00007ffdb8330000 - 0x00007ffdb86be000 	C:\Windows\System32\combase.dll
0x00007ffdb7950000 - 0x00007ffdb7a27000 	C:\Windows\System32\OLEAUT32.dll
0x00007ffd9d2b0000 - 0x00007ffd9d2e2000 	C:\Windows\SYSTEM32\dbgcore.DLL
0x00007ffdb69c0000 - 0x00007ffdb6a3b000 	C:\Windows\System32\bcryptPrimitives.dll
0x00007ffdb2fd0000 - 0x00007ffdb2fde000 	C:\Program Files\Android\Android Studio\jbr\bin\instrument.dll
0x00007ffdac800000 - 0x00007ffdac81f000 	C:\Program Files\Android\Android Studio\jbr\bin\java.dll
0x00007ffda4c20000 - 0x00007ffda4c38000 	C:\Program Files\Android\Android Studio\jbr\bin\zip.dll
0x00007ffdb87d0000 - 0x00007ffdb9039000 	C:\Windows\System32\SHELL32.dll
0x00007ffdb4810000 - 0x00007ffdb510f000 	C:\Windows\SYSTEM32\windows.storage.dll
0x00007ffdb46d0000 - 0x00007ffdb480f000 	C:\Windows\SYSTEM32\wintypes.dll
0x00007ffdb91d0000 - 0x00007ffdb92c9000 	C:\Windows\System32\SHCORE.dll
0x00007ffdb7ee0000 - 0x00007ffdb7f3e000 	C:\Windows\System32\shlwapi.dll
0x00007ffdb67d0000 - 0x00007ffdb67f7000 	C:\Windows\SYSTEM32\profapi.dll
0x00007ffda5a60000 - 0x00007ffda5a70000 	C:\Program Files\Android\Android Studio\jbr\bin\net.dll
0x00007ffdb29d0000 - 0x00007ffdb2b06000 	C:\Windows\SYSTEM32\WINHTTP.dll
0x00007ffdb5d60000 - 0x00007ffdb5dc9000 	C:\Windows\system32\mswsock.dll
0x00007ffda4c00000 - 0x00007ffda4c16000 	C:\Program Files\Android\Android Studio\jbr\bin\nio.dll
0x00007ffd5ce20000 - 0x00007ffd5ce30000 	C:\Program Files\Android\Android Studio\jbr\bin\verify.dll
0x00007ffdb2d50000 - 0x00007ffdb2d77000 	C:\Users\WinOS\.gradle\native\1def1411415f61bf3af743bc5b6707747c0891f09f0c88961ee8f79bc544acac\windows-amd64\native-platform.dll
0x00007ffd6ac90000 - 0x00007ffd6ad08000 	C:\Users\WinOS\.gradle\native\0.2.7\x86_64-windows-gnu\gradle-fileevents.dll
0x00007ffd5ce00000 - 0x00007ffd5ce09000 	C:\Program Files\Android\Android Studio\jbr\bin\management.dll
0x00007ffd48df0000 - 0x00007ffd48dfb000 	C:\Program Files\Android\Android Studio\jbr\bin\management_ext.dll
0x00007ffdb7740000 - 0x00007ffdb7748000 	C:\Windows\System32\PSAPI.DLL
0x00007ffdb53b0000 - 0x00007ffdb53dd000 	C:\Windows\SYSTEM32\IPHLPAPI.DLL
0x00007ffdb8010000 - 0x00007ffdb8019000 	C:\Windows\System32\NSI.dll
0x00007ffd88f40000 - 0x00007ffd88f49000 	C:\Program Files\Android\Android Studio\jbr\bin\extnet.dll
0x00007ffdb5fb0000 - 0x00007ffdb5fcb000 	C:\Windows\SYSTEM32\CRYPTSP.dll
0x00007ffdb5850000 - 0x00007ffdb5885000 	C:\Windows\system32\rsaenh.dll
0x00007ffdb5e50000 - 0x00007ffdb5e78000 	C:\Windows\SYSTEM32\USERENV.dll
0x00007ffdb5fd0000 - 0x00007ffdb5fdc000 	C:\Windows\SYSTEM32\CRYPTBASE.dll
0x00007ffd43af0000 - 0x00007ffd43af8000 	C:\Windows\system32\wshunix.dll
0x00007ffdb5a00000 - 0x00007ffdb5a34000 	C:\Windows\SYSTEM32\ntmarta.dll
0x00007ffdb53e0000 - 0x00007ffdb54e2000 	C:\Windows\SYSTEM32\DNSAPI.dll
0x0000000056dd0000 - 0x0000000056df6000 	C:\Program Files\Bonjour\mdnsNSP.dll
0x00007ffda7bb0000 - 0x00007ffda7bba000 	C:\Windows\System32\rasadhlp.dll
0x00007ffdb0190000 - 0x00007ffdb0213000 	C:\Windows\System32\fwpuclnt.dll

dbghelp: loaded successfully - version: 4.0.5 - missing functions: none
symbol engine: initialized successfully - sym options: 0x614 - pdb path: .;C:\Program Files\Android\Android Studio\jbr\bin;C:\Windows\SYSTEM32;C:\Windows\WinSxS\amd64_microsoft.windows.common-controls_6595b64144ccf1df_6.0.22621.3672_none_2713b9d173822955;C:\Program Files\Android\Android Studio\jbr\bin\server;C:\Users\WinOS\.gradle\native\1def1411415f61bf3af743bc5b6707747c0891f09f0c88961ee8f79bc544acac\windows-amd64;C:\Users\WinOS\.gradle\native\0.2.7\x86_64-windows-gnu;C:\Program Files\Bonjour

VM Arguments:
jvm_args: --add-opens=java.base/java.lang=ALL-UNNAMED --add-opens=java.base/java.lang.invoke=ALL-UNNAMED --add-opens=java.base/java.util=ALL-UNNAMED --add-opens=java.prefs/java.util.prefs=ALL-UNNAMED --add-exports=jdk.compiler/com.sun.tools.javac.api=ALL-UNNAMED --add-exports=jdk.compiler/com.sun.tools.javac.util=ALL-UNNAMED --add-opens=java.base/java.util=ALL-UNNAMED --add-opens=java.prefs/java.util.prefs=ALL-UNNAMED --add-opens=java.base/java.nio.charset=ALL-UNNAMED --add-opens=java.base/java.net=ALL-UNNAMED --add-opens=java.base/java.util.concurrent.atomic=ALL-UNNAMED --add-opens=java.xml/javax.xml.namespace=ALL-UNNAMED -XX:MaxMetaspaceSize=4G -XX:ReservedCodeCacheSize=512m -XX:+HeapDumpOnOutOfMemoryError -Xmx8G -Dfile.encoding=UTF-8 -Duser.country=US -Duser.language=en -Duser.variant -javaagent:C:\Users\WinOS\.gradle\wrapper\dists\gradle-8.14-all\c2qonpi39x1mddn7hk5gh9iqj\gradle-8.14\lib\agents\gradle-instrumentation-agent-8.14.jar 
java_command: org.gradle.launcher.daemon.bootstrap.GradleDaemon 8.14
java_class_path (initial): C:\Users\WinOS\.gradle\wrapper\dists\gradle-8.14-all\c2qonpi39x1mddn7hk5gh9iqj\gradle-8.14\lib\gradle-daemon-main-8.14.jar
Launcher Type: SUN_STANDARD

[Global flags]
     intx CICompilerCount                          = 3                                         {product} {ergonomic}
     uint ConcGCThreads                            = 1                                         {product} {ergonomic}
     uint G1ConcRefinementThreads                  = 4                                         {product} {ergonomic}
   size_t G1HeapRegionSize                         = 4194304                                   {product} {ergonomic}
    uintx GCDrainStackTargetSize                   = 64                                        {product} {ergonomic}
     bool HeapDumpOnOutOfMemoryError               = true                                   {manageable} {command line}
   size_t InitialHeapSize                          = 134217728                                 {product} {ergonomic}
   size_t MarkStackSize                            = 4194304                                   {product} {ergonomic}
   size_t MaxHeapSize                              = 8589934592                                {product} {command line}
   size_t MaxMetaspaceSize                         = 4294967296                                {product} {command line}
   size_t MaxNewSize                               = 5150605312                                {product} {ergonomic}
   size_t MinHeapDeltaBytes                        = 4194304                                   {product} {ergonomic}
   size_t MinHeapSize                              = 8388608                                   {product} {ergonomic}
    uintx NonNMethodCodeHeapSize                   = 5832780                                {pd product} {ergonomic}
    uintx NonProfiledCodeHeapSize                  = 265519066                              {pd product} {ergonomic}
    uintx ProfiledCodeHeapSize                     = 265519066                              {pd product} {ergonomic}
    uintx ReservedCodeCacheSize                    = 536870912                              {pd product} {command line}
     bool SegmentedCodeCache                       = true                                      {product} {ergonomic}
   size_t SoftMaxHeapSize                          = 8589934592                             {manageable} {ergonomic}
     bool UseCompressedOops                        = true                           {product lp64_product} {ergonomic}
     bool UseG1GC                                  = true                                      {product} {ergonomic}
     bool UseLargePagesIndividualAllocation        = false                                  {pd product} {ergonomic}

Logging:
Log output configuration:
 #0: stdout all=warning uptime,level,tags foldmultilines=false
 #1: stderr all=off uptime,level,tags foldmultilines=false

Environment Variables:
JAVA_HOME=C:\Program Files\Java\jdk-25
PATH=C:\Users\WinOS\dev\flutter\bin;C:\Python314\Scripts\;C:\Python314\;C:\Program Files\Eclipse Adoptium\jdk-11.0.31.11-hotspot\bin;C:\Program Files\Common Files\Oracle\Java\javapath;C:\Windows\system32;C:\Windows;C:\Windows\System32\Wbem;C:\Windows\System32\WindowsPowerShell\v1.0\;C:\Windows\System32\OpenSSH\;C:\Users\WinOS\AppData\Local\Android\Sdk;C:\ProgramData\chocolatey\bin;C:\Users\WinOS\Desktop\php-8.4.8-Win32-vs17-x64;C:\Program Files\dotnet\;C:\Program Files\Docker\Docker\resources\bin;C:\Program Files\Go\bin;C:\Program Files\nodejs\;C:\Program Files\Git\cmd;C:\Python314\Scripts\;C:\Python314\;C:\Program Files\Eclipse Adoptium\jdk-11.0.31.11-hotspot\bin;C:\Program Files\Common Files\Oracle\Java\javapath;C:\Windows\system32;C:\Windows;C:\Windows\System32\Wbem;C:\Windows\System32\WindowsPowerShell\v1.0\;C:\Windows\System32\OpenSSH\;C:\Users\WinOS\AppData\Local\Android\Sdk;C:\ProgramData\chocolatey\bin;C:\Users\WinOS\Desktop\php-8.4.8-Win32-vs17-x64;C:\Program Files\dotnet\;C:\Program Files\Docker\Docker\resources\bin;C:\Program Files\Go\bin;C:\Program Files\nodejs\;C:\Python314\Scripts\;C:\Python314\;C:\Program Files\Eclipse Adoptium\jdk-11.0.31.11-hotspot\bin;C:\Program Files\Common Files\Oracle\Java\javapath;C:\Windows\system32;C:\Windows;C:\Windows\System32\Wbem;C:\Windows\System32\WindowsPowerShell\v1.0\;C:\Windows\System32\OpenSSH\;C:\Users\WinOS\AppData\Local\Android\Sdk;C:\ProgramData\chocolatey\bin;C:\Users\WinOS\Desktop\php-8.4.8-Win32-vs17-x64;C:\Program Files\dotnet\;C:\Program Files\Docker\Docker\resources\bin;C:\Program Files\Go\bin;C:\Program Files\nodejs\;C:\Program Files\Java\jdk-25\bin;C:\Python314\Scripts\;C:\Python314\;C:\Program Files\Eclipse Adoptium\jdk-11.0.31.11-hotspot\bin;C:\Program Files\Common Files\Oracle\Java\javapath;C:\Windows\system32;C:\Windows;C:\Windows\System32\Wbem;C:\Windows\System32\WindowsPowerShell\v1.0\;C:\Windows\System32\OpenSSH\;C:\Users\WinOS\AppData\Local\Android\Sdk;C:\ProgramData\chocolatey\bin;C:\Users\WinOS\Desktop\php-8.4.8-Win32-vs17-x64;C:\Program Files\dotnet\;C:\Program Files\Docker\Docker\resources\bin;C:\Program Files\Go\bin;C:\Program Files\nodejs\;C:\Users\WinOS\AppData\Local\Programs\Microsoft VS Code\bin;C:\Users\WinOS\dev\flutter\bin;C:\Program Files\Android\Android Studio\flutter\bin;
USERNAME=WinOS
OS=Windows_NT
PROCESSOR_IDENTIFIER=Intel64 Family 6 Model 69 Stepping 1, GenuineIntel
TMP=C:\Users\WinOS\AppData\Local\Temp
TEMP=C:\Users\WinOS\AppData\Local\Temp




Periodic native trim disabled

JNI global refs:
JNI global refs: 27, weak refs: 0

JNI global refs memory usage: 835, weak refs: 201

Process memory usage:
Resident Set Size: 392560K (4% of 8294648K total physical memory with 357492K free physical memory)

OOME stack traces (most recent first):
Classloader memory used:
Loader org.gradle.internal.classloader.VisitableURLClassLoader                         : 125M
Loader org.gradle.internal.classloader.VisitableURLClassLoader$InstrumentingVisitableURLClassLoader: 41823K
Loader bootstrap                                                                       : 35879K
Loader org.gradle.initialization.MixInLegacyTypesClassLoader                           : 16060K
Loader org.gradle.internal.classloader.VisitableURLClassLoader                         : 3287K
Loader org.gradle.groovy.scripts.internal.DefaultScriptCompilationHandler$ScriptClassLoader: 1260K
Loader jdk.internal.loader.ClassLoaders$PlatformClassLoader                            : 832K
Loader jdk.internal.reflect.DelegatingClassLoader                                      : 498K
Loader groovy.lang.GroovyClassLoader$InnerLoader                                       : 385K
Loader jdk.internal.jrtfs.JrtFileSystemProvider$JrtFsLoader                            : 343K
Loader jdk.internal.loader.ClassLoaders$AppClassLoader                                 : 237K
Loader org.codehaus.groovy.runtime.callsite.CallSiteClassLoader                        : 110K

Classes loaded by more than one classloader:
Class Program                                                                         : loaded 19 times (x 69B)
Class _BuildScript_$_run_closure1                                                     : loaded 13 times (x 129B)
Class _BuildScript_                                                                   : loaded 13 times (x 171B)
Class Build_gradle                                                                    : loaded 12 times (x 127B)
Class Build_gradle$1                                                                  : loaded 12 times (x 71B)
Class Build_gradle$2                                                                  : loaded 11 times (x 71B)
Class Build_gradle$1$1                                                                : loaded 10 times (x 75B)
Class _BuildScript_$_run_closure1$_closure3                                           : loaded 8 times (x 129B)
Class _BuildScript_$_run_closure2                                                     : loaded 7 times (x 129B)
Class Build_gradle$3                                                                  : loaded 7 times (x 72B)
Class _BuildScript_$_run_closure1$_closure2                                           : loaded 6 times (x 129B)
Class _BuildScript_$_run_closure2$_closure5                                           : loaded 6 times (x 129B)
Class _BuildScript_$_run_closure2$_closure6                                           : loaded 6 times (x 129B)
Class Build_gradle$2$1                                                                : loaded 5 times (x 75B)
Class org.gradle.kotlin.dsl.TestImplementationConfigurationAccessorsKt                : loaded 5 times (x 68B)
Class org.gradle.kotlin.dsl.ImplementationConfigurationAccessorsKt                    : loaded 5 times (x 68B)
Class org.gradle.kotlin.dsl.Accessors3b22zubz91h1vnit99qiq17ljKt                      : loaded 4 times (x 68B)
Class org.gradle.kotlin.dsl.Accessors7y9hz5zm5pocrb21isjhik2uhKt                      : loaded 4 times (x 68B)
Class _BuildScript_$_run_closure2$_closure7                                           : loaded 4 times (x 129B)
Class _BuildScript_$_run_closure2$_closure4                                           : loaded 4 times (x 129B)
Class org.jetbrains.kotlin.tooling.core.HasExtras                                     : loaded 3 times (x 67B)
Class org.jetbrains.kotlin.util.capitalizeDecapitalize.CapitalizeDecapitalizeKt       : loaded 3 times (x 68B)
Class _BuildScript_$_run_closure3                                                     : loaded 3 times (x 129B)
Class org.jetbrains.kotlin.tooling.core.Extras                                        : loaded 3 times (x 67B)
Class Build_gradle$4                                                                  : loaded 3 times (x 75B)
Class Settings_gradle                                                                 : loaded 3 times (x 125B)
Class org.gradle.api.UncheckedIOException                                             : loaded 3 times (x 79B)
Class org.gradle.api.Action                                                           : loaded 3 times (x 67B)
Class org.gradle.internal.Cast                                                        : loaded 3 times (x 68B)
Class org.gradle.api.GradleException                                                  : loaded 3 times (x 79B)
Class org.jetbrains.kotlin.tooling.core.HasMutableExtras                              : loaded 3 times (x 67B)
Class org.gradle.internal.IoActions                                                   : loaded 3 times (x 68B)
Class Build_gradle$3$1                                                                : loaded 3 times (x 75B)
Class Build_gradle$3$3                                                                : loaded 2 times (x 75B)
Class org.jetbrains.kotlin.gradle.plugin.hierarchy.KotlinSourceSetTreeClassifierKt    : loaded 2 times (x 68B)
Class org.jetbrains.kotlin.gradle.report.UsesBuildMetricsService                      : loaded 2 times (x 67B)
Class org.jetbrains.kotlin.gradle.plugin.mpp.compilationImpl.factory.KotlinCompilationImplFactory$KotlinCompilationSourceSetsContainerFactory: loaded 2 times (x 67B)
Class org.jetbrains.kotlin.gradle.utils.ConfigurationCacheOpaqueValueSource           : loaded 2 times (x 76B)
Class org.jetbrains.kotlin.gradle.utils.MutableObservableSet                          : loaded 2 times (x 67B)
Class org.jetbrains.kotlin.gradle.dsl.KotlinHierarchyDsl                              : loaded 2 times (x 67B)
Class org.jetbrains.kotlin.gradle.targets.native.KonanPropertiesBuildService$Companion$registerIfAbsent$2$1: loaded 2 times (x 76B)
Class org.jetbrains.kotlin.gradle.report.BuildReportType                              : loaded 2 times (x 76B)
Class com.google.common.collect.ImmutableEnumSet                                      : loaded 2 times (x 143B)
Class com.google.common.util.concurrent.ExecutionError                                : loaded 2 times (x 79B)
Class com.google.common.collect.ImmutableList$1                                       : loaded 2 times (x 94B)
Class org.jetbrains.plugins.gradle.tooling.util.IntObjectMap$ObjectFactory            : loaded 2 times (x 67B)
Class org.gradle.tooling.model.build.GradleEnvironment                                : loaded 2 times (x 67B)
Class org.gradle.tooling.internal.adapter.ProtocolToModelAdapter$InvocationHandlerImpl: loaded 2 times (x 74B)
Class org.gradle.api.internal.classpath.ManifestUtil                                  : loaded 2 times (x 68B)
Class Build_gradle$3$4                                                                : loaded 2 times (x 75B)
Class org.gradle.internal.classloader.ClassLoaderHierarchy                            : loaded 2 times (x 67B)
Class org.jetbrains.kotlin.gradle.utils.FutureKt$future$1                             : loaded 2 times (x 92B)
Class org.jetbrains.kotlin.gradle.plugin.mpp.KotlinMetadataCompilation                : loaded 2 times (x 67B)
Class org.jetbrains.kotlin.gradle.plugin.sources.KotlinDependencyScope                : loaded 2 times (x 76B)
Class org.jetbrains.kotlin.gradle.tasks.configuration.AbstractKotlinCompileConfig$1   : loaded 2 times (x 76B)
Class org.jetbrains.kotlin.gradle.plugin.mpp.compilationImpl.KotlinCompilationFriendPathsResolver: loaded 2 times (x 67B)
Class org.jetbrains.kotlin.konan.target.KonanTarget$ANDROID_ARM64                     : loaded 2 times (x 75B)
Class org.jetbrains.kotlin.gradle.artifacts.KotlinNativeHostSpecificMetadataArtifactKt$KotlinNativeHostSpecificMetadataArtifact$1: loaded 2 times (x 71B)
Class org.jetbrains.kotlin.gradle.plugin.mpp.compilationImpl.KotlinCompilationSideEffect$Companion: loaded 2 times (x 68B)
Class org.jetbrains.kotlin.gradle.plugin.mpp.KotlinUsages$KotlinMetadataDisambiguation: loaded 2 times (x 73B)
Class org.jetbrains.kotlin.gradle.tasks.publishing.HelpersKt$maybeCreateBcConfiguration$1: loaded 2 times (x 76B)
Class org.jetbrains.kotlin.gradle.internal.properties.PropertiesBuildService$IntGradleProperty: loaded 2 times (x 73B)
Class com.google.gson.stream.MalformedJsonException                                   : loaded 2 times (x 79B)
Class com.google.common.collect.RegularImmutableMap                                   : loaded 2 times (x 118B)
Class com.google.common.collect.ImmutableMap$MapViewOfValuesAsSingletonSets           : loaded 2 times (x 123B)
Class org.jetbrains.plugins.gradle.model.UnresolvedExternalDependency                 : loaded 2 times (x 67B)
Class org.jetbrains.plugins.gradle.model.GradleExtensions                             : loaded 2 times (x 67B)
Class org.jetbrains.plugins.gradle.model.AnnotationProcessingModel                    : loaded 2 times (x 67B)
Class org.gradle.tooling.internal.adapter.TargetTypeProvider                          : loaded 2 times (x 67B)
Class Build_gradle$3$5                                                                : loaded 2 times (x 75B)
Class build_1yes4yowwq6ycilqy555mf56r$_run_closure1$_closure3                         : loaded 2 times (x 136B)
Class kotlin.sequences.SequencesKt__SequenceBuilderKt                                 : loaded 2 times (x 68B)
Class jdk.internal.jimage.decompressor.StringSharingDecompressorFactory               : loaded 2 times (x 71B)
Class org.jetbrains.kotlin.gradle.utils.GradleAttributesContainerUtilsKt$setAttributeProvider$1: loaded 2 times (x 72B)
Class org.jetbrains.kotlin.gradle.internal.transforms.BuildToolsApiClasspathEntrySnapshotTransform: loaded 2 times (x 79B)
Class org.jetbrains.kotlin.gradle.tasks.configuration.AbstractKotlinCompileConfig$2   : loaded 2 times (x 76B)
Class org.jetbrains.kotlin.gradle.plugin.mpp.compilationImpl.factory.KotlinCompilationImplFactory$PreConfigure: loaded 2 times (x 67B)
Class org.jetbrains.kotlin.gradle.plugin.KotlinProjectSetupActionKt$KotlinProjectSetupCoroutine$1$1: loaded 2 times (x 92B)
Class org.jetbrains.kotlin.konan.target.KonanTarget$WATCHOS_ARM32                     : loaded 2 times (x 75B)
Class org.jetbrains.kotlin.gradle.targets.js.dsl.KotlinJsTargetDsl                    : loaded 2 times (x 67B)
Class org.jetbrains.kotlin.gradle.plugin.KotlinPluginLifecycleImplKt                  : loaded 2 times (x 68B)
Class org.jetbrains.kotlin.gradle.plugin.diagnostics.checkers.DeprecatedKotlinNativeTargetsChecker$runChecks$1: loaded 2 times (x 85B)
Class org.jetbrains.kotlin.gradle.plugin.KotlinPluginLifecycleImpl$WhenMappings       : loaded 2 times (x 68B)
Class org.jetbrains.kotlin.gradle.dsl.KotlinCommonCompilerToolOptionsHelper           : loaded 2 times (x 68B)
Class org.jetbrains.kotlin.gradle.plugin.KotlinTargetComponent                        : loaded 2 times (x 67B)
Class org.jetbrains.kotlin.gradle.plugin.KotlinGradlePluginExtensionPointInternal     : loaded 2 times (x 73B)
Class org.jetbrains.kotlin.gradle.tasks.publishing.HelpersKt$maybeCreateBcConfiguration$1$1: loaded 2 times (x 72B)
Class org.jetbrains.kotlin.gradle.plugin.VariantImplementationFactories$Companion$getProvider$1: loaded 2 times (x 72B)
Class org.jetbrains.kotlin.gradle.internal.properties.PropertiesBuildService$BooleanGradleProperty: loaded 2 times (x 73B)
Class org.jetbrains.kotlin.gradle.dsl.KotlinProjectExtension                          : loaded 2 times (x 119B)
Class [Lorg.objectweb.asm.Symbol;                                                     : loaded 2 times (x 66B)
Class org.objectweb.asm.ClassVisitor                                                  : loaded 2 times (x 85B)
Class com.google.common.collect.UnmodifiableListIterator                              : loaded 2 times (x 92B)
Class org.gradle.tooling.internal.adapter.MethodInvocation                            : loaded 2 times (x 82B)
Class org.gradle.internal.operations.MultipleBuildOperationFailures                   : loaded 2 times (x 92B)
Class kotlin.collections.CollectionsKt__ReversedViewsKt                               : loaded 2 times (x 68B)
Class org.jetbrains.kotlin.gradle.plugin.KotlinPluginLifecycle$ProjectConfigurationResult$Failure: loaded 2 times (x 69B)
Class com.google.common.base.Platform$JdkPatternCompiler                              : loaded 2 times (x 72B)
Class org.jetbrains.kotlin.gradle.internal.abi.ConfigsKt$configureLegacyTasks$1       : loaded 2 times (x 72B)
Class org.jetbrains.kotlin.gradle.plugin.sources.DefaultKotlinSourceSet$MetadataDependencyTransformation: loaded 2 times (x 69B)
Class org.jetbrains.kotlin.gradle.tasks.DefaultKotlinJavaToolchain$Companion          : loaded 2 times (x 68B)
Class org.jetbrains.kotlin.gradle.tasks.DefaultKotlinJavaToolchain                    : loaded 2 times (x 74B)
Class org.jetbrains.kotlin.gradle.targets.native.toolchain.KotlinNativeBundleBuildService$Parameters: loaded 2 times (x 67B)
Class org.jetbrains.kotlin.gradle.targets.native.toolchain.KotlinNativeBundleBuildService: loaded 2 times (x 74B)
Class org.jetbrains.kotlin.gradle.internal.properties.PropertiesBuildService$MemoizedCallable$value$2: loaded 2 times (x 76B)
Class org.jetbrains.kotlin.gradle.plugin.KotlinGradleBuildServices                    : loaded 2 times (x 77B)
Class org.objectweb.asm.MethodTooLargeException                                       : loaded 2 times (x 80B)
Class [Lcom.google.common.cache.CacheBuilder$OneWeigher;                              : loaded 2 times (x 66B)
Class com.google.common.base.Suppliers                                                : loaded 2 times (x 68B)
Class org.jetbrains.kotlin.idea.gradleTooling.AndroidAwareGradleModelProvider$Companion: loaded 2 times (x 68B)
Class com.intellij.util.containers.IntObjectHashMap$ArrayProducer                     : loaded 2 times (x 67B)
Class org.jetbrains.kotlin.idea.gradleTooling.model.noarg.NoArgModel                  : loaded 2 times (x 67B)
Class org.gradle.internal.classloader.DefaultClassLoaderFactory                       : loaded 2 times (x 79B)
Class com.intellij.gradle.toolingExtension.impl.model.sourceSetModel.GradleSourceSetSerialisationService$Companion: loaded 2 times (x 68B)
Class org.jetbrains.kotlin.compilerRunner.CompilerSystemPropertiesService$Parameters_Decorated: loaded 2 times (x 131B)
Class org.jetbrains.kotlin.gradle.internal.abi.ConfigsKt$configureLegacyTasks$2       : loaded 2 times (x 72B)
Class org.jetbrains.kotlin.gradle.dsl.abi.ExperimentalAbiValidation                   : loaded 2 times (x 67B)
Class org.jetbrains.kotlin.gradle.plugin.KotlinTargetWithTests                        : loaded 2 times (x 67B)
Class org.jetbrains.kotlin.gradle.plugin.diagnostics.ToolingDiagnosticRenderingOptions: loaded 2 times (x 69B)
Class [Lorg.jetbrains.kotlin.gradle.dsl.KotlinVersion;                                : loaded 2 times (x 66B)
Class org.jetbrains.kotlin.gradle.plugin.diagnostics.checkers.JsEnvironmentChecker    : loaded 2 times (x 73B)
Class org.jetbrains.kotlin.gradle.targets.js.npm.NpmDependencyExtensionKt             : loaded 2 times (x 68B)
Class org.jetbrains.kotlin.gradle.plugin.diagnostics.UsesKotlinToolingDiagnosticsParameters: loaded 2 times (x 67B)
Class org.jetbrains.kotlin.gradle.plugin.PropertiesProvider$classLoaderCacheTimeoutInSeconds$1: loaded 2 times (x 72B)
Class org.jetbrains.kotlin.gradle.report.BuildMetricsService                          : loaded 2 times (x 83B)
Class kotlin.sequences.SequencesKt___SequencesKt                                      : loaded 2 times (x 68B)
Class kotlin.collections.AbstractList$Companion                                       : loaded 2 times (x 68B)
Class org.gradle.internal.classloader.ClassLoaderVisitor                              : loaded 2 times (x 73B)
Class _BuildScript_$_run_closure2$_closure8                                           : loaded 2 times (x 129B)
Class org.jetbrains.kotlin.gradle.plugin.mpp.compilationImpl.KotlinCompilationLanguageSettingsConfigurator: loaded 2 times (x 71B)
Class org.jetbrains.kotlin.gradle.plugin.KotlinPluginLifecycleKt$await$1              : loaded 2 times (x 85B)
Class [Lorg.jetbrains.kotlin.gradle.plugin.KotlinCompilation;                         : loaded 2 times (x 66B)
Class org.jetbrains.kotlin.gradle.plugin.mpp.KotlinTargetComponentWithPublication     : loaded 2 times (x 67B)
Class org.jetbrains.kotlin.gradle.plugin.mpp.compilationImpl.KotlinCreateNativeCompileTasksSideEffectKt: loaded 2 times (x 68B)
Class org.jetbrains.kotlin.gradle.plugin.KotlinProjectSetupActionKt                   : loaded 2 times (x 68B)
Class org.jetbrains.kotlin.gradle.dsl.KotlinTargetContainerWithJsPresetFunctions      : loaded 2 times (x 67B)
Class org.jetbrains.kotlin.gradle.report.ReportingSettings$Companion                  : loaded 2 times (x 68B)
Class org.jetbrains.kotlin.gradle.report.ConfigureReporingKt                          : loaded 2 times (x 68B)
Class org.jetbrains.kotlin.tooling.core.TypeUtils                                     : loaded 2 times (x 68B)
Class [Lcom.google.common.collect.ImmutableMapEntry;                                  : loaded 2 times (x 66B)
Class org.jetbrains.plugins.gradle.tooling.serialization.internal.IdeaProjectSerializationService: loaded 2 times (x 74B)
Class org.gradle.api.internal.classpath.EffectiveClassPath                            : loaded 2 times (x 87B)
Class build_1yes4yowwq6ycilqy555mf56r                                                 : loaded 2 times (x 177B)
Class _BuildScript_$_run_closure2$_closure9                                           : loaded 2 times (x 129B)
Class org.jetbrains.kotlin.gradle.plugin.mpp.compilationImpl.DefaultKotlinCompilationConfigurationsContainer: loaded 2 times (x 81B)
Class com.google.common.collect.ImmutableRangeSet                                     : loaded 2 times (x 112B)
Class org.jetbrains.kotlin.konan.target.KonanTarget$ANDROID_ARM32                     : loaded 2 times (x 75B)
Class org.jetbrains.kotlin.gradle.tasks.TasksProviderKt                               : loaded 2 times (x 68B)
Class org.jetbrains.kotlin.gradle.plugin.diagnostics.ToolingDiagnostic                : loaded 2 times (x 69B)
Class org.jetbrains.kotlin.gradle.plugin.sources.DefaultKotlinSourceSetFactory        : loaded 2 times (x 77B)
Class com.google.common.collect.ListMultimap                                          : loaded 2 times (x 67B)
Class com.google.common.collect.ImmutableEnumMap                                      : loaded 2 times (x 123B)
Class ijInit1_ba002rdecf6fiv7l1b0950nlk                                               : loaded 2 times (x 176B)
Class org.gradle.tooling.internal.gradle.DefaultProjectIdentifier                     : loaded 2 times (x 83B)
Class build_1yes4yowwq6ycilqy555mf56r$_run_closure1                                   : loaded 2 times (x 136B)
Class build_epjocmqtmc3tl9jxxgaw69jl6$_run_closure1                                   : loaded 2 times (x 136B)
Class org.jetbrains.kotlin.buildtools.api.jvm.ClassSnapshotGranularity                : loaded 2 times (x 76B)
Class org.jetbrains.kotlin.gradle.ExternalKotlinTargetApi                             : loaded 2 times (x 67B)
Class com.google.common.collect.Iterators$EmptyModifiableIterator                     : loaded 2 times (x 83B)
Class org.jetbrains.kotlin.konan.target.KonanTarget                                   : loaded 2 times (x 75B)
Class org.jetbrains.kotlin.gradle.plugin.diagnostics.checkers.AndroidPluginWithoutAndroidTargetChecker$runChecks$1: loaded 2 times (x 85B)
Class org.jetbrains.kotlin.gradle.plugin.diagnostics.checkers.AndroidSourceSetLayoutV1SourceSetsNotFoundChecker$runChecks$1: loaded 2 times (x 85B)
Class org.jetbrains.kotlin.gradle.plugin.diagnostics.KotlinGradleProjectCheckersRunnerKt$launchKotlinGradleProjectCheckers$1$1: loaded 2 times (x 92B)
Class org.jetbrains.kotlin.gradle.targets.CreateDefaultTestRunSideEffectKt            : loaded 2 times (x 68B)
Class org.jetbrains.kotlin.gradle.utils.ProviderApiUtilsKt$mapOrNull$1                : loaded 2 times (x 72B)
Class org.jetbrains.kotlin.gradle.tasks.publishing.GeneratePgpKeys                    : loaded 2 times (x 317B)
Class org.jetbrains.kotlin.gradle.targets.native.toolchain.KotlinNativeBundleBuildService$Companion$registerIfAbsent$1: loaded 2 times (x 72B)
Class org.jetbrains.kotlin.gradle.plugin.PropertiesProvider$kotlinExperimentalTryNext$1: loaded 2 times (x 72B)
Class org.jetbrains.kotlin.gradle.fus.BuildUidService$Companion                       : loaded 2 times (x 68B)
Class org.jetbrains.kotlin.gradle.plugin.VariantImplementationFactoriesConfigurator$Companion$getProvider$1: loaded 2 times (x 71B)
Class com.google.common.collect.Sets$1                                                : loaded 2 times (x 136B)
Class org.objectweb.asm.AnnotationVisitor                                             : loaded 2 times (x 75B)
Class com.intellij.gradle.toolingExtension.impl.model.buildScriptClasspathModel.GradleBuildScriptClasspathSerializationService$ReadContext: loaded 2 times (x 69B)
Class org.gradle.internal.impldep.gnu.trove.TObjectIntHashMap                         : loaded 2 times (x 106B)
Class org.jetbrains.kotlin.idea.gradleTooling.model.allopen.AllOpenModel              : loaded 2 times (x 67B)
Class org.gradle.api.internal.DefaultClassPathProvider                                : loaded 2 times (x 73B)
Class org.jetbrains.kotlin.gradle.tasks.configuration.KaptGenerateStubsConfig$Companion$wireJavaAndKotlinOutputs$1: loaded 2 times (x 76B)
Class org.jetbrains.kotlin.gradle.tasks.abi.AbiToolsTask                              : loaded 2 times (x 318B)
Class org.jetbrains.kotlin.gradle.plugin.KotlinPluginLifecycleCoroutineContextElement : loaded 2 times (x 81B)
Class org.jetbrains.kotlin.gradle.dsl.PlatformSourceSetConventionsChecker             : loaded 2 times (x 71B)
Class org.jetbrains.kotlin.gradle.plugin.diagnostics.checkers.KotlinSourceSetTreeDependsOnMismatchChecker: loaded 2 times (x 71B)
Class org.jetbrains.kotlin.gradle.targets.CreateDefaultCompilationsSideEffectKt       : loaded 2 times (x 68B)
Class org.jetbrains.kotlin.gradle.plugin.mpp.SyncLanguageSettingsWithKotlinExtensionSetupActionKt: loaded 2 times (x 68B)
Class org.jetbrains.kotlin.gradle.plugin.VariantImplementationFactories$Companion$getProvider$2$1: loaded 2 times (x 76B)
Class com.google.common.collect.Sets$2                                                : loaded 2 times (x 136B)
Class kotlin.sequences.SequenceScope                                                  : loaded 2 times (x 70B)
Class kotlin.sequences.Sequence                                                       : loaded 2 times (x 67B)
Class [Lorg.gradle.api.internal.ClassPathProvider;                                    : loaded 2 times (x 66B)
Class org.gradle.api.internal.ClassPathProvider                                       : loaded 2 times (x 67B)
Class jdk.internal.jrtfs.SystemImage                                                  : loaded 2 times (x 71B)
Class org.jetbrains.kotlin.gradle.model.KotlinProject                                 : loaded 2 times (x 67B)
Class org.jetbrains.kotlin.konan.target.HostManager$targetValues$2                    : loaded 2 times (x 75B)
Class [Lorg.jetbrains.kotlin.konan.target.Family;                                     : loaded 2 times (x 66B)
Class org.jetbrains.kotlin.gradle.plugin.diagnostics.checkers.UnusedSourceSetsChecker$runChecks$1: loaded 2 times (x 85B)
Class org.jetbrains.kotlin.gradle.targets.js.npm.PeerNpmDependencyExtension           : loaded 2 times (x 67B)
Class org.jetbrains.kotlin.gradle.dsl.AndroidMainSourceSetConventionsChecker          : loaded 2 times (x 71B)
Class org.jetbrains.kotlin.gradle.plugin.diagnostics.checkers.WasmJsEnvironmentChecker$1: loaded 2 times (x 75B)
Class org.jetbrains.kotlin.gradle.targets.native.internal.SetupKotlinNativePlatformDependenciesAndStdlibKt$SetupKotlinNativeStdlibAndPlatformDependenciesImport$1: loaded 2 times (x 92B)
Class org.jetbrains.kotlin.gradle.targets.js.npm.NpmDependencyExtensionKt$AddNpmDependencyExtensionProjectSetupAction$1: loaded 2 times (x 71B)
Class org.jetbrains.kotlin.build.report.metrics.GradleBuildPerformanceMetric          : loaded 2 times (x 94B)
Class org.jetbrains.kotlin.gradle.internal.properties.PropertiesBuildService$NullableBooleanGradleProperty: loaded 2 times (x 73B)
Class [Lorg.objectweb.asm.AnnotationVisitor;                                          : loaded 2 times (x 66B)
Class com.google.common.collect.Sets$3                                                : loaded 2 times (x 136B)
Class com.google.common.cache.LocalCache$LocalLoadingCache                            : loaded 2 times (x 131B)
Class org.jetbrains.plugins.gradle.model.ExternalSourceDirectorySet                   : loaded 2 times (x 67B)
Class org.gradle.internal.impldep.gnu.trove.TObjectHash$NULL                          : loaded 2 times (x 68B)
Class org.gradle.internal.service.UnknownServiceException                             : loaded 2 times (x 80B)
Class org.jetbrains.kotlin.gradle.internal.abi.AbiValidationLegacyDumpExtensionImpl   : loaded 2 times (x 79B)
Class org.jetbrains.kotlin.gradle.plugin.diagnostics.checkers.ComposePluginSuggestApplyChecker$runChecks$1: loaded 2 times (x 85B)
Class org.jetbrains.kotlin.konan.target.KonanTarget$TVOS_ARM64                        : loaded 2 times (x 75B)
Class org.jetbrains.kotlin.gradle.targets.js.npm.DefaultPeerNpmDependencyExtension    : loaded 2 times (x 138B)
Class org.jetbrains.kotlin.gradle.targets.android.internal.InternalKotlinTargetPreset : loaded 2 times (x 67B)
Class org.jetbrains.kotlin.gradle.plugin.KotlinPluginLifecycleKt                      : loaded 2 times (x 68B)
Class org.jetbrains.kotlin.gradle.plugin.diagnostics.checkers.WasmJsEnvironmentChecker$2: loaded 2 times (x 75B)
Class org.jetbrains.kotlin.gradle.plugin.mpp.AbstractKotlinTarget                     : loaded 2 times (x 147B)
Class org.jetbrains.kotlin.gradle.internal.properties.NativePropertiesLoader$kotlinNativeVersion$1: loaded 2 times (x 72B)
Class org.jetbrains.kotlin.gradle.plugin.VariantImplementationFactoriesConfigurator$Inject: loaded 2 times (x 93B)
Class org.jetbrains.kotlin.gradle.dsl.KotlinSingleTargetExtension                     : loaded 2 times (x 121B)
Class com.google.common.collect.Sets$4                                                : loaded 2 times (x 136B)
Class org.objectweb.asm.ModuleVisitor                                                 : loaded 2 times (x 78B)
Class com.google.common.cache.LocalCache$Strength$1                                   : loaded 2 times (x 78B)
Class org.jetbrains.kotlin.idea.gradleTooling.KotlinDslScriptAdditionalTask           : loaded 2 times (x 67B)
Class org.jetbrains.plugins.gradle.model.ClasspathEntryModel                          : loaded 2 times (x 67B)
Class org.jetbrains.kotlin.gradle.plugin.mpp.compilationImpl.KotlinCompilationTaskNamesContainer: loaded 2 times (x 69B)
Class org.jetbrains.kotlin.gradle.plugin.mpp.compilationImpl.factory.KotlinCompilationImplFactory$KotlinCompilerOptionsFactory: loaded 2 times (x 67B)
Class org.jetbrains.kotlin.gradle.internal.properties.PropertiesBuildServiceKt$propertyWithDeprecatedName$1: loaded 2 times (x 72B)
Class org.jetbrains.kotlin.gradle.targets.js.npm.NpmDependencyExtension               : loaded 2 times (x 67B)
Class org.jetbrains.kotlin.gradle.plugin.LanguageSettingsBuilder                      : loaded 2 times (x 67B)
Class org.jetbrains.kotlin.gradle.plugin.diagnostics.checkers.WasmWasiEnvironmentChecker: loaded 2 times (x 73B)
Class org.jetbrains.kotlin.gradle.plugin.diagnostics.checkers.WasmJsEnvironmentChecker$3: loaded 2 times (x 75B)
Class org.jetbrains.kotlin.gradle.targets.ConfigureBuildSideEffectKt                  : loaded 2 times (x 68B)
Class org.jetbrains.kotlin.gradle.internal.properties.PropertiesBuildService$Inject   : loaded 2 times (x 93B)
Class com.google.common.util.concurrent.SettableFuture                                : loaded 2 times (x 111B)
Class com.google.common.cache.LocalCache$Strength$2                                   : loaded 2 times (x 78B)
Class org.jetbrains.plugins.gradle.tooling.serialization.GradleExtensionsSerializationService: loaded 2 times (x 74B)
Class org.gradle.tooling.model.Dependency                                             : loaded 2 times (x 67B)
Class build_4aui4tclos8c9y2x8xnm6nb58$_run_closure1$_closure3                         : loaded 2 times (x 136B)
Class org.jetbrains.kotlin.gradle.plugin.KotlinPluginLifecycle$ProjectConfigurationResult$Success: loaded 2 times (x 68B)
Class org.jetbrains.kotlin.gradle.internal.abi.AbiValidationExtensionImpl$variants$1  : loaded 2 times (x 72B)
Class org.jetbrains.kotlin.gradle.internal.abi.AbiValidationVariantSpecImpl           : loaded 2 times (x 83B)
Class org.jetbrains.kotlin.gradle.internal.StdlibDependencyManagementKt$configureStdlibVersionAlignment$1: loaded 2 times (x 72B)
Class org.jetbrains.kotlin.gradle.plugin.diagnostics.checkers.OverriddenKotlinNativeHomeChecker$allKonanMainSubdirectoriesExist$1$1: loaded 2 times (x 72B)
Class org.jetbrains.kotlin.gradle.dsl.PlatformSourceSetConventionsChecker$CheckedPlatformInfo: loaded 2 times (x 69B)
Class org.jetbrains.kotlin.gradle.plugin.diagnostics.checkers.WasmJsEnvironmentChecker$4: loaded 2 times (x 75B)
Class org.jetbrains.kotlin.gradle.plugin.mpp.KotlinUsages$KotlinCinteropDisambiguation: loaded 2 times (x 73B)
Class org.jetbrains.kotlin.gradle.report.BuildReportType$Companion                    : loaded 2 times (x 68B)
Class org.jetbrains.kotlin.gradle.plugin.KotlinPluginInMultipleProjectsHolder         : loaded 2 times (x 69B)
Class com.google.common.cache.LocalCache$Strength$3                                   : loaded 2 times (x 78B)
Class com.google.common.collect.MapDifference                                         : loaded 2 times (x 67B)
Class com.intellij.openapi.externalSystem.model.project.dependencies.ResolutionState  : loaded 2 times (x 76B)
Class kotlin.collections.CollectionsKt__CollectionsKt                                 : loaded 2 times (x 68B)
Class build_1qim1nwc6sxaw44o2wsnn7rga                                                 : loaded 2 times (x 177B)
Class org.jetbrains.kotlin.gradle.targets.native.internal.KotlinNativePlatformDependenciesKt: loaded 2 times (x 68B)
Class org.jetbrains.kotlin.gradle.plugin.mpp.compilationImpl.DefaultKotlinCompilationFriendPathsResolver$CompositeFriendArtifactResolver: loaded 2 times (x 72B)
Class org.jetbrains.kotlin.gradle.plugin.sources.FragmentConsistencyChecks$optInAnnotationsCheck$1: loaded 2 times (x 76B)
Class org.jetbrains.kotlin.gradle.plugin.mpp.AbstractKotlinCompilationToRunnableFiles : loaded 2 times (x 193B)
Class org.jetbrains.kotlin.gradle.artifacts.KotlinMetadataArtifactKt$KotlinMetadataArtifact$1: loaded 2 times (x 71B)
Class org.jetbrains.kotlin.gradle.plugin.mpp.KotlinUsages$KotlinMetadataCompatibility : loaded 2 times (x 73B)
Class [Lorg.jetbrains.kotlin.gradle.dsl.JvmTarget;                                    : loaded 2 times (x 66B)
Class org.jetbrains.kotlin.gradle.internal.properties.PropertiesBuildService$property$1$1: loaded 2 times (x 72B)
Class org.jetbrains.kotlin.gradle.utils.ConfigurationsKt$maybeCreateResolvable$1      : loaded 2 times (x 75B)
Class org.jetbrains.kotlin.tooling.core.Extras$Type                                   : loaded 2 times (x 69B)
Class org.objectweb.asm.FieldWriter                                                   : loaded 2 times (x 75B)
Class com.google.common.cache.CacheBuilder$NullListener                               : loaded 2 times (x 79B)
Class org.jetbrains.plugins.gradle.model.ExternalLibraryDependency                    : loaded 2 times (x 67B)
Class org.gradle.internal.classpath.TransformedClassPath                              : loaded 2 times (x 93B)
Class org.gradle.internal.classloader.InstrumentingClassLoader                        : loaded 2 times (x 67B)
Class jdk.internal.jrtfs.SystemImage$1                                                : loaded 2 times (x 75B)
Class com.google.common.collect.ImmutableRangeSet$AsSet                               : loaded 2 times (x 297B)
Class org.jetbrains.kotlin.gradle.plugin.sources.FragmentConsistencyChecks$optInAnnotationsCheck$2: loaded 2 times (x 75B)
Class org.jetbrains.kotlin.gradle.targets.NativeForwardImplementationToApiElementsSideEffectKt$special$$inlined$KotlinTargetSideEffect$1: loaded 2 times (x 71B)
Class org.jetbrains.kotlin.gradle.plugin.statistics.BuildFusServiceKt                 : loaded 2 times (x 68B)
Class org.jetbrains.kotlin.gradle.plugin.BuildFinishedListenerService$Companion       : loaded 2 times (x 68B)
Class org.jetbrains.kotlin.gradle.plugin.BuildFinishedListenerService                 : loaded 2 times (x 77B)
Class com.google.common.cache.CacheLoader$FunctionToCacheLoader                       : loaded 2 times (x 72B)
Class com.google.common.collect.Iterators$ArrayItr                                    : loaded 2 times (x 94B)
Class com.google.common.collect.ImmutableCollection$Builder                           : loaded 2 times (x 73B)
Class [Lkotlin.coroutines.intrinsics.CoroutineSingletons;                             : loaded 2 times (x 66B)
Class kotlin.jvm.internal.FunctionBase                                                : loaded 2 times (x 67B)
Class kotlin.enums.EnumEntriesList                                                    : loaded 2 times (x 220B)
Class com.google.common.base.CharMatcher$IsEither                                     : loaded 2 times (x 108B)
Class jdk.internal.jrtfs.SystemImage$2                                                : loaded 2 times (x 73B)
Class org.jetbrains.kotlin.gradle.tasks.configuration.TaskConfigAction                : loaded 2 times (x 69B)
Class org.jetbrains.kotlin.gradle.plugin.diagnostics.checkers.OverriddenKotlinNativeHomeChecker$allKonanMainSubdirectoriesExist$1: loaded 2 times (x 72B)
Class org.jetbrains.kotlin.gradle.plugin.AbstractKotlinPlugin$Companion               : loaded 2 times (x 68B)
Class org.jetbrains.kotlin.gradle.plugin.KotlinSourceSetTree                          : loaded 2 times (x 69B)
Class org.jetbrains.kotlin.gradle.plugin.KotlinPluginLifecycle$Stage                  : loaded 2 times (x 76B)
Class [Lorg.jetbrains.kotlin.gradle.plugin.diagnostics.checkers.GradleDeprecatedPropertyChecker$DeprecatedProperty;: loaded 2 times (x 66B)
Class org.jetbrains.kotlin.gradle.plugin.mpp.compilationImpl.KotlinCreateResourcesTaskSideEffectKt$KotlinCreateResourcesTaskSideEffect$1: loaded 2 times (x 71B)
Class org.jetbrains.kotlin.gradle.targets.jvm.KotlinJvmTargetTestFixturesSideEffectKt : loaded 2 times (x 68B)
Class org.jetbrains.kotlin.gradle.plugin.sources.KotlinSourceSetFactory               : loaded 2 times (x 77B)
Class org.jetbrains.kotlin.gradle.targets.native.toolchain.KotlinNativeBundleBuildService$Parameters_Decorated: loaded 2 times (x 140B)
Class org.jetbrains.kotlin.gradle.internal.ClassLoadersCachingBuildService$Companion  : loaded 2 times (x 68B)
Class org.jetbrains.kotlin.gradle.internal.IdeaKt$isInIdeaSync$1                      : loaded 2 times (x 71B)
Class com.google.common.base.Joiner                                                   : loaded 2 times (x 76B)
Class com.google.common.base.MoreObjects                                              : loaded 2 times (x 68B)
Class kotlin.collections.CollectionsKt__IteratorsJVMKt                                : loaded 2 times (x 68B)
Class org.jetbrains.kotlin.gradle.utils.ProviderApiUtilsKt$mapOrNull$1$1              : loaded 2 times (x 72B)
Class org.jetbrains.kotlin.gradle.plugin.hierarchy.KotlinSourceSetTreeClassifier$Default: loaded 2 times (x 68B)
Class org.jetbrains.kotlin.gradle.plugin.mpp.InternalKotlinCompilationKt              : loaded 2 times (x 68B)
Class org.jetbrains.kotlin.gradle.tasks.configuration.AbstractKotlinCompileConfig     : loaded 2 times (x 69B)
Class org.jetbrains.kotlin.gradle.plugin.mpp.compilationImpl.KotlinCompilationImpl$attributes$2: loaded 2 times (x 76B)
Class org.jetbrains.kotlin.gradle.plugin.diagnostics.checkers.OverriddenKotlinNativeHomeChecker$StdlibExistenceCheckerValueSource: loaded 2 times (x 75B)
Class org.jetbrains.kotlin.build.report.metrics.GradleBuildTime                       : loaded 2 times (x 85B)
Class org.jetbrains.kotlin.gradle.utils.IsolatedKotlinClasspathClassCastException     : loaded 2 times (x 79B)
Class com.google.common.collect.Platform                                              : loaded 2 times (x 68B)
Class [Lorg.objectweb.asm.Type;                                                       : loaded 2 times (x 66B)
Class com.google.common.collect.UnmodifiableIterator                                  : loaded 2 times (x 77B)
Class org.jetbrains.plugins.gradle.model.IntelliJSettings                             : loaded 2 times (x 67B)
Class org.jetbrains.kotlin.idea.gradleTooling.KotlinSourceSetContainer                : loaded 2 times (x 67B)
Class kotlin.Result                                                                   : loaded 2 times (x 69B)
Class org.gradle.internal.service.ServiceLocator                                      : loaded 2 times (x 67B)
Class jdk.internal.jrtfs.JrtFileSystemProvider                                        : loaded 2 times (x 98B)
Class com.google.common.collect.HashBiMap$BiEntry                                     : loaded 2 times (x 80B)
Class org.jetbrains.kotlin.gradle.utils.GradleAttributesContainerUtilsKt$copyAttributeTo$1: loaded 2 times (x 76B)
Class org.jetbrains.kotlin.gradle.plugin.abi.AbiValidationTaskSet$setClasspath$1      : loaded 2 times (x 72B)
Class org.jetbrains.kotlin.gradle.plugin.hierarchy.KotlinSourceSetTreeClassifierKt$classify$1: loaded 2 times (x 85B)
Class [Lorg.jetbrains.kotlin.konan.target.KonanTarget;                                : loaded 2 times (x 66B)
Class org.jetbrains.kotlin.gradle.plugin.diagnostics.checkers.WasmSourceSetsNotFoundChecker: loaded 2 times (x 71B)
Class org.jetbrains.kotlin.gradle.plugin.diagnostics.checkers.AndroidSourceSetLayoutV1SourceSetsNotFoundChecker$androidSourceSetRegex$2: loaded 2 times (x 75B)
Class com.google.common.base.Ascii                                                    : loaded 2 times (x 68B)
Class com.google.common.collect.SingletonImmutableBiMap                               : loaded 2 times (x 140B)
Class com.google.common.cache.LocalCache$1                                            : loaded 2 times (x 86B)
Class com.google.common.collect.Iterators$SingletonIterator                           : loaded 2 times (x 78B)
Class com.google.common.collect.AbstractMapEntry                                      : loaded 2 times (x 78B)
Class org.jetbrains.kotlin.android.synthetic.idea.AndroidExtensionsGradleModel        : loaded 2 times (x 67B)
Class com.intellij.gradle.toolingExtension.util.GradleVersionUtil                     : loaded 2 times (x 68B)
Class sync_studio_tooling_bjjkt2nm5luuvf2vjup92mdst                                   : loaded 2 times (x 176B)
Class org.gradle.tooling.internal.adapter.ProtocolToModelAdapter$SupportedPropertyInvoker: loaded 2 times (x 73B)
Class org.gradle.tooling.model.UnsupportedMethodException                             : loaded 2 times (x 79B)
Class org.jetbrains.kotlin.gradle.plugin.abi.AbiValidationTaskSet$setClasspath$2      : loaded 2 times (x 72B)
Class org.jetbrains.kotlin.gradle.plugin.KotlinCompilationWithResources               : loaded 2 times (x 67B)
Class com.google.common.collect.Sets$ImprovedAbstractSet                              : loaded 2 times (x 132B)
Class com.google.common.collect.ImmutableList$Builder                                 : loaded 2 times (x 74B)
Class org.jetbrains.kotlin.gradle.plugin.KotlinTargetPreset                           : loaded 2 times (x 67B)
Class org.jetbrains.kotlin.gradle.plugin.diagnostics.checkers.KotlinTargetAlreadyDeclaredChecker: loaded 2 times (x 71B)
Class org.jetbrains.kotlin.gradle.plugin.mpp.compilationImpl.KotlinCompilationProcessorSideEffectKt: loaded 2 times (x 68B)
Class org.jetbrains.kotlin.gradle.utils.FileUtilsKt$localProperties$1                 : loaded 2 times (x 72B)
Class org.jetbrains.kotlin.gradle.dsl.HasConfigurableKotlinCompilerOptions            : loaded 2 times (x 67B)
Class com.google.common.collect.AbstractMultimap                                      : loaded 2 times (x 120B)
Class com.google.common.cache.LocalCache$2                                            : loaded 2 times (x 139B)
Class kotlin.collections.CollectionsKt__MutableCollectionsKt                          : loaded 2 times (x 68B)
Class org.jetbrains.kotlin.gradle.plugin.mpp.MppSourcesJarKt$sourcesJarTaskNamed$result$1$1: loaded 2 times (x 92B)
Class org.jetbrains.kotlin.gradle.plugin.KotlinCompilationInfo$TCS                    : loaded 2 times (x 86B)
Class com.google.common.collect.ImmutableRangeSet$1                                   : loaded 2 times (x 207B)
Class org.jetbrains.kotlin.gradle.tasks.abi.KotlinLegacyAbiCheckTaskImpl              : loaded 2 times (x 327B)
Class org.jetbrains.kotlin.gradle.plugin.mpp.HasBinaries                              : loaded 2 times (x 67B)
Class org.jetbrains.kotlin.gradle.dsl.KotlinCommonOptions                             : loaded 2 times (x 67B)
Class org.jetbrains.kotlin.gradle.plugin.diagnostics.checkers.KmpPartiallyResolvedDependenciesChecker: loaded 2 times (x 71B)
Class org.jetbrains.kotlin.gradle.plugin.mpp.compilationImpl.KotlinCreateSourcesJarTaskSideEffectKt: loaded 2 times (x 68B)
Class org.jetbrains.kotlin.gradle.dsl.KotlinJvmProjectExtension                       : loaded 2 times (x 144B)
Class org.jetbrains.kotlin.gradle.plugin.KotlinGradlePluginExtensionPointInternalKt   : loaded 2 times (x 68B)
Class org.jetbrains.kotlin.gradle.targets.native.toolchain.UsesKotlinNativeBundleBuildService: loaded 2 times (x 67B)
Class org.jetbrains.kotlin.build.report.metrics.ValueType                             : loaded 2 times (x 76B)
Class org.jetbrains.kotlin.gradle.plugin.KotlinCompilerArgumentsProducer              : loaded 2 times (x 67B)
Class com.google.common.collect.RegularImmutableAsList                                : loaded 2 times (x 214B)
Class org.jetbrains.plugins.gradle.tooling.serialization.AnnotationProcessingModelSerializationService$WriteContext: loaded 2 times (x 69B)
Class org.gradle.internal.impldep.gnu.trove.THash                                     : loaded 2 times (x 78B)
Class build_al45zyc258tpw4gg4f3v1loao                                                 : loaded 2 times (x 177B)
Class build_7uvddy6s8rfdygjw1p5cxq6$_run_closure1$_closure3                           : loaded 2 times (x 136B)
Class org.jetbrains.kotlin.gradle.internal.tasks.ProducesKlib                         : loaded 2 times (x 67B)
Class org.jetbrains.kotlin.gradle.tasks.configuration.BaseKotlinCompileConfig$1$classpathConfiguration$1: loaded 2 times (x 72B)
Class com.google.common.collect.Range                                                 : loaded 2 times (x 84B)
Class org.jetbrains.kotlin.gradle.tasks.abi.KotlinLegacyAbiUpdateTask                 : loaded 2 times (x 315B)
Class org.jetbrains.kotlin.gradle.targets.js.npm.NpmDependencyExtensionDelegate       : loaded 2 times (x 164B)
Class org.jetbrains.kotlin.gradle.plugin.sources.FragmentConsistencyChecker           : loaded 2 times (x 69B)
Class org.jetbrains.kotlin.gradle.targets.native.internal.SetupKotlinNativePlatformDependenciesAndStdlibKt$SetupKotlinNativePlatformDependenciesAndStdlib$1: loaded 2 times (x 71B)
Class org.jetbrains.kotlin.gradle.dsl.DefaultToolchainSupport_Decorated               : loaded 2 times (x 121B)
Class org.jetbrains.kotlin.gradle.internal.properties.NativePropertiesLoader$jvmArgs$1: loaded 2 times (x 72B)
Class org.jetbrains.kotlin.gradle.report.BuildMetricsService$Companion                : loaded 2 times (x 68B)
Class org.jetbrains.kotlin.gradle.plugin.VariantImplementationFactories$Parameters_Decorated: loaded 2 times (x 131B)
Class org.jetbrains.kotlin.gradle.plugin.PropertiesProvider$PropertyNames             : loaded 2 times (x 68B)
Class org.jetbrains.kotlin.gradle.tasks.KotlinCompileTool                             : loaded 2 times (x 67B)
Class org.jetbrains.kotlin.gradle.utils.SingleAction$PerformedActions                 : loaded 2 times (x 69B)
Class org.jetbrains.kotlin.gradle.utils.GradleUtilsKt                                 : loaded 2 times (x 68B)
Class org.jetbrains.kotlin.gradle.plugin.HasProject                                   : loaded 2 times (x 67B)
Class com.google.common.util.concurrent.AbstractFuture$Trusted                        : loaded 2 times (x 67B)
Class com.google.common.collect.Iterators                                             : loaded 2 times (x 68B)
Class org.jetbrains.plugins.gradle.tooling.serialization.ProjectDependenciesSerializationService$WriteContext: loaded 2 times (x 69B)
Class org.jetbrains.plugins.gradle.tooling.serialization.ProjectDependenciesSerializationService: loaded 2 times (x 74B)
Class org.gradle.tooling.model.kotlin.dsl.KotlinDslScriptModel                        : loaded 2 times (x 67B)
Class org.gradle.tooling.internal.adapter.CollectionMapper                            : loaded 2 times (x 70B)
Class jdk.internal.jimage.ImageLocation                                               : loaded 2 times (x 87B)
Class jdk.internal.jrtfs.JrtDirectoryStream$1                                         : loaded 2 times (x 80B)
Class build_12clkcl0x00ljtrg21teupstz$_run_closure1$_closure2                         : loaded 2 times (x 136B)
Class org.jetbrains.kotlin.gradle.tasks.configuration.BaseKotlinCompileConfig         : loaded 2 times (x 69B)
Class org.jetbrains.kotlin.gradle.plugin.mpp.compilationImpl.factory.KotlinCompilationImplFactory$KotlinCompilationTaskNamesContainerFactory: loaded 2 times (x 67B)
Class org.jetbrains.kotlin.gradle.internal.KotlinDependenciesManagementKt$CustomizeKotlinDependenciesSetupAction$1$coreLibrariesVersion$1: loaded 2 times (x 76B)
Class org.jetbrains.kotlin.gradle.plugin.diagnostics.checkers.AndroidPublicationNotConfiguredChecker$runChecks$1: loaded 2 times (x 85B)
Class org.jetbrains.kotlin.gradle.plugin.diagnostics.checkers.CInteropInputChecker$runChecks$1: loaded 2 times (x 85B)
Class org.jetbrains.kotlin.gradle.plugin.diagnostics.ToolingDiagnosticRenderingOptionsKt$isAttachedToTerminal$1: loaded 2 times (x 71B)
Class org.jetbrains.kotlin.gradle.ExperimentalKotlinGradlePluginApi                   : loaded 2 times (x 67B)
Class org.jetbrains.kotlin.gradle.internal.properties.NativePropertiesLoader          : loaded 2 times (x 82B)
Class [Lorg.jetbrains.kotlin.build.report.metrics.BuildTime;                          : loaded 2 times (x 66B)
Class org.jetbrains.kotlin.gradle.plugin.statistics.BuildFusService                   : loaded 2 times (x 81B)
Class org.jetbrains.kotlin.gradle.dsl.KotlinAndroidProjectExtension                   : loaded 2 times (x 136B)
Class com.google.common.collect.Lists$StringAsImmutableList                           : loaded 2 times (x 204B)
Class com.google.common.util.concurrent.UncheckedExecutionException                   : loaded 2 times (x 79B)
Class org.gradle.internal.impldep.gnu.trove.Equality                                  : loaded 2 times (x 67B)
Class org.jetbrains.kotlin.gradle.plugin.diagnostics.checkers.CInteropInputChecker$runChecks$2: loaded 2 times (x 72B)
Class org.jetbrains.kotlin.gradle.tasks.configuration.KaptGenerateStubsConfig$Companion: loaded 2 times (x 68B)
Class org.jetbrains.kotlin.gradle.internal.KotlinTestDependencyManagementKt$maybeAddTestDependencyCapability$1: loaded 2 times (x 72B)
Class org.jetbrains.kotlin.gradle.dsl.abi.AbiValidationLegacyDumpExtension            : loaded 2 times (x 67B)
Class org.jetbrains.kotlin.gradle.plugin.diagnostics.CheckKotlinGradlePluginConfigurationErrorsKt: loaded 2 times (x 68B)
Class org.jetbrains.kotlin.gradle.plugin.diagnostics.ToolingDiagnosticRenderingOptionsKt$isAttachedToTerminal$2: loaded 2 times (x 71B)
Class org.jetbrains.kotlin.gradle.targets.js.npm.NpmDependencyExtensionKt$AddNpmDependencyExtensionProjectSetupAction$1$WhenMappings: loaded 2 times (x 68B)
Class org.jetbrains.kotlin.gradle.plugin.mpp.KotlinJvmAndroidCompilation              : loaded 2 times (x 195B)
Class org.jetbrains.kotlin.gradle.targets.CreateDefaultCompilationsSideEffectKt$CreateDefaultCompilationsSideEffect$1: loaded 2 times (x 71B)
Class org.jetbrains.kotlin.gradle.targets.native.internal.AddKotlinPlatformIntegersSupportLibraryKt$AddKotlinPlatformIntegersSupportLibrary$1: loaded 2 times (x 92B)
Class org.jetbrains.kotlin.gradle.plugin.mpp.ApplyUserDefinedAttributesKt             : loaded 2 times (x 68B)
Class org.jetbrains.kotlin.gradle.utils.FutureImpl                                    : loaded 2 times (x 77B)
Class org.jetbrains.kotlin.gradle.internal.properties.NativePropertiesLoader$isToolchainEnabled$1: loaded 2 times (x 72B)
Class org.jetbrains.plugins.gradle.ExternalDependencyId                               : loaded 2 times (x 67B)
Class com.intellij.gradle.toolingExtension.impl.model.buildScriptClasspathModel.GradleBuildScriptClasspathSerializationService$WriteContext: loaded 2 times (x 69B)
Class org.gradle.tooling.internal.adapter.ProtocolToModelAdapter                      : loaded 2 times (x 77B)
Class org.gradle.internal.InternalTransformer                                         : loaded 2 times (x 67B)
Class jdk.internal.jimage.ImageBufferCache$1                                          : loaded 2 times (x 80B)
Class org.jetbrains.kotlin.gradle.tasks.CompileUsingKotlinDaemonWithNormalization     : loaded 2 times (x 67B)
Class org.jetbrains.kotlin.gradle.plugin.mpp.compilationImpl.factory.KotlinCompilationImplFactory$PostConfigure$Companion: loaded 2 times (x 68B)
Class com.google.common.collect.AbstractMapBasedMultimap$KeySet$1                     : loaded 2 times (x 79B)
Class org.jetbrains.kotlin.gradle.internal.KotlinDomApiDependencyManagementKt$configureKotlinDomApiDefaultDependency$1: loaded 2 times (x 76B)
Class org.jetbrains.kotlin.gradle.targets.js.npm.DefaultDevNpmDependencyExtension     : loaded 2 times (x 142B)
Class [Lorg.jetbrains.kotlin.gradle.plugin.HasKotlinDependencies;                     : loaded 2 times (x 66B)
Class org.jetbrains.kotlin.gradle.tasks.DefaultKotlinJavaToolchain$Companion$wireJvmTargetToToolchain$1: loaded 2 times (x 72B)
Class org.jetbrains.kotlin.gradle.plugin.diagnostics.checkers.JsLikeEnvironmentChecker: loaded 2 times (x 73B)
Class org.jetbrains.kotlin.gradle.plugin.KotlinPlatformType                           : loaded 2 times (x 79B)
Class org.jetbrains.kotlin.gradle.internal.properties.PropertiesBuildServiceKt        : loaded 2 times (x 68B)
Class org.jetbrains.kotlin.gradle.plugin.KotlinGradleBuildServices$Companion          : loaded 2 times (x 68B)
Class org.objectweb.asm.ClassWriter                                                   : loaded 2 times (x 103B)
Class com.google.common.base.CharMatcher$And                                          : loaded 2 times (x 109B)
Class com.google.common.cache.CacheLoader$UnsupportedLoadingOperationException        : loaded 2 times (x 79B)
Class org.gradle.internal.impldep.gnu.trove.TObjectCanonicalHashingStrategy           : loaded 2 times (x 77B)
Class org.gradle.internal.time.DefaultTimer                                           : loaded 2 times (x 77B)
Class org.gradle.internal.classloader.ClasspathUtil$1                                 : loaded 2 times (x 73B)
Class Build_gradle$3$5$1$1                                                            : loaded 2 times (x 75B)
Class jdk.internal.jimage.ImageBufferCache$2                                          : loaded 2 times (x 88B)
Class com.google.common.base.Objects                                                  : loaded 2 times (x 68B)
Class com.google.common.collect.AbstractMapBasedMultimap$Itr                          : loaded 2 times (x 80B)
Class org.jetbrains.kotlin.gradle.plugin.diagnostics.ToolingDiagnosticRenderingOptions$Companion: loaded 2 times (x 68B)
Class org.jetbrains.kotlin.gradle.dsl.KotlinJvmCompilerOptionsHelper                  : loaded 2 times (x 68B)
Class org.jetbrains.kotlin.gradle.tasks.DefaultKotlinJavaToolchain$Companion$wireJvmTargetToToolchain$2: loaded 2 times (x 72B)
Class org.jetbrains.kotlin.gradle.plugin.diagnostics.DiagnosticGroup$KotlinDiagnosticGroup: loaded 2 times (x 78B)
Class org.jetbrains.kotlin.gradle.plugin.ProjectLocalConfigurations$ProjectLocalDisambiguation: loaded 2 times (x 73B)
Class org.jetbrains.kotlin.gradle.plugin.mpp.apple.swiftexport.internal.SwiftExportInitKt: loaded 2 times (x 68B)
Class org.jetbrains.kotlin.gradle.internal.properties.PropertiesBuildService$NullableStringGradleProperty: loaded 2 times (x 73B)
Class org.jetbrains.kotlin.gradle.targets.native.KonanPropertiesBuildService          : loaded 2 times (x 73B)
Class org.jetbrains.kotlin.gradle.plugin.KotlinGradleBuildServices$detectKotlinPluginLoadedInMultipleProjects$onRegister$1$1: loaded 2 times (x 72B)
Class org.jetbrains.kotlin.gradle.plugin.internal.ConfigurationCacheStartParameterAccessor$Factory: loaded 2 times (x 67B)
Class org.objectweb.asm.FieldVisitor                                                  : loaded 2 times (x 74B)
Class com.google.common.collect.IndexedImmutableSet                                   : loaded 2 times (x 149B)
Class com.google.common.collect.ImmutableMap$1                                        : loaded 2 times (x 78B)
Class com.google.common.collect.BiMap                                                 : loaded 2 times (x 67B)
Class org.gradle.tooling.internal.adapter.ProtocolToModelAdapter$ViewKey              : loaded 2 times (x 69B)
Class org.gradle.api.internal.classpath.DefaultModuleRegistry$DefaultModule           : loaded 2 times (x 83B)
Class org.jetbrains.kotlin.gradle.plugin.mpp.compilationImpl.KotlinCompilationSourceSetInclusion$DefaultAddSourcesToCompileTask$addSources$1: loaded 2 times (x 76B)
Class org.jetbrains.kotlin.gradle.plugin.diagnostics.checkers.WasmSourceSetsNotFoundChecker$wasmSourceSetRegex$2: loaded 2 times (x 75B)
Class org.jetbrains.kotlin.gradle.plugin.mpp.compilationImpl.KotlinCompilationSideEffect: loaded 2 times (x 67B)
Class org.jetbrains.kotlin.gradle.plugin.KotlinGradlePluginExtensionPoint             : loaded 2 times (x 67B)
Class org.jetbrains.kotlin.tooling.core.ExtrasUtilsKt                                 : loaded 2 times (x 68B)
Class org.jetbrains.kotlin.buildtools.api.ExperimentalBuildToolsApi                   : loaded 2 times (x 67B)
Class org.jetbrains.kotlin.gradle.targets.native.KonanPropertiesBuildService$Companion$registerIfAbsent$2$1$1: loaded 2 times (x 72B)
Class org.jetbrains.kotlin.gradle.internal.IsInIdeaSyncValueSource$Inject             : loaded 2 times (x 106B)
Class org.jetbrains.kotlin.gradle.utils.ResourceUtilsKt                               : loaded 2 times (x 68B)
Class org.jetbrains.kotlin.gradle.plugin.KotlinPluginWrapperKt$kotlinPluginVersionFromResources$1: loaded 2 times (x 75B)
Class com.google.common.primitives.Ints                                               : loaded 2 times (x 68B)
Class com.google.common.collect.AbstractIterator                                      : loaded 2 times (x 79B)
Class org.jetbrains.kotlin.idea.gradleTooling.model.lombok.LombokModel                : loaded 2 times (x 67B)
Class kotlin.ResultKt                                                                 : loaded 2 times (x 68B)
Class org.gradle.tooling.internal.adapter.ProtocolToModelAdapter$PropertyCachingMethodInvoker: loaded 2 times (x 73B)
Class build_1qim1nwc6sxaw44o2wsnn7rga$_run_closure1                                   : loaded 2 times (x 136B)
Class build_epjocmqtmc3tl9jxxgaw69jl6                                                 : loaded 2 times (x 178B)
Class org.jetbrains.kotlin.gradle.plugin.mpp.KotlinTargetSoftwareComponentImplKt$KotlinTargetSoftwareComponent$1$1$1: loaded 2 times (x 72B)
Class org.jetbrains.kotlin.gradle.tasks.configuration.KaptGenerateStubsConfig$Companion$configureLibraries$1: loaded 2 times (x 76B)
Class org.jetbrains.kotlin.gradle.plugin.mpp.compilationImpl.KotlinCompilationSourceSetInclusion$DefaultAddSourcesToCompileTask$addSources$2: loaded 2 times (x 76B)
Class org.jetbrains.kotlin.gradle.tasks.AbstractKotlinCompile                         : loaded 2 times (x 456B)
Class org.jetbrains.kotlin.gradle.plugin.KotlinCompilationOutput                      : loaded 2 times (x 67B)
Class org.jetbrains.kotlin.gradle.plugin.diagnostics.CheckKotlinGradlePluginConfigurationErrorsKt$addDependsOnFromTasksThatShouldFailWhenErrorsReported$1: loaded 2 times (x 72B)
Class org.jetbrains.kotlin.konan.target.KonanTarget$TVOS_X64                          : loaded 2 times (x 75B)
Class org.jetbrains.kotlin.gradle.plugin.diagnostics.KotlinToolingDiagnosticsSetupActionKt: loaded 2 times (x 68B)
Class org.jetbrains.kotlin.gradle.targets.native.KonanPropertiesBuildService$Parameters_Decorated: loaded 2 times (x 131B)
Class org.jetbrains.kotlin.gradle.plugin.KotlinGradleBuildServices$Parameters$Inject  : loaded 2 times (x 103B)
Class org.jetbrains.kotlin.gradle.plugin.KotlinPluginWrapperKt$kotlinPluginVersionFromResources$1$1: loaded 2 times (x 68B)
Class com.google.common.collect.ObjectArrays                                          : loaded 2 times (x 68B)
Class com.google.common.collect.Multiset                                              : loaded 2 times (x 67B)
Class com.google.common.collect.ArrayListMultimapGwtSerializationDependencies         : loaded 2 times (x 169B)
Class com.google.common.collect.AbstractIndexedListIterator                           : loaded 2 times (x 93B)
Class com.google.common.math.MathPreconditions                                        : loaded 2 times (x 68B)
Class org.jetbrains.plugins.gradle.model.ExternalTask                                 : loaded 2 times (x 67B)
Class kotlin.Result$Failure                                                           : loaded 2 times (x 69B)
Class org.gradle.internal.time.DefaultCountdownTimer                                  : loaded 2 times (x 85B)
Class build_avc3aq2ii5a85atahz2v1ieed                                                 : loaded 2 times (x 177B)
Class org.jetbrains.kotlin.gradle.plugin.attributes.KlibPackaging$Companion           : loaded 2 times (x 68B)
Class org.jetbrains.kotlin.tooling.core.Extras$Entry                                  : loaded 2 times (x 69B)
Class org.jetbrains.kotlin.gradle.plugin.sources.InternalKotlinSourceSetKt            : loaded 2 times (x 68B)
Class org.jetbrains.kotlin.gradle.utils.WhenEvaluatedKt$whenEvaluated$3               : loaded 2 times (x 76B)
Class org.jetbrains.kotlin.gradle.internal.Kapt3GradleSubplugin$Kapt3SubpluginContext : loaded 2 times (x 69B)
Class org.jetbrains.kotlin.gradle.artifacts.KotlinTargetArtifact                      : loaded 2 times (x 67B)
Class org.jetbrains.kotlin.gradle.dsl.KotlinJvmCompilerOptionsDefault_Decorated       : loaded 2 times (x 168B)
Class org.jetbrains.kotlin.gradle.plugin.HasKotlinDependencies                        : loaded 2 times (x 67B)
Class org.jetbrains.kotlin.gradle.internal.ClassLoadersCachingBuildService$Parameters_Decorated: loaded 2 times (x 131B)
Class org.jetbrains.kotlin.gradle.targets.native.toolchain.KotlinNativeBundleBuildService$Companion: loaded 2 times (x 68B)
Class org.jetbrains.kotlin.gradle.plugin.VariantImplementationFactoriesConfigurator   : loaded 2 times (x 73B)
Class com.google.common.collect.ImmutableMapEntrySet                                  : loaded 2 times (x 149B)
Class org.jetbrains.plugins.gradle.tooling.util.ObjectCollector                       : loaded 2 times (x 69B)
Class org.jetbrains.plugins.gradle.model.GradleTaskModel                              : loaded 2 times (x 67B)
Class org.gradle.tooling.internal.adapter.ProtocolToModelAdapter$AdaptingMethodInvoker: loaded 2 times (x 73B)
Class org.gradle.tooling.internal.gradle.DefaultBuildIdentifier                       : loaded 2 times (x 76B)
Class kotlin.Function                                                                 : loaded 2 times (x 67B)
Class org.gradle.api.internal.classpath.Module                                        : loaded 2 times (x 67B)
Class org.jetbrains.kotlin.gradle.internal.transforms.BuildToolsApiClasspathEntrySnapshotTransform$Parameters_Decorated: loaded 2 times (x 154B)
Class org.jetbrains.kotlin.gradle.plugin.mpp.compilationImpl.KotlinCompilationSourceSetInclusion$Companion$includedSourceSets$2: loaded 2 times (x 75B)
Class org.jetbrains.kotlin.gradle.utils.WhenEvaluatedKt$whenEvaluated$4               : loaded 2 times (x 72B)
Class org.jetbrains.kotlin.gradle.plugin.diagnostics.KotlinToolingDiagnosticsSetupActionKt$KotlinToolingDiagnosticsSetupAction$1$1: loaded 2 times (x 72B)
Class org.jetbrains.kotlin.gradle.targets.js.npm.NpmDirectoryDependencyWithExternalsExtension: loaded 2 times (x 67B)
Class org.jetbrains.kotlin.gradle.plugin.KotlinProjectSetupAction                     : loaded 2 times (x 67B)
Class org.jetbrains.kotlin.gradle.plugin.KotlinGradleFinishBuildHandler$Companion     : loaded 2 times (x 68B)
Class org.jetbrains.kotlin.gradle.internal.IsInIdeaSyncValueSource                    : loaded 2 times (x 75B)
Class com.google.common.cache.Weigher                                                 : loaded 2 times (x 67B)
Class com.intellij.openapi.externalSystem.model.project.IExternalSystemSourceType     : loaded 2 times (x 67B)
Class org.gradle.api.internal.classpath.UnknownModuleException                        : loaded 2 times (x 79B)
Class jdk.internal.jimage.ImageHeader                                                 : loaded 2 times (x 68B)
Class build_3gczo4jhxcb4rms1jnvh71e1o$_run_closure1                                   : loaded 2 times (x 136B)
Class org.jetbrains.kotlin.gradle.plugin.mpp.InternalKotlinTargetComponentKt          : loaded 2 times (x 68B)
Class org.jetbrains.kotlin.gradle.plugin.mpp.InternalKotlinTarget$DefaultImpls        : loaded 2 times (x 68B)
Class org.jetbrains.kotlin.gradle.plugin.KotlinPluginLifecycleImpl$executeCurrentStageAndScheduleNext$3: loaded 2 times (x 72B)
Class org.jetbrains.kotlin.gradle.plugin.mpp.compilationImpl.KotlinCompilationRegisterInSourceSetsConfigurator$configure$1: loaded 2 times (x 76B)
Class org.jetbrains.kotlin.gradle.plugin.diagnostics.KotlinToolingDiagnosticsSetupActionKt$KotlinToolingDiagnosticsSetupAction$1$2: loaded 2 times (x 92B)
Class org.jetbrains.kotlin.gradle.targets.js.npm.NpmDependencyWithExternalsExtension  : loaded 2 times (x 67B)
Class org.jetbrains.kotlin.gradle.plugin.diagnostics.KotlinToolingDiagnosticsCollector$Parameter$Inject: loaded 2 times (x 103B)
Class org.jetbrains.kotlin.gradle.plugin.mpp.KotlinUsageContext                       : loaded 2 times (x 67B)
Class org.jetbrains.kotlin.gradle.plugin.KotlinTargetsContainer                       : loaded 2 times (x 67B)
Class org.jetbrains.kotlin.compilerRunner.GradleCliCommonizerKt                       : loaded 2 times (x 68B)
Class org.jetbrains.kotlin.gradle.utils.ConfigurationsKt                              : loaded 2 times (x 68B)
Class org.jetbrains.kotlin.gradle.plugin.diagnostics.DefaultProblemsReporter$Factory  : loaded 2 times (x 73B)
Class org.jetbrains.kotlin.gradle.plugin.PluginWrappersKt                             : loaded 2 times (x 68B)
Class com.google.common.base.Stopwatch                                                : loaded 2 times (x 69B)
Class com.google.common.cache.LocalCache$Strength                                     : loaded 2 times (x 78B)
Class com.google.common.cache.Cache                                                   : loaded 2 times (x 67B)
Class com.google.gson.stream.JsonReader$1                                             : loaded 2 times (x 69B)
Class org.jetbrains.plugins.gradle.tooling.serialization.ProjectDependenciesSerializationService$ReadContext: loaded 2 times (x 69B)
Class org.gradle.internal.impldep.gnu.trove.TObjectIdentityHashingStrategy            : loaded 2 times (x 75B)
Class com.intellij.openapi.externalSystem.model.project.dependencies.ProjectDependencies: loaded 2 times (x 67B)
Class org.jetbrains.kotlin.gradle.plugin.mpp.InternalKotlinTargetKt                   : loaded 2 times (x 68B)
Class org.jetbrains.kotlin.gradle.plugin.diagnostics.KotlinToolingDiagnosticsSetupActionKt$KotlinToolingDiagnosticsSetupAction$1$3: loaded 2 times (x 72B)
Class org.jetbrains.kotlin.gradle.targets.js.dsl.KotlinTargetWithNodeJsDsl            : loaded 2 times (x 67B)
Class org.jetbrains.kotlin.gradle.plugin.sources.DefaultKotlinSourceSetKt$defaultSourceSetLanguageSettingsChecker$1: loaded 2 times (x 75B)
Class org.jetbrains.kotlin.gradle.plugin.sources.InternalKotlinSourceSet              : loaded 2 times (x 67B)
Class org.jetbrains.kotlin.gradle.plugin.KotlinJvmPlugin                              : loaded 2 times (x 76B)
Class org.jetbrains.kotlin.gradle.plugin.mpp.SyncLanguageSettingsWithKotlinExtensionSetupActionKt$SyncLanguageSettingsWithKotlinExtensionSetupAction$1: loaded 2 times (x 92B)
Class org.jetbrains.kotlin.gradle.dsl.KotlinGradlePluginPublicDsl                     : loaded 2 times (x 67B)
Class org.jetbrains.kotlin.gradle.internal.properties.NativeProperties                : loaded 2 times (x 67B)
Class org.jetbrains.kotlin.gradle.plugin.internal.ConfigurationCacheStartParameterAccessor: loaded 2 times (x 67B)
Class org.jetbrains.kotlin.gradle.internal.diagnostics.GradleCompatibilityCheck$DefaultCurrentGradleVersionProvider: loaded 2 times (x 71B)
Class org.jetbrains.kotlin.gradle.dsl.KotlinBaseExtension                             : loaded 2 times (x 67B)
Class com.google.common.util.concurrent.AbstractFuture$Cancellation                   : loaded 2 times (x 69B)
Class com.google.common.collect.ImmutableMap$Builder                                  : loaded 2 times (x 79B)
Class org.jetbrains.kotlin.gradle.utils.FutureKt$future$2$1                           : loaded 2 times (x 92B)
Class org.jetbrains.kotlin.gradle.plugin.diagnostics.DefaultProblemsReporter$logger$2 : loaded 2 times (x 76B)
Class org.jetbrains.kotlin.gradle.plugin.diagnostics.DefaultProblemsReporter          : loaded 2 times (x 73B)
Class org.jetbrains.kotlin.gradle.plugin.internal.BuildIdService$Companion$registerIfAbsent$1$1: loaded 2 times (x 72B)
Class org.jetbrains.kotlin.gradle.internal.abi.AbiValidationExtensionImpl             : loaded 2 times (x 87B)
Class org.jetbrains.kotlin.konan.target.KonanTarget$IOS_ARM64                         : loaded 2 times (x 75B)
Class org.jetbrains.kotlin.gradle.targets.js.dsl.KotlinWasmTargetDsl                  : loaded 2 times (x 67B)
Class org.jetbrains.kotlin.gradle.plugin.diagnostics.checkers.DisabledCinteropCommonizationInHmppProjectChecker$runChecks$1: loaded 2 times (x 85B)
Class org.jetbrains.kotlin.gradle.plugin.sources.ConsistencyCheck                     : loaded 2 times (x 69B)
Class org.jetbrains.kotlin.gradle.plugin.sources.DefaultKotlinSourceSetKt$defaultSourceSetLanguageSettingsChecker$2: loaded 2 times (x 75B)
Class org.jetbrains.kotlin.gradle.plugin.diagnostics.KotlinToolingDiagnosticsCollectorKt$kotlinToolingDiagnosticsCollectorProvider$1$execute$$inlined$variantImplementationFactoryProvider$1: loaded 2 times (x 71B)
Class org.jetbrains.kotlin.gradle.dsl.KotlinCommonToolOptions                         : loaded 2 times (x 67B)
Class org.jetbrains.kotlin.gradle.plugin.AbstractKotlinPlugin                         : loaded 2 times (x 75B)
Class org.jetbrains.kotlin.gradle.tasks.DefaultKotlinJavaToolchain$Companion$wireJvmTargetToJvm$1: loaded 2 times (x 72B)
Class org.jetbrains.kotlin.gradle.plugin.diagnostics.checkers.ComposePluginSuggestApplyChecker: loaded 2 times (x 71B)
Class org.jetbrains.kotlin.gradle.dsl.KotlinMultiplatformExtension                    : loaded 2 times (x 604B)
Class org.jetbrains.kotlin.gradle.plugin.PropertiesProvider$booleanProvider$1         : loaded 2 times (x 71B)
Class com.google.common.cache.RemovalListener                                         : loaded 2 times (x 67B)
Class org.jetbrains.plugins.gradle.tooling.serialization.RepositoriesModelSerializationService: loaded 2 times (x 79B)
Class org.gradle.tooling.internal.gradle.GradleProjectIdentity                        : loaded 2 times (x 67B)
Class org.gradle.api.internal.DefaultClassPathRegistry                                : loaded 2 times (x 73B)
Class build_3gczo4jhxcb4rms1jnvh71e1o                                                 : loaded 2 times (x 177B)
Class org.jetbrains.kotlin.gradle.plugin.mpp.KotlinTargetSoftwareComponentImplKt$KotlinTargetSoftwareComponent$1$1$configuration$1: loaded 2 times (x 76B)
Class org.jetbrains.kotlin.gradle.internal.abi.AbiValidationExtensionKt               : loaded 2 times (x 68B)
Class org.jetbrains.kotlin.gradle.targets.js.npm.DefaultPeerNpmDependencyExtension$delegate$1: loaded 2 times (x 164B)
Class org.jetbrains.kotlin.gradle.targets.js.npm.NpmDependency                        : loaded 2 times (x 94B)
Class org.jetbrains.kotlin.gradle.targets.js.npm.DefaultNpmDependencyExtension        : loaded 2 times (x 149B)
Class org.jetbrains.kotlin.gradle.targets.js.npm.NpmDependency$Scope                  : loaded 2 times (x 76B)
Class org.jetbrains.kotlin.gradle.plugin.sources.FragmentConsistencyChecks$unstableFeaturesCheck$1: loaded 2 times (x 76B)
Class org.jetbrains.kotlin.gradle.plugin.sources.DefaultKotlinSourceSet               : loaded 2 times (x 138B)
Class org.jetbrains.kotlin.gradle.plugin.diagnostics.KotlinToolingDiagnosticsCollector$Parameter_Decorated: loaded 2 times (x 131B)
Class org.jetbrains.kotlin.gradle.plugin.diagnostics.checkers.AndroidSourceSetLayoutV1SourceSetsNotFoundChecker: loaded 2 times (x 71B)
Class org.jetbrains.kotlin.gradle.plugin.diagnostics.ProblemsReporter                 : loaded 2 times (x 67B)
Class org.jetbrains.kotlin.gradle.plugin.VariantImplementationFactories$Parameters    : loaded 2 times (x 67B)
Class org.jetbrains.kotlin.gradle.utils.ConfigurationsKt$sam$org_gradle_api_Action$0  : loaded 2 times (x 72B)
Class org.jetbrains.kotlin.gradle.plugin.internal.JavaExecTaskParametersCompatibility$Factory: loaded 2 times (x 67B)
Class com.google.common.primitives.IntsMethodsForWeb                                  : loaded 2 times (x 68B)
Class com.google.common.collect.Multimap                                              : loaded 2 times (x 67B)
Class org.jetbrains.plugins.gradle.tooling.serialization.RepositoriesModelSerializationService$ReadContext: loaded 2 times (x 69B)
Class org.gradle.api.internal.ClassPathRegistry                                       : loaded 2 times (x 67B)
Class org.gradle.internal.classpath.DefaultClassPath$ImmutableUniqueList              : loaded 2 times (x 196B)
Class jdk.internal.jimage.decompressor.ResourceDecompressor                           : loaded 2 times (x 67B)
Class build_4aui4tclos8c9y2x8xnm6nb58$_run_closure1                                   : loaded 2 times (x 136B)
Class com.google.common.base.ExtraObjectsMethodsForWeb                                : loaded 2 times (x 68B)
Class org.jetbrains.kotlin.gradle.plugin.KotlinCompilation$DefaultImpls               : loaded 2 times (x 68B)
Class org.jetbrains.kotlin.gradle.utils.ProviderApiUtilsKt$providerWithLazyConvention$1: loaded 2 times (x 71B)
Class org.jetbrains.kotlin.konan.target.KonanTarget$Companion$predefinedTargets$2     : loaded 2 times (x 75B)
Class org.jetbrains.kotlin.gradle.plugin.sources.FragmentConsistencyChecks$unstableFeaturesCheck$2: loaded 2 times (x 75B)
Class org.jetbrains.kotlin.gradle.plugin.KotlinPluginLifecycleImpl                    : loaded 2 times (x 77B)
Class org.jetbrains.kotlin.gradle.plugin.diagnostics.KotlinToolingDiagnostics$WasmWasiEnvironmentNotChosenExplicitly: loaded 2 times (x 70B)
Class org.jetbrains.kotlin.gradle.plugin.diagnostics.DiagnosticGroup$Kgp              : loaded 2 times (x 79B)
Class org.jetbrains.kotlin.gradle.artifacts.KotlinNativeKlibArtifactKt$KotlinNativeKlibArtifact$1: loaded 2 times (x 71B)
Class org.jetbrains.kotlin.gradle.dsl.KotlinCommonCompilerOptionsDefault              : loaded 2 times (x 93B)
Class org.jetbrains.kotlin.gradle.dsl.KotlinCommonCompilerToolOptionsDefault          : loaded 2 times (x 81B)
Class org.jetbrains.kotlin.gradle.tasks.publishing.HelpersKt$addPomValidationHelpers$1: loaded 2 times (x 72B)
Class org.jetbrains.kotlin.gradle.plugin.mpp.apple.swiftexport.internal.SwiftExportInitKt$maybeCreateSwiftExportClasspathDependenciesConfiguration$1$1: loaded 2 times (x 72B)
Class org.jetbrains.kotlin.gradle.internal.properties.NativePropertiesLoader$isUseXcodeMessageStyleEnabled$1: loaded 2 times (x 72B)
Class org.jetbrains.kotlin.gradle.internal.ClassLoadersCachingBuildService$Companion$registerIfAbsent$2$1: loaded 2 times (x 76B)
Class org.jetbrains.kotlin.gradle.report.BuildReportMode$Companion                    : loaded 2 times (x 68B)
Class org.jetbrains.kotlin.gradle.plugin.VariantImplementationFactories$VariantImplementationFactory: loaded 2 times (x 67B)
Class org.jetbrains.plugins.gradle.tooling.serialization.internal.adapter.InternalBuildIdentifier: loaded 2 times (x 72B)
Class com.intellij.gradle.toolingExtension.impl.model.projectModel.GradleExternalProjectSerializationService$WriteContext: loaded 2 times (x 70B)
Class org.jetbrains.kotlin.gradle.plugin.KotlinPlatformType$Companion                 : loaded 2 times (x 68B)
Class org.jetbrains.kotlin.gradle.utils.GradleAttributesContainerUtilsKt              : loaded 2 times (x 68B)
Class org.jetbrains.kotlin.gradle.plugin.mpp.ApplyUserDefinedAttributesKt$UserDefinedAttributesSetupAction$1$1: loaded 2 times (x 76B)
Class org.jetbrains.kotlin.compilerRunner.CompilerSystemPropertiesService             : loaded 2 times (x 77B)
Class org.jetbrains.kotlin.gradle.plugin.mpp.compilationImpl.KotlinCompilationImpl$1  : loaded 2 times (x 76B)
Class org.jetbrains.kotlin.gradle.targets.js.npm.SemVer$Companion                     : loaded 2 times (x 68B)
Class org.jetbrains.kotlin.konan.target.KonanTarget$LINUX_ARM64                       : loaded 2 times (x 75B)
Class org.jetbrains.kotlin.konan.target.KonanTarget$LINUX_X64                         : loaded 2 times (x 75B)
Class [Lorg.jetbrains.kotlin.konan.target.Architecture;                               : loaded 2 times (x 66B)
Class org.jetbrains.kotlin.gradle.targets.native.SetupEmbedAndSignAppleFrameworkTaskSideEffectKt$special$$inlined$KotlinTargetSideEffect$1: loaded 2 times (x 71B)
Class org.jetbrains.kotlin.gradle.plugin.mpp.KotlinUsages$KotlinCinteropCompatibility : loaded 2 times (x 74B)
Class org.jetbrains.kotlin.gradle.plugin.mpp.KotlinUsages$KotlinUsagesCompatibility   : loaded 2 times (x 73B)
Class org.jetbrains.kotlin.gradle.dsl.ExplicitApiMode                                 : loaded 2 times (x 76B)
Class org.jetbrains.kotlin.gradle.tasks.publishing.HelpersKt$addSigningValidationHelpers$1: loaded 2 times (x 72B)
Class org.jetbrains.kotlin.gradle.plugin.VariantImplementationFactories$Companion     : loaded 2 times (x 68B)
Class org.jetbrains.kotlin.gradle.plugin.internal.CustomPropertiesFileValueSource$Parameters_Decorated: loaded 2 times (x 131B)
Class org.jetbrains.kotlin.gradle.dsl.KotlinTopLevelExtensionConfig                   : loaded 2 times (x 67B)
Class com.google.common.cache.CacheBuilder                                            : loaded 2 times (x 69B)
Class com.google.common.collect.SingletonImmutableList                                : loaded 2 times (x 204B)
Class Settings_gradle$1                                                               : loaded 2 times (x 71B)
Class org.jetbrains.kotlin.gradle.plugin.KotlinPlatformType$DisambiguationRule        : loaded 2 times (x 73B)
Class org.gradle.internal.classpath.ClassPath                                         : loaded 2 times (x 67B)
Class org.jetbrains.kotlin.gradle.plugin.mpp.compilationImpl.KotlinCompilationImpl$2  : loaded 2 times (x 76B)
Class com.google.common.base.JdkPattern                                               : loaded 2 times (x 72B)
Class org.jetbrains.kotlin.gradle.tasks.abi.KotlinLegacyAbiCheckTaskImpl$Companion    : loaded 2 times (x 68B)
Class org.jetbrains.kotlin.gradle.dsl.PlatformSourceSetConventionsChecker$runChecks$1 : loaded 2 times (x 85B)
Class org.jetbrains.kotlin.gradle.plugin.mpp.compilationImpl.KotlinCompilationProcessorSideEffectKt$KotlinCompilationProcessorSideEffect$1: loaded 2 times (x 71B)
Class org.jetbrains.kotlin.gradle.dsl.KotlinJvmCompilerOptionsDefault                 : loaded 2 times (x 105B)
Class org.jetbrains.kotlin.gradle.internal.UsesClassLoadersCachingBuildService        : loaded 2 times (x 67B)
Class com.google.common.collect.ImmutableList$ReverseImmutableList                    : loaded 2 times (x 206B)
Class org.jetbrains.plugins.gradle.model.ExternalProjectDependency                    : loaded 2 times (x 67B)
Class org.jetbrains.plugins.gradle.tooling.serialization.KotlinDslScriptsModelSerializationService: loaded 2 times (x 78B)
Class kotlin.collections.ArrayDeque                                                   : loaded 2 times (x 204B)
Class com.google.errorprone.annotations.DoNotMock                                     : loaded 2 times (x 67B)
Class org.jetbrains.kotlin.gradle.internal.transforms.BuildToolsApiClasspathEntrySnapshotTransform$Parameters: loaded 2 times (x 85B)
Class org.jetbrains.kotlin.gradle.plugin.KotlinCompilationInfoKt                      : loaded 2 times (x 68B)
Class org.jetbrains.kotlin.gradle.tasks.KotlinCompile                                 : loaded 2 times (x 501B)
Class org.jetbrains.kotlin.gradle.internal.StdlibDependencyManagementKt               : loaded 2 times (x 68B)
Class org.jetbrains.kotlin.konan.target.KonanTarget$MINGW_X64                         : loaded 2 times (x 75B)
Class org.jetbrains.kotlin.gradle.dsl.PlatformSourceSetConventionsChecker$runChecks$2 : loaded 2 times (x 75B)
Class org.jetbrains.kotlin.gradle.utils.ObservableSet                                 : loaded 2 times (x 67B)
Class org.jetbrains.kotlin.gradle.plugin.diagnostics.KotlinToolingDiagnosticsCollectorKt: loaded 2 times (x 68B)
Class org.jetbrains.kotlin.gradle.plugin.mpp.HierarchyAttributeContainer              : loaded 2 times (x 80B)
Class org.jetbrains.kotlin.gradle.tasks.UsesKotlinJavaToolchain                       : loaded 2 times (x 67B)
Class org.jetbrains.kotlin.gradle.tasks.publishing.HelpersKt$addSigningValidationHelpers$signingTask$1: loaded 2 times (x 76B)
Class org.jetbrains.kotlin.gradle.plugin.DefaultKotlinBasePlugin$apply$1              : loaded 2 times (x 72B)
Class org.jetbrains.kotlin.gradle.internal.properties.PropertiesBuildService$Params_Decorated: loaded 2 times (x 131B)
Class org.objectweb.asm.SymbolTable$Entry                                             : loaded 2 times (x 71B)
Class com.google.gson.internal.JsonReaderInternalAccess                               : loaded 2 times (x 69B)
Class org.jetbrains.kotlin.cli.common.arguments.Freezable                             : loaded 2 times (x 69B)
Class org.jetbrains.plugins.gradle.tooling.serialization.ExternalTestsSerializationService$WriteContext: loaded 2 times (x 69B)
Class org.jetbrains.kotlin.idea.gradleTooling.KotlinGradleModel                       : loaded 2 times (x 67B)
Class kotlin.jvm.internal.Lambda                                                      : loaded 2 times (x 72B)
Class org.jetbrains.kotlin.gradle.targets.native.KotilnNativeConfigureBinariesSideEffectKt: loaded 2 times (x 68B)
Class jdk.internal.jimage.ImageStringsReader                                          : loaded 2 times (x 77B)
Class Native_plugin_loader_gradle                                                     : loaded 2 times (x 127B)
Class org.jetbrains.kotlin.gradle.plugin.mpp.KotlinTargetComponentWithCoordinatesAndPublication: loaded 2 times (x 67B)
Class org.jetbrains.kotlin.gradle.incremental.UsesIncrementalModuleInfoBuildService   : loaded 2 times (x 67B)
Class org.jetbrains.kotlin.konan.target.KonanTarget$ANDROID_X86                       : loaded 2 times (x 75B)
Class org.jetbrains.kotlin.gradle.dsl.PlatformSourceSetConventionsChecker$runChecks$3 : loaded 2 times (x 75B)
Class org.jetbrains.kotlin.gradle.plugin.RegisterKotlinPluginExtensionsKt             : loaded 2 times (x 68B)
Class org.jetbrains.kotlin.gradle.utils.CompilerOptionsKt$configureExperimentalTryNext$1$1: loaded 2 times (x 75B)
Class org.jetbrains.kotlin.gradle.utils.CompilerOptionsKt                             : loaded 2 times (x 68B)
Class org.jetbrains.kotlin.gradle.plugin.PropertiesProvider$Companion                 : loaded 2 times (x 68B)
Class org.jetbrains.kotlin.gradle.utils.SingleAction                                  : loaded 2 times (x 70B)
Class org.objectweb.asm.Edge                                                          : loaded 2 times (x 69B)
Class com.google.common.base.Suppliers$SupplierOfInstance                             : loaded 2 times (x 76B)
Class com.google.common.collect.Iterators$1                                           : loaded 2 times (x 78B)
Class org.gradle.tooling.model.Model                                                  : loaded 2 times (x 67B)
Class org.jetbrains.kotlin.gradle.internal.utils.CollectionsKt                        : loaded 2 times (x 68B)
Class org.jetbrains.kotlin.gradle.plugin.diagnostics.KotlinToolingDiagnosticsSetupActionKt$KotlinToolingDiagnosticsSetupAction$1$2$diagnostics$1: loaded 2 times (x 72B)
Class org.jetbrains.kotlin.tooling.core.ExtrasPropertyKt$extrasLazyProperty$1         : loaded 2 times (x 91B)
Class org.jetbrains.kotlin.gradle.dsl.abi.AbiFilterSetSpec                            : loaded 2 times (x 67B)
Class org.jetbrains.kotlin.gradle.dsl.PlatformSourceSetConventionsChecker$runChecks$4 : loaded 2 times (x 75B)
Class org.jetbrains.kotlin.gradle.plugin.diagnostics.checkers.JsLikeEnvironmentChecker$runChecks$1: loaded 2 times (x 85B)
Class org.jetbrains.kotlin.gradle.plugin.diagnostics.checkers.KonanHomeConflictDeclarationChecker: loaded 2 times (x 71B)
Class org.jetbrains.kotlin.gradle.plugin.diagnostics.KotlinToolingDiagnostics$WasmJsEnvironmentNotChosenExplicitly: loaded 2 times (x 70B)
Class org.jetbrains.kotlin.gradle.plugin.diagnostics.UsesKotlinToolingDiagnostics     : loaded 2 times (x 67B)
Class com.google.common.cache.LocalCache$ComputingValueReference                      : loaded 2 times (x 93B)
Class com.google.common.collect.SingletonImmutableSet                                 : loaded 2 times (x 143B)
Class com.google.common.collect.ImmutableMap$IteratorBasedImmutableMap                : loaded 2 times (x 123B)
Class kotlin.Metadata                                                                 : loaded 2 times (x 67B)
Class kotlin.UninitializedPropertyAccessException                                     : loaded 2 times (x 79B)
Class jdk.internal.jimage.ImageReader                                                 : loaded 2 times (x 72B)
Class org.jetbrains.kotlin.gradle.plugin.abi.AbiValidationTaskSet                     : loaded 2 times (x 69B)
Class org.jetbrains.kotlin.gradle.plugin.mpp.compilationImpl.DefaultKotlinCompilationSourceSetsContainer$allKotlinSourceSetsImpl$1$1: loaded 2 times (x 77B)
Class org.jetbrains.kotlin.gradle.plugin.mpp.compilationImpl.DefaultKotlinCompilationSourceSetsContainer: loaded 2 times (x 75B)
Class org.jetbrains.kotlin.konan.target.KonanTarget$TVOS_SIMULATOR_ARM64              : loaded 2 times (x 75B)
Class org.jetbrains.kotlin.konan.target.KonanTarget$Companion                         : loaded 2 times (x 68B)
Class org.jetbrains.kotlin.gradle.plugin.KotlinPluginLifecycle$Stage$Companion        : loaded 2 times (x 68B)
Class org.jetbrains.kotlin.gradle.plugin.diagnostics.checkers.DeprecatedKotlinNativeTargetsChecker: loaded 2 times (x 71B)
Class org.jetbrains.kotlin.gradle.targets.jvm.KotlinJvmCompilationWireJavaSourcesSideEffectKt$KotlinJvmCompilationWireJavaSourcesSideEffect$1: loaded 2 times (x 71B)
Class org.jetbrains.kotlin.gradle.targets.native.ConfigureFrameworkExportSideEffectKt$special$$inlined$KotlinTargetSideEffect$1: loaded 2 times (x 71B)
Class org.jetbrains.kotlin.tooling.core.AbstractExtras                                : loaded 2 times (x 138B)
Class org.jetbrains.kotlin.gradle.fus.BuildUidService$Companion$registerIfAbsent$1    : loaded 2 times (x 71B)
Class org.jetbrains.kotlin.gradle.internal.diagnostics.AgpCompatibilityCheck$AndroidGradlePluginVersionProvider: loaded 2 times (x 67B)
Class com.google.common.cache.LocalCache$Segment                                      : loaded 2 times (x 151B)
Class org.jetbrains.plugins.gradle.model.IntelliJProjectSettings                      : loaded 2 times (x 67B)
Class org.jetbrains.kotlin.idea.gradleTooling.model.annotation.AnnotationBasedPluginModel: loaded 2 times (x 67B)
Class org.gradle.tooling.internal.adapter.ProtocolToModelAdapter$MethodInvocationCache: loaded 2 times (x 70B)
Class org.jetbrains.kotlin.gradle.targets.ConfigureNonPackedKlibConsumingSideEffectKt : loaded 2 times (x 68B)
Class jdk.internal.jimage.ImageReader$SharedImageReader                               : loaded 2 times (x 92B)
Class Native_plugin_loader_gradle$NativePluginLoader$Companion                        : loaded 2 times (x 68B)
Class org.jetbrains.kotlin.gradle.internal.StdlibDependencyManagementKt$addStdlibDependency$1$1: loaded 2 times (x 76B)
Class org.jetbrains.kotlin.gradle.tasks.configuration.BaseKotlinCompileConfig$2$1     : loaded 2 times (x 72B)
Class org.jetbrains.kotlin.gradle.plugin.diagnostics.TransformActionUsingKotlinToolingDiagnostics: loaded 2 times (x 67B)
Class com.google.common.collect.SortedIterable                                        : loaded 2 times (x 67B)
Class org.jetbrains.kotlin.gradle.dsl.abi.AbiValidationVariantSpec$Companion          : loaded 2 times (x 68B)
Class org.jetbrains.kotlin.gradle.dsl.abi.AbiValidationVariantSpec                    : loaded 2 times (x 67B)
Class org.jetbrains.kotlin.gradle.dsl.PlatformSourceSetConventionsChecker$runChecks$6 : loaded 2 times (x 85B)
Class org.jetbrains.kotlin.gradle.plugin.sources.DefaultKotlinSourceSet_Decorated     : loaded 2 times (x 189B)
Class org.jetbrains.kotlin.gradle.plugin.mpp.KotlinCompilationsKt                     : loaded 2 times (x 68B)
Class org.jetbrains.kotlin.gradle.targets.native.KonanPropertiesBuildService$Companion: loaded 2 times (x 68B)
Class org.jetbrains.kotlin.gradle.utils.GradleUtilsKt$registerClassLoaderScopedBuildService$1: loaded 2 times (x 71B)
Class org.jetbrains.kotlin.gradle.internal.diagnostics.AgpCompatibilityCheck$AndroidGradlePluginVersionProvider$Default: loaded 2 times (x 71B)
Class com.google.common.collect.AbstractListMultimap                                  : loaded 2 times (x 169B)
Class [Lorg.objectweb.asm.SymbolTable$Entry;                                          : loaded 2 times (x 66B)
Class com.google.common.cache.CacheLoader                                             : loaded 2 times (x 71B)
Class com.google.common.collect.Iterators$4                                           : loaded 2 times (x 79B)
Class com.google.common.collect.ImmutableBiMap                                        : loaded 2 times (x 140B)
Class org.jetbrains.plugins.gradle.model.ExternalDependency                           : loaded 2 times (x 67B)
Class com.intellij.util.containers.IntObjectHashMap                                   : loaded 2 times (x 69B)
Class org.gradle.internal.installation.GradleInstallation$1                           : loaded 2 times (x 72B)
Class org.gradle.api.internal.classpath.ModuleRegistry                                : loaded 2 times (x 67B)
Class org.jetbrains.kotlin.gradle.plugin.diagnostics.checkers.MissingNativeStdlibChecker: loaded 2 times (x 71B)
Class jdk.internal.jimage.decompressor.ResourceDecompressorFactory                    : loaded 2 times (x 71B)
Class org.jetbrains.kotlin.gradle.plugin.KotlinPluginLifecycle$ProjectConfigurationResult: loaded 2 times (x 68B)
Class org.jetbrains.kotlin.gradle.internal.KotlinDependenciesManagementKt$configureDefaultVersionsResolutionStrategy$1: loaded 2 times (x 72B)
Class org.jetbrains.kotlin.gradle.internal.StdlibDependencyManagementKt$configureStdlibDefaultDependency$1: loaded 2 times (x 76B)
Class org.jetbrains.kotlin.gradle.utils.ConfigurationCacheOpaqueValue                 : loaded 2 times (x 69B)
Class org.jetbrains.kotlin.gradle.model.builder.KotlinModelBuilder$Companion          : loaded 2 times (x 68B)
Class org.jetbrains.kotlin.gradle.plugin.mpp.compilationImpl.KotlinCreateResourcesTaskSideEffectKt: loaded 2 times (x 68B)
Class org.jetbrains.kotlin.gradle.targets.native.internal.SetupKotlinNativePlatformDependenciesAndStdlibKt: loaded 2 times (x 68B)
Class org.jetbrains.kotlin.gradle.plugin.mpp.KotlinUsages                             : loaded 2 times (x 68B)
Class org.jetbrains.kotlin.gradle.internal.properties.NativePropertiesLoader$Companion: loaded 2 times (x 68B)
Class [Lorg.jetbrains.kotlin.build.report.metrics.GradleBuildPerformanceMetric;       : loaded 2 times (x 66B)
Class org.jetbrains.kotlin.gradle.plugin.statistics.BuildFusService$Companion         : loaded 2 times (x 68B)
Class com.google.common.util.concurrent.internal.InternalFutureFailureAccess          : loaded 2 times (x 69B)
Class com.google.common.collect.Iterators$5                                           : loaded 2 times (x 79B)
Class com.google.common.collect.ImmutableSet$JdkBackedSetBuilderImpl                  : loaded 2 times (x 73B)
Class com.intellij.gradle.toolingExtension.impl.model.sourceSetDependencyModel.GradleSourceSetDependencySerialisationService$SourceSetDependencyModelReadContext: loaded 2 times (x 69B)
Class com.intellij.gradle.toolingExtension.impl.model.dependencyModel.DependencyReadContext: loaded 2 times (x 69B)
Class org.jetbrains.plugins.gradle.model.VersionCatalogsModel                         : loaded 2 times (x 67B)
Class com.intellij.gradle.toolingExtension.impl.model.taskIndex.GradleTaskRequest     : loaded 2 times (x 67B)
Class org.gradle.tooling.internal.adapter.ObjectGraphAdapter                          : loaded 2 times (x 67B)
Class org.jetbrains.kotlin.gradle.targets.js.npm.NpmDependencyExtensionKt$defaultNpmDependencyDelegate$1: loaded 2 times (x 164B)
Class com.google.common.collect.HashBiMap$Inverse                                     : loaded 2 times (x 139B)
Class org.jetbrains.kotlin.gradle.plugin.HasCompilerOptions                           : loaded 2 times (x 67B)
Class org.jetbrains.kotlin.gradle.plugin.mpp.compilationImpl.DefaultKotlinCompilationFriendPathsResolver$FriendArtifactResolver: loaded 2 times (x 67B)
Class org.jetbrains.kotlin.gradle.dsl.abi.AbiFilterSetSpec_Decorated                  : loaded 2 times (x 134B)
Class org.jetbrains.kotlin.konan.target.KonanTarget$WATCHOS_SIMULATOR_ARM64           : loaded 2 times (x 75B)
Class org.jetbrains.kotlin.gradle.targets.js.ir.KotlinJsIrTarget                      : loaded 2 times (x 251B)
Class org.jetbrains.kotlin.gradle.plugin.mpp.DefaultKotlinUsageContext                : loaded 2 times (x 105B)
Class org.jetbrains.kotlin.gradle.plugin.KotlinPluginLifecycleImpl$start$3            : loaded 2 times (x 76B)
Class org.jetbrains.kotlin.gradle.dsl.KotlinJvmExtension                              : loaded 2 times (x 67B)
Class org.jetbrains.kotlin.gradle.plugin.abi.AbiValidationActionKt$AbiValidationSetupAction$1: loaded 2 times (x 92B)
Class org.jetbrains.kotlin.gradle.plugin.KotlinMultiplatformPluginWrapper             : loaded 2 times (x 83B)
Class org.jetbrains.kotlin.gradle.internal.properties.PropertiesBuildService$Companion: loaded 2 times (x 68B)
Class com.google.common.base.CharMatcher$ForPredicate                                 : loaded 2 times (x 109B)
Class com.google.common.cache.LocalCache$LocalManualCache$1                           : loaded 2 times (x 72B)
Class org.jetbrains.plugins.gradle.model.ProjectImportModelProvider                   : loaded 2 times (x 67B)
Class org.jetbrains.plugins.gradle.model.ExternalSourceSet                            : loaded 2 times (x 67B)
Class kotlin.coroutines.intrinsics.IntrinsicsKt__IntrinsicsKt                         : loaded 2 times (x 68B)
Class jdk.internal.jimage.ImageReader$Node                                            : loaded 2 times (x 81B)
Class org.jetbrains.kotlin.gradle.plugin.mpp.compilationImpl.KotlinCompilationConfigurationsContainer: loaded 2 times (x 67B)
Class org.jetbrains.kotlin.gradle.internal.StdlibDependencyManagementKt$addStdlibDependency$1: loaded 2 times (x 72B)
Class [Lorg.jetbrains.kotlin.gradle.plugin.KotlinPluginLifecycle$CoroutineStart;      : loaded 2 times (x 66B)
Class org.jetbrains.kotlin.gradle.dsl.IosSourceSetConventionChecker                   : loaded 2 times (x 71B)
Class org.jetbrains.kotlin.gradle.plugin.diagnostics.KotlinGradleProjectChecker       : loaded 2 times (x 67B)
Class org.jetbrains.kotlin.gradle.plugin.sources.KotlinSourceSetFactory$Companion     : loaded 2 times (x 68B)
Class org.jetbrains.kotlin.gradle.dsl.KotlinMultiplatformSourceSetConventions         : loaded 2 times (x 67B)
Class com.google.common.base.CharMatcher$AnyOf                                        : loaded 2 times (x 109B)
Class com.google.common.collect.ImmutableCollection                                   : loaded 2 times (x 122B)
Class com.intellij.gradle.toolingExtension.impl.model.sourceSetArtifactIndex.GradleSourceSetArtifactBuildRequest: loaded 2 times (x 67B)
Class kotlin.collections.CollectionsKt__CollectionsJVMKt                              : loaded 2 times (x 68B)
Class org.gradle.api.internal.classpath.DefaultModuleRegistry                         : loaded 2 times (x 83B)
Class jdk.internal.jimage.BasicImageReader$1                                          : loaded 2 times (x 74B)
Class org.jetbrains.kotlin.gradle.plugin.mpp.compilationImpl.factory.CompositePostConfigure: loaded 2 times (x 72B)
Class org.jetbrains.kotlin.gradle.plugin.diagnostics.KotlinToolingDiagnosticsSetupActionKt$KotlinToolingDiagnosticsSetupAction$1$reporterProvider$1: loaded 2 times (x 71B)
Class org.jetbrains.kotlin.gradle.targets.native.internal.CInteropConfigurationsKt    : loaded 2 times (x 68B)
Class org.jetbrains.kotlin.build.report.metrics.GradleBuildTime$Companion             : loaded 2 times (x 68B)
Class org.jetbrains.kotlin.gradle.plugin.AndroidGradlePluginVersion$Companion         : loaded 2 times (x 68B)
Class com.google.common.collect.Lists                                                 : loaded 2 times (x 68B)
Class com.google.common.util.concurrent.ListenableFuture                              : loaded 2 times (x 67B)
Class com.google.common.cache.ReferenceEntry                                          : loaded 2 times (x 67B)
Class com.google.common.base.Converter                                                : loaded 2 times (x 87B)
Class com.google.common.collect.ImmutableSet$CachingAsList                            : loaded 2 times (x 145B)
Class org.jetbrains.plugins.gradle.tooling.serialization.internal.IdeaProjectSerializationService$WriteContext$1: loaded 2 times (x 80B)
Class org.jetbrains.plugins.gradle.model.ExternalProject                              : loaded 2 times (x 67B)
Class kotlin.collections.CollectionsKt__IteratorsKt                                   : loaded 2 times (x 68B)
Class kotlin.sequences.SequencesKt                                                    : loaded 2 times (x 68B)
Class org.jetbrains.kotlin.gradle.plugin.diagnostics.KotlinToolingDiagnosticsSetupActionKt$KotlinToolingDiagnosticsSetupAction$1$reporterProvider$2: loaded 2 times (x 72B)
Class org.jetbrains.kotlin.gradle.model.builder.KotlinModelBuilder                    : loaded 2 times (x 73B)
Class [Lorg.jetbrains.kotlin.tooling.core.HasMutableExtras;                           : loaded 2 times (x 66B)
Class org.jetbrains.kotlin.gradle.plugin.diagnostics.checkers.GradleDeprecatedPropertyChecker: loaded 2 times (x 71B)
Class org.jetbrains.kotlin.gradle.artifacts.KotlinJsKlibArtifactKt$KotlinJsKlibArtifact$1: loaded 2 times (x 71B)
Class org.jetbrains.kotlin.gradle.targets.CreateTargetConfigurationsSideEffectKt      : loaded 2 times (x 68B)
Class org.jetbrains.kotlin.gradle.plugin.mpp.ApplyUserDefinedAttributesKt$UserDefinedAttributesSetupAction$1: loaded 2 times (x 92B)
Class org.jetbrains.kotlin.gradle.plugin.mpp.KotlinAndroidTarget                      : loaded 2 times (x 156B)
Class org.jetbrains.kotlin.gradle.plugin.internal.DefaultCompatibilityConventionRegistrar: loaded 2 times (x 71B)
Class org.jetbrains.kotlin.gradle.plugin.PropertiesProvider                           : loaded 2 times (x 70B)
Class org.jetbrains.kotlin.gradle.plugin.KotlinPluginLifecycleImpl$launch$coroutine$1 : loaded 2 times (x 73B)
Class com.google.common.collect.AbstractMapBasedMultimap                              : loaded 2 times (x 136B)
Class com.google.common.util.concurrent.AbstractFuture                                : loaded 2 times (x 103B)
Class com.google.common.base.FunctionalEquivalence                                    : loaded 2 times (x 80B)
Class com.google.common.collect.Iterators$9                                           : loaded 2 times (x 78B)
Class com.google.common.collect.ImmutableAsList                                       : loaded 2 times (x 206B)
Class org.jetbrains.plugins.gradle.tooling.serialization.internal.IdeaProjectSerializationService$WriteContext$2: loaded 2 times (x 80B)
Class build_5h84n3wjbradfpmv6flxns9wl$_run_closure1                                   : loaded 2 times (x 136B)
Class org.jetbrains.kotlin.gradle.plugin.mpp.MppSourcesJarKt$sourcesJarTask$1         : loaded 2 times (x 92B)
Class org.jetbrains.kotlin.gradle.plugin.mpp.compilationImpl.factory.KotlinCompilationImplFactory$KotlinCompilationOutputFactory: loaded 2 times (x 67B)
Class org.jetbrains.kotlin.konan.target.TargetSupportException                        : loaded 2 times (x 79B)
Class org.jetbrains.kotlin.gradle.internal.IsInIdeaEnvironmentValueSource             : loaded 2 times (x 77B)
Class org.jetbrains.kotlin.gradle.plugin.KotlinCompilationToRunnableFiles             : loaded 2 times (x 67B)
Class org.jetbrains.kotlin.gradle.tooling.BuildKotlinToolingMetadataTaskKt            : loaded 2 times (x 68B)
Class org.jetbrains.kotlin.gradle.plugin.ProjectLocalConfigurations$setupAttributesMatchingStrategy$1$1: loaded 2 times (x 71B)
Class org.jetbrains.kotlin.gradle.plugin.mpp.apple.swiftexport.internal.SwiftExportInitKt$SwiftExportClasspathResolvableConfiguration$1: loaded 2 times (x 76B)
Class org.jetbrains.kotlin.gradle.targets.native.toolchain.KotlinNativeBundleBuildService$Companion$registerIfAbsent$2$1$1: loaded 2 times (x 72B)
Class org.jetbrains.kotlin.gradle.plugin.diagnostics.ProblemsReporter$Factory         : loaded 2 times (x 67B)
Class org.objectweb.asm.RecordComponentVisitor                                        : loaded 2 times (x 74B)
Class com.google.common.cache.CacheLoader$SupplierToCacheLoader                       : loaded 2 times (x 72B)
Class org.jetbrains.plugins.gradle.tooling.serialization.AnnotationProcessingModelSerializationService$ReadContext: loaded 2 times (x 69B)
Class org.jetbrains.plugins.gradle.tooling.serialization.internal.IdeaProjectSerializationService$WriteContext$3: loaded 2 times (x 80B)
Class kotlin.coroutines.jvm.internal.RestrictedContinuationImpl                       : loaded 2 times (x 84B)
Class org.jetbrains.kotlin.gradle.internal.KotlinDomApiDependencyManagementKt         : loaded 2 times (x 68B)
Class jdk.internal.jimage.decompressor.Decompressor                                   : loaded 2 times (x 69B)
Class jdk.internal.jimage.ImageReader$Resource                                        : loaded 2 times (x 81B)
Class org.jetbrains.kotlin.gradle.plugin.mpp.MppSourcesJarKt                          : loaded 2 times (x 68B)
Class org.jetbrains.kotlin.compilerRunner.CompilerSystemPropertiesService$Companion$registerIfAbsent$2$1$1: loaded 2 times (x 72B)
Class org.jetbrains.kotlin.gradle.plugin.KotlinCompilationInfo                        : loaded 2 times (x 85B)
Class org.jetbrains.kotlin.tooling.core.ExtrasPropertyKt                              : loaded 2 times (x 68B)
Class org.jetbrains.kotlin.gradle.tasks.BaseKotlinCompile                             : loaded 2 times (x 67B)
Class org.jetbrains.kotlin.gradle.plugin.internal.UsesBuildIdProviderService          : loaded 2 times (x 67B)
Class org.jetbrains.kotlin.gradle.plugin.mpp.compilationImpl.KotlinCompilationSourceSetInclusion$include$1: loaded 2 times (x 76B)
Class org.jetbrains.kotlin.gradle.plugin.mpp.compilationImpl.factory.KotlinCompilationImplFactory$KotlinCompilationDependencyConfigurationsFactory: loaded 2 times (x 67B)
Class org.jetbrains.kotlin.gradle.tasks.abi.KotlinLegacyAbiCheckTask                  : loaded 2 times (x 67B)
Class org.jetbrains.kotlin.gradle.internal.abi.AbiValidationExtensionImpl_Decorated   : loaded 2 times (x 138B)
Class org.jetbrains.kotlin.gradle.plugin.KotlinPluginLifecycleCoroutineContextElement$Key: loaded 2 times (x 68B)
Class org.jetbrains.kotlin.gradle.plugin.diagnostics.KotlinToolingDiagnosticsSetupActionKt$KotlinToolingDiagnosticsSetupAction$1: loaded 2 times (x 71B)
Class org.jetbrains.kotlin.gradle.dsl.KotlinProjectExtensionKt                        : loaded 2 times (x 68B)
Class org.jetbrains.kotlin.gradle.internal.ClassLoadersCachingBuildService$Companion$registerIfAbsent$1: loaded 2 times (x 72B)
Class org.jetbrains.kotlin.gradle.plugin.UsesKotlinGradleBuildServices                : loaded 2 times (x 67B)
Class org.jetbrains.kotlin.gradle.plugin.KotlinGradleBuildServices$Parameters_Decorated: loaded 2 times (x 131B)
Class org.jetbrains.kotlin.gradle.plugin.DefaultKotlinBasePlugin$addKotlinCompilerConfiguration$3: loaded 2 times (x 72B)
Class org.jetbrains.kotlin.gradle.internal.IdeaKt                                     : loaded 2 times (x 68B)
Class org.jetbrains.kotlin.idea.gradleTooling.AndroidAwareGradleModelProvider         : loaded 2 times (x 80B)
Class org.jetbrains.plugins.gradle.tooling.serialization.internal.IdeaProjectSerializationService$WriteContext$4: loaded 2 times (x 80B)
Class com.intellij.gradle.toolingExtension.impl.model.sourceSetDependencyModel.GradleSourceSetDependencySerialisationService$Companion: loaded 2 times (x 68B)
Class kotlin.jvm.internal.markers.KMutableList                                        : loaded 2 times (x 67B)
Class org.gradle.internal.time.MonotonicClock                                         : loaded 2 times (x 74B)
Class org.gradle.internal.service.ServiceLookupException                              : loaded 2 times (x 79B)
Class jdk.internal.jrtfs.JrtFileAttributes                                            : loaded 2 times (x 80B)
Class org.jetbrains.kotlin.gradle.plugin.hierarchy.KotlinSourceSetTreeClassifierKt$sourceSetTreeClassifier$2: loaded 2 times (x 75B)
Class com.google.common.collect.ImmutableSortedSet                                    : loaded 2 times (x 297B)
Class org.jetbrains.kotlin.konan.target.HostManager                                   : loaded 2 times (x 69B)
Class org.jetbrains.kotlin.gradle.targets.js.npm.NpmDirectoryDependencyExtension      : loaded 2 times (x 67B)
Class org.jetbrains.kotlin.gradle.plugin.mpp.KotlinUsageContext$MavenScope            : loaded 2 times (x 76B)
Class org.jetbrains.kotlin.gradle.targets.native.KotilnNativeConfigureBinariesSideEffectKt$special$$inlined$KotlinTargetSideEffect$1: loaded 2 times (x 71B)
Class org.jetbrains.kotlin.gradle.plugin.KotlinProjectSetupAction$Companion           : loaded 2 times (x 68B)
Class [Lcom.google.common.cache.LocalCache$EntryFactory;                              : loaded 2 times (x 66B)
Class org.jetbrains.plugins.gradle.tooling.serialization.internal.IdeaProjectSerializationService$WriteContext$5: loaded 2 times (x 80B)
Class com.intellij.gradle.toolingExtension.impl.model.sourceSetDependencyModel.GradleSourceSetDependencySerialisationService$SourceSetDependencyModelWriteContext: loaded 2 times (x 69B)
Class org.gradle.internal.classloader.ClassLoaderFactory                              : loaded 2 times (x 67B)
Class org.jetbrains.kotlin.gradle.plugin.diagnostics.ProblemsReporterKt               : loaded 2 times (x 68B)
Class org.jetbrains.kotlin.gradle.plugin.SubpluginEnvironment                         : loaded 2 times (x 69B)
Class org.jetbrains.kotlin.gradle.internal.StdlibDependencyManagementKt$addStdlibDependency$1$1$1: loaded 2 times (x 72B)
Class com.google.common.base.CommonPattern                                            : loaded 2 times (x 71B)
Class org.jetbrains.kotlin.gradle.plugin.diagnostics.IsAttachedToTerminalValueSource$Inject: loaded 2 times (x 97B)
Class org.jetbrains.kotlin.gradle.plugin.sources.AbstractKotlinSourceSet              : loaded 2 times (x 138B)
Class org.jetbrains.kotlin.gradle.tooling.BuildKotlinToolingMetadataTaskKt$RegisterBuildKotlinToolingMetadataTask$1: loaded 2 times (x 71B)
Class org.jetbrains.kotlin.compilerRunner.GradleCliCommonizerKt$maybeCreateCommonizerClasspathConfiguration$1$1: loaded 2 times (x 72B)
Class org.jetbrains.kotlin.gradle.internal.properties.NativePropertiesLoader$nativeCacheKind$1: loaded 2 times (x 72B)
Class [Lorg.jetbrains.kotlin.build.report.metrics.ValueType;                          : loaded 2 times (x 66B)
Class org.jetbrains.kotlin.gradle.internal.diagnostics.AgpCompatibilityCheck          : loaded 2 times (x 68B)
Class com.google.common.base.CharMatcher$IsNot                                        : loaded 2 times (x 108B)
Class com.google.common.cache.LocalCache$LocalManualCache                             : loaded 2 times (x 96B)
Class org.jetbrains.plugins.gradle.tooling.serialization.internal.IdeaProjectSerializationService$WriteContext$6: loaded 2 times (x 80B)
Class org.jetbrains.plugins.gradle.tooling.util.IntObjectMap                          : loaded 2 times (x 70B)
Class org.gradle.internal.service.CachingServiceLocator                               : loaded 2 times (x 79B)
Class org.jetbrains.kotlin.gradle.plugin.KotlinTargetConfiguratorKt$WhenMappings      : loaded 2 times (x 68B)
Class com.google.common.collect.AbstractMapBasedMultimap$KeySet                       : loaded 2 times (x 134B)
Class com.google.common.collect.RegularImmutableSortedSet                             : loaded 2 times (x 297B)
Class org.jetbrains.kotlin.gradle.internal.KotlinTestDependencyManagementKt$configureKotlinTestDependency$1: loaded 2 times (x 76B)
Class org.jetbrains.kotlin.gradle.plugin.diagnostics.checkers.OverriddenKotlinNativeHomeChecker$StdlibExistenceCheckerValueSource$Params_Decorated: loaded 2 times (x 131B)
Class org.jetbrains.kotlin.project.model.LanguageSettings                             : loaded 2 times (x 67B)
Class org.jetbrains.kotlin.gradle.plugin.KotlinPluginLifecycleKt$kotlinPluginLifecycle$2: loaded 2 times (x 75B)
Class org.jetbrains.kotlin.gradle.targets.native.KonanPropertiesBuildService$Parameters: loaded 2 times (x 67B)
Class org.jetbrains.kotlin.gradle.plugin.PropertiesProvider$booleanPropertyWithValueReporting$1: loaded 2 times (x 75B)
Class org.jetbrains.kotlin.gradle.plugin.internal.CompatibilityConventionRegistrar$Factory: loaded 2 times (x 67B)
Class com.google.common.math.IntMath                                                  : loaded 2 times (x 68B)
Class org.jetbrains.plugins.gradle.tooling.serialization.internal.IdeaProjectSerializationService$WriteContext$7: loaded 2 times (x 80B)
Class org.jetbrains.plugins.gradle.model.RepositoryModels                             : loaded 2 times (x 67B)
Class [Lcom.google.common.collect.HashBiMap$BiEntry;                                  : loaded 2 times (x 66B)
Class org.jetbrains.kotlin.gradle.tasks.configuration.BaseKotlinCompileConfig$1$jvmToolchain$1: loaded 2 times (x 71B)
Class org.jetbrains.kotlin.gradle.plugin.mpp.InternalKotlinCompilation$DefaultImpls   : loaded 2 times (x 68B)
Class org.jetbrains.kotlin.gradle.plugin.mpp.compilationImpl.KotlinCompilationSourceSetInclusion$DefaultAddSourcesToCompileTask: loaded 2 times (x 71B)
Class org.jetbrains.kotlin.gradle.internal.KotlinTestDependencyManagementKt$configureKotlinTestDependency$2: loaded 2 times (x 72B)
Class org.jetbrains.kotlin.gradle.dsl.PlatformSourceSetConventionsChecker$runChecks$$inlined$CheckedPlatformInfo$default$1: loaded 2 times (x 75B)
Class [Lorg.jetbrains.kotlin.gradle.plugin.KotlinPluginLifecycle$Stage;               : loaded 2 times (x 66B)
Class org.jetbrains.kotlin.gradle.artifacts.KotlinTargetArtifact$Companion            : loaded 2 times (x 68B)
Class org.jetbrains.kotlin.gradle.plugin.mpp.compilationImpl.KotlinCreateLifecycleTasksSideEffectKt$KotlinCreateLifecycleTasksSideEffect$1: loaded 2 times (x 71B)
Class org.jetbrains.kotlin.gradle.dsl.KotlinGradlePluginDsl                           : loaded 2 times (x 67B)
Class org.jetbrains.kotlin.tooling.core.MutableExtras                                 : loaded 2 times (x 67B)
Class org.jetbrains.kotlin.build.report.metrics.BuildTime                             : loaded 2 times (x 67B)
Class org.jetbrains.kotlin.gradle.plugin.KotlinGradleBuildServices$detectKotlinPluginLoadedInMultipleProjects$onRegister$1: loaded 2 times (x 76B)
Class org.objectweb.asm.commons.InstructionAdapter                                    : loaded 2 times (x 185B)
Class com.google.common.collect.ImmutableMapEntry                                     : loaded 2 times (x 82B)
Class org.jetbrains.plugins.gradle.tooling.serialization.internal.IdeaProjectSerializationService$WriteContext$8: loaded 2 times (x 80B)
Class org.gradle.internal.time.TimeSource                                             : loaded 2 times (x 67B)
Class org.gradle.tooling.model.kotlin.dsl.KotlinDslScriptsModel                       : loaded 2 times (x 67B)
Class org.jetbrains.kotlin.gradle.tasks.CompileUsingKotlinDaemon                      : loaded 2 times (x 67B)
Class org.jetbrains.kotlin.gradle.plugin.mpp.KotlinWithJavaTarget                     : loaded 2 times (x 157B)
Class org.jetbrains.kotlin.gradle.utils.StoredPropertyKt$extrasStoredProperty$1       : loaded 2 times (x 75B)
Class org.jetbrains.kotlin.gradle.internal.abi.AbiFiltersSpecImplKt                   : loaded 2 times (x 68B)
Class org.jetbrains.kotlin.gradle.plugin.mpp.compilationImpl.KotlinCreateNativeCompileTasksSideEffectKt$special$$inlined$KotlinCompilationSideEffect$1: loaded 2 times (x 71B)
Class org.jetbrains.kotlin.gradle.targets.KotlinTargetSideEffect$Companion            : loaded 2 times (x 68B)
Class org.jetbrains.kotlin.gradle.dsl.KotlinSingleJavaTargetExtension                 : loaded 2 times (x 121B)
Class org.jetbrains.kotlin.gradle.plugin.KotlinPluginLifecycle$IllegalLifecycleException: loaded 2 times (x 79B)
Class org.jetbrains.kotlin.gradle.internal.properties.NativePropertiesLoader$userProvidedNativeHome$1: loaded 2 times (x 72B)
Class [Lorg.jetbrains.kotlin.build.report.metrics.BuildPerformanceMetric;             : loaded 2 times (x 66B)
Class org.jetbrains.kotlin.gradle.plugin.KotlinGradleFinishBuildHandler               : loaded 2 times (x 69B)
Class org.jetbrains.kotlin.gradle.dsl.KotlinTopLevelExtension                         : loaded 2 times (x 67B)
Class com.google.common.base.Equivalence                                              : loaded 2 times (x 79B)
Class com.google.common.base.Function                                                 : loaded 2 times (x 67B)
Class com.google.common.collect.ImmutableMapEntry$NonTerminalImmutableMapEntry        : loaded 2 times (x 82B)
Class org.jetbrains.plugins.gradle.tooling.serialization.SerializationService         : loaded 2 times (x 67B)
Class org.gradle.tooling.internal.gradle.GradleBuildIdentity                          : loaded 2 times (x 67B)
Class kotlin.enums.EnumEntries                                                        : loaded 2 times (x 67B)
Class org.jetbrains.kotlin.gradle.plugin.ProjectLocalConfigurationsKt                 : loaded 2 times (x 68B)
Class org.jetbrains.kotlin.gradle.plugin.mpp.compilationImpl.factory.KotlinCompilationImplFactory: loaded 2 times (x 69B)
Class org.jetbrains.kotlin.gradle.internal.abi.ConfigsKt$configureLegacyTasks$dumpTaskProvider$1: loaded 2 times (x 72B)
Class org.jetbrains.kotlin.gradle.internal.KotlinDomApiDependencyManagementKt$addKotlinDomApiDependency$1: loaded 2 times (x 72B)
Class org.jetbrains.kotlin.gradle.plugin.diagnostics.checkers.KotlinTargetAlreadyDeclaredChecker$runChecks$1: loaded 2 times (x 85B)
Class org.jetbrains.kotlin.gradle.plugin.mpp.KotlinTargetWithBinaries                 : loaded 2 times (x 154B)
Class [Lorg.jetbrains.kotlin.gradle.plugin.KotlinSourceSet;                           : loaded 2 times (x 66B)
Class org.jetbrains.kotlin.gradle.plugin.diagnostics.checkers.JsEnvironmentChecker$1  : loaded 2 times (x 75B)
Class org.jetbrains.kotlin.gradle.plugin.diagnostics.KotlinToolingDiagnostics$JsLikeEnvironmentNotChosenExplicitly: loaded 2 times (x 70B)
Class org.jetbrains.kotlin.gradle.utils.StoredLazyProperty$getValue$1                 : loaded 2 times (x 76B)
Class org.jetbrains.kotlin.gradle.plugin.PropertiesProvider$localProperties$2         : loaded 2 times (x 76B)
Class com.google.common.collect.IndexedImmutableSet$1                                 : loaded 2 times (x 210B)
Class com.google.common.cache.CacheBuilder$OneWeigher                                 : loaded 2 times (x 79B)
Class com.google.common.collect.RegularImmutableList                                  : loaded 2 times (x 210B)
Class org.jetbrains.plugins.gradle.tooling.serialization.internal.adapter.Supplier    : loaded 2 times (x 67B)
Class org.gradle.tooling.internal.adapter.ProtocolToModelAdapter$MixInMappingAction   : loaded 2 times (x 77B)
Class org.gradle.internal.exceptions.ResolutionProvider                               : loaded 2 times (x 67B)
Class org.jetbrains.kotlin.gradle.plugin.internal.ConfigurationCacheStartParameterAccessorKt: loaded 2 times (x 68B)
Class org.jetbrains.kotlin.gradle.plugin.abi.AbiValidationTaskSet$addSingleJvmTarget$1: loaded 2 times (x 72B)
Class jdk.internal.jimage.ImageBufferCache                                            : loaded 2 times (x 68B)
Class jdk.internal.jrtfs.JrtPath                                                      : loaded 2 times (x 115B)
Class org.jetbrains.kotlin.gradle.tasks.configuration.KaptGenerateStubsConfig         : loaded 2 times (x 69B)
Class org.jetbrains.kotlin.gradle.targets.js.npm.SemVer                               : loaded 2 times (x 72B)
Class org.jetbrains.kotlin.gradle.internal.properties.NativePropertiesLoader$konanDataDirProperty$1$1: loaded 2 times (x 71B)
Class org.jetbrains.kotlin.gradle.plugin.diagnostics.checkers.JsEnvironmentChecker$2  : loaded 2 times (x 75B)
Class org.jetbrains.kotlin.gradle.utils.WhenPluginEnabledKt$whenPluginsEnabled$1      : loaded 2 times (x 72B)
Class [Lorg.jetbrains.kotlin.gradle.report.BuildReportType;                           : loaded 2 times (x 66B)
Class org.jetbrains.kotlin.gradle.internal.properties.PropertiesBuildService$localProperties$2: loaded 2 times (x 76B)
Class org.jetbrains.kotlin.gradle.tasks.AbstractKotlinCompileTool                     : loaded 2 times (x 363B)
Class org.jetbrains.plugins.gradle.model.MavenRepositoryModel                         : loaded 2 times (x 67B)
Class org.gradle.tooling.model.ProjectIdentifier                                      : loaded 2 times (x 67B)
Class org.gradle.internal.classloader.ClasspathUtil                                   : loaded 2 times (x 68B)
Class build_12clkcl0x00ljtrg21teupstz$_run_closure1                                   : loaded 2 times (x 136B)
Class org.jetbrains.kotlin.gradle.plugin.abi.JvmOrAndroidKt                           : loaded 2 times (x 68B)
Class org.jetbrains.kotlin.gradle.plugin.internal.DefaultConfigurationCacheStartParameterAccessor_Decorated: loaded 2 times (x 122B)
Class org.jetbrains.kotlin.gradle.plugin.internal.DefaultConfigurationCacheStartParameterAccessor: loaded 2 times (x 74B)
Class org.jetbrains.kotlin.gradle.dsl.KotlinCompile                                   : loaded 2 times (x 67B)
Class org.jetbrains.kotlin.gradle.plugin.mpp.compilationImpl.DefaultKotlinCompilationFriendPathsResolver$DefaultFriendArtifactResolver: loaded 2 times (x 71B)
Class org.jetbrains.kotlin.gradle.internal.abi.AbiFiltersSpecImpl_Decorated           : loaded 2 times (x 133B)
Class org.jetbrains.kotlin.gradle.plugin.diagnostics.checkers.InternalGradlePropertiesUsageChecker$runChecks$1: loaded 2 times (x 85B)
Class org.jetbrains.kotlin.gradle.utils.StringUtilsKt$lowerCamelCaseName$1            : loaded 2 times (x 122B)
Class org.jetbrains.kotlin.gradle.plugin.diagnostics.checkers.JsEnvironmentChecker$3  : loaded 2 times (x 75B)
Class org.jetbrains.kotlin.gradle.dsl.JvmTarget$Companion                             : loaded 2 times (x 68B)
Class org.jetbrains.kotlin.gradle.internal.properties.NativePropertiesLoader$downloadFromMaven$1: loaded 2 times (x 72B)
Class org.jetbrains.kotlin.gradle.tasks.CInteropProcess                               : loaded 2 times (x 344B)
Class com.google.common.util.concurrent.Uninterruptibles                              : loaded 2 times (x 68B)
Class com.intellij.gradle.toolingExtension.impl.model.sourceSetModel.GradleSourceSetSerialisationService: loaded 2 times (x 74B)
Class build_avc3aq2ii5a85atahz2v1ieed$_run_closure1                                   : loaded 2 times (x 136B)
Class org.jetbrains.kotlin.gradle.plugin.mpp.MppSourcesJarKt$includeSources$3         : loaded 2 times (x 72B)
Class org.jetbrains.kotlin.gradle.plugin.sources.DefaultLanguageSettingsBuilder$freeCompilerArgsProvider$1: loaded 2 times (x 92B)
Class org.jetbrains.kotlin.gradle.tasks.abi.KotlinLegacyAbiUpdateTask$Companion       : loaded 2 times (x 68B)
Class org.jetbrains.kotlin.konan.target.HostManager$Companion                         : loaded 2 times (x 68B)
Class org.jetbrains.kotlin.gradle.targets.js.npm.DevNpmDependencyExtension            : loaded 2 times (x 67B)
Class org.jetbrains.kotlin.gradle.plugin.diagnostics.checkers.PreHmppDependenciesUsageChecker: loaded 2 times (x 71B)
Class org.jetbrains.kotlin.gradle.targets.CreateArtifactsSideEffectKt                 : loaded 2 times (x 68B)
Class org.jetbrains.kotlin.gradle.plugin.AbstractKotlinMultiplatformPluginWrapper     : loaded 2 times (x 83B)
Class org.jetbrains.kotlin.gradle.plugin.internal.DefaultProjectIsolationStartParameterAccessor: loaded 2 times (x 74B)
Class org.jetbrains.kotlin.gradle.utils.GradleConfigurationUtilsKt$addGradlePluginMetadataAttributes$1: loaded 2 times (x 72B)
Class org.jetbrains.kotlin.gradle.dsl.KotlinAndroidExtension                          : loaded 2 times (x 67B)
Class com.google.common.util.concurrent.LazyLogger                                    : loaded 2 times (x 69B)
Class com.google.common.collect.Maps                                                  : loaded 2 times (x 68B)
Class org.gradle.internal.time.TimeSource$1                                           : loaded 2 times (x 74B)
Class kotlin.jvm.internal.DefaultConstructorMarker                                    : loaded 2 times (x 68B)
Class org.gradle.api.specs.Spec                                                       : loaded 2 times (x 67B)
Class jdk.internal.jimage.ImageReader$SharedImageReader$LocationVisitor               : loaded 2 times (x 67B)
Class org.jetbrains.kotlin.gradle.plugin.SubpluginEnvironment$Companion               : loaded 2 times (x 68B)
Class org.jetbrains.kotlin.gradle.plugin.mpp.ApplyUserDefinedAttributesKt$UserDefinedAttributesSetupAction$1$1$3: loaded 2 times (x 72B)
Class org.jetbrains.kotlin.gradle.tasks.configuration.BaseKotlinCompileConfig$Companion: loaded 2 times (x 68B)
Class org.jetbrains.kotlin.gradle.plugin.mpp.compilationImpl.KotlinCompilationImpl$Params: loaded 2 times (x 69B)
Class org.jetbrains.kotlin.gradle.plugin.abi.UtilsKt$prepareAbiClasspath$1$1          : loaded 2 times (x 72B)
Class org.jetbrains.kotlin.konan.target.UtilsKt                                       : loaded 2 times (x 68B)
Class org.jetbrains.kotlin.gradle.tooling.BuildKotlinToolingMetadataTask              : loaded 2 times (x 314B)
Class org.jetbrains.kotlin.gradle.plugin.internal.CompatibilityConventionRegistrarKt  : loaded 2 times (x 68B)
Class org.jetbrains.kotlin.gradle.artifacts.KotlinJvmJarArtifactKt                    : loaded 2 times (x 68B)
Class org.jetbrains.kotlin.gradle.plugin.mpp.compilationImpl.CreateCInteropTasksSideEffectKt$special$$inlined$KotlinCompilationSideEffect$1: loaded 2 times (x 71B)
Class org.jetbrains.kotlin.gradle.plugin.statistics.FinalizeConfigurationFusMetricActionKt: loaded 2 times (x 68B)
Class org.jetbrains.kotlin.gradle.tasks.publishing.UploadPgpKeyTask                   : loaded 2 times (x 314B)
Class org.jetbrains.kotlin.gradle.targets.native.toolchain.KotlinNativeBundleBuildService$Companion$registerIfAbsent$2$1: loaded 2 times (x 76B)
Class org.jetbrains.kotlin.build.report.metrics.GradleBuildPerformanceMetric$Companion: loaded 2 times (x 68B)
Class org.jetbrains.kotlin.gradle.plugin.internal.MavenPublicationComponentAccessor$Factory: loaded 2 times (x 67B)
Class [Lcom.google.common.collect.ImmutableEntry;                                     : loaded 2 times (x 66B)
Class org.jetbrains.kotlin.tooling.core.ExtrasLazyProperty                            : loaded 2 times (x 67B)
Class org.jetbrains.kotlin.gradle.internal.properties.NativeProperties$Companion      : loaded 2 times (x 68B)
Class org.jetbrains.kotlin.gradle.utils.StringUtilsKt                                 : loaded 2 times (x 68B)
Class org.jetbrains.kotlin.gradle.plugin.diagnostics.DiagnosticGroup$Kgp$Misconfiguration: loaded 2 times (x 79B)
Class org.jetbrains.kotlin.gradle.targets.ConfigureBuildSideEffectKt$ConfigureBuildSideEffect$1: loaded 2 times (x 71B)
Class org.jetbrains.kotlin.gradle.utils.CompletableFuture                             : loaded 2 times (x 67B)
Class org.jetbrains.kotlin.build.report.metrics.BuildPerformanceMetric                : loaded 2 times (x 67B)
Class org.jetbrains.kotlin.gradle.plugin.internal.JavaExecTaskParametersCompatibility : loaded 2 times (x 67B)
Class com.google.common.cache.LocalCache$LoadingValueReference                        : loaded 2 times (x 93B)
Class com.intellij.gradle.toolingExtension.impl.model.buildScriptClasspathModel.GradleBuildScriptClasspathSerializationService: loaded 2 times (x 74B)
Class org.jetbrains.kotlin.gradle.plugin.mpp.KotlinVariantWithCoordinates             : loaded 2 times (x 105B)
Class jdk.internal.jimage.decompressor.ResourceDecompressorRepository                 : loaded 2 times (x 68B)
Class org.jetbrains.kotlin.gradle.tasks.configuration.AbstractKotlinCompileConfigKt$explicitApiMode$1: loaded 2 times (x 72B)
Class com.google.common.base.Platform                                                 : loaded 2 times (x 68B)
Class org.jetbrains.kotlin.gradle.plugin.abi.UtilsKt                                  : loaded 2 times (x 68B)
Class org.jetbrains.kotlin.gradle.plugin.diagnostics.checkers.OverriddenKotlinNativeHomeChecker$StdlibExistenceCheckerValueSource$Params$Inject: loaded 2 times (x 103B)
Class org.jetbrains.kotlin.gradle.plugin.diagnostics.checkers.CommonMainOrTestWithDependsOnChecker: loaded 2 times (x 71B)
Class org.jetbrains.kotlin.gradle.artifacts.KotlinNativeHostSpecificMetadataArtifactKt: loaded 2 times (x 68B)
Class org.jetbrains.kotlin.gradle.plugin.mpp.compilationImpl.KotlinCreateLifecycleTasksSideEffectKt: loaded 2 times (x 68B)
Class org.jetbrains.kotlin.gradle.plugin.KotlinTarget                                 : loaded 2 times (x 67B)
Class org.jetbrains.kotlin.gradle.utils.ConfigurationsKt$createResolvable$1           : loaded 2 times (x 75B)
Class org.jetbrains.plugins.gradle.model.FileCollectionDependency                     : loaded 2 times (x 67B)
Class org.gradle.internal.impldep.gnu.trove.TObjectHashingStrategy                    : loaded 2 times (x 67B)
Class com.intellij.gradle.toolingExtension.impl.model.utilDummyModel.DummyModel       : loaded 2 times (x 67B)
Class org.gradle.internal.time.Clock                                                  : loaded 2 times (x 67B)
Class jdk.internal.jimage.BasicImageReader                                            : loaded 2 times (x 92B)
Class jdk.internal.jimage.ImageReader$Directory                                       : loaded 2 times (x 81B)
Class org.jetbrains.kotlin.compilerRunner.CompilerSystemPropertiesService$Parameters  : loaded 2 times (x 67B)
Class org.jetbrains.kotlin.gradle.plugin.mpp.compilationImpl.KotlinCompilationSourceSetsContainer: loaded 2 times (x 67B)
Class org.jetbrains.kotlin.gradle.plugin.diagnostics.KotlinToolingDiagnosticsCollector$Parameter: loaded 2 times (x 67B)
Class org.jetbrains.kotlin.gradle.plugin.diagnostics.KotlinToolingDiagnosticsCollectorKt$kotlinToolingDiagnosticsCollectorProvider$1: loaded 2 times (x 72B)
Class org.jetbrains.kotlin.gradle.artifacts.KotlinNativeKlibArtifactKt                : loaded 2 times (x 68B)
Class org.jetbrains.kotlin.gradle.plugin.ProjectLocalConfigurations                   : loaded 2 times (x 68B)
Class org.jetbrains.kotlin.gradle.plugin.mpp.KotlinUsages$KotlinUsagesDisambiguation  : loaded 2 times (x 73B)
Class org.jetbrains.kotlin.tooling.core.Extras$Key$Companion                          : loaded 2 times (x 68B)
Class org.jetbrains.kotlin.tooling.core.Extras$Key                                    : loaded 2 times (x 69B)
Class [Lorg.objectweb.asm.AnnotationWriter;                                           : loaded 2 times (x 66B)
Class com.google.common.collect.Maps$8                                                : loaded 2 times (x 79B)
Class org.jetbrains.plugins.gradle.model.jar.JarTaskManifestConfiguration             : loaded 2 times (x 67B)
Class org.jetbrains.plugins.gradle.model.GradleSourceSetDependencyModel               : loaded 2 times (x 67B)
Class kotlin.sequences.SequencesKt__SequencesJVMKt                                    : loaded 2 times (x 68B)
Class kotlin.coroutines.jvm.internal.RestrictedSuspendLambda                          : loaded 2 times (x 88B)
Class org.gradle.tooling.internal.adapter.TypeInspector                               : loaded 2 times (x 70B)
Class org.gradle.tooling.internal.adapter.ProtocolToModelAdapter$NoOpDecoration       : loaded 2 times (x 76B)
Class org.gradle.tooling.model.Element                                                : loaded 2 times (x 67B)
Class kotlin.collections.AbstractList                                                 : loaded 2 times (x 194B)
Class kotlin.collections.AbstractCollection                                           : loaded 2 times (x 114B)
Class Build_gradle$3$2                                                                : loaded 2 times (x 75B)
Class com.google.common.collect.ImmutableRangeSet$Builder                             : loaded 2 times (x 74B)
Class [Lcom.google.common.collect.Iterators$EmptyModifiableIterator;                  : loaded 2 times (x 66B)
Class org.jetbrains.kotlin.gradle.plugin.diagnostics.CheckKotlinGradlePluginConfigurationErrors: loaded 2 times (x 316B)
Class org.jetbrains.kotlin.gradle.plugin.sources.DefaultKotlinSourceSetKt             : loaded 2 times (x 68B)
Class org.jetbrains.kotlin.gradle.dsl.KotlinJvmOptions                                : loaded 2 times (x 67B)
Class org.jetbrains.kotlin.gradle.plugin.mpp.HierarchyAttributeContainer$1            : loaded 2 times (x 75B)
Class org.jetbrains.kotlin.gradle.plugin.KotlinPluginLifecycle                        : loaded 2 times (x 67B)
Class org.jetbrains.kotlin.gradle.plugin.KotlinJsPluginWrapper                        : loaded 2 times (x 83B)
Class org.jetbrains.kotlin.gradle.dsl.ToolchainSupport                                : loaded 2 times (x 67B)
Class org.gradle.internal.classloader.FilteringClassLoader                            : loaded 2 times (x 102B)
Class org.jetbrains.kotlin.gradle.plugin.mpp.InternalKotlinTarget                     : loaded 2 times (x 67B)
Class com.google.common.collect.Sets$SetView                                          : loaded 2 times (x 135B)
Class com.google.common.cache.LocalCache$StrongValueReference                         : loaded 2 times (x 87B)
Class com.intellij.gradle.toolingExtension.impl.model.taskModel.GradleTaskSerialisationService: loaded 2 times (x 73B)
Class kotlin.sequences.SequencesKt__SequenceBuilderKt$sequence$$inlined$Sequence$1    : loaded 2 times (x 72B)
Class kotlin.NotImplementedError                                                      : loaded 2 times (x 79B)
Class org.jetbrains.plugins.gradle.tooling.serialization.internal.IdeaProjectSerializationService$ReadContext: loaded 2 times (x 69B)
Class build_12clkcl0x00ljtrg21teupstz                                                 : loaded 2 times (x 178B)
Class org.jetbrains.kotlin.gradle.plugin.mpp.KotlinTargetSoftwareComponentImpl        : loaded 2 times (x 87B)
Class org.jetbrains.kotlin.gradle.plugin.mpp.DefaultKotlinUsageContext$PublishOnlyIf  : loaded 2 times (x 67B)
Class [Lcom.google.gson.stream.JsonToken;                                             : loaded 2 times (x 66B)
Class org.jetbrains.kotlin.gradle.dsl.KotlinCommonCompilerOptionsHelper               : loaded 2 times (x 68B)
Class org.jetbrains.kotlin.gradle.plugin.KotlinJvmPlugin$Companion                    : loaded 2 times (x 68B)
Class org.jetbrains.kotlin.gradle.plugin.diagnostics.KotlinToolingDiagnostics         : loaded 2 times (x 68B)
Class org.jetbrains.kotlin.gradle.artifacts.KotlinMetadataArtifactKt                  : loaded 2 times (x 68B)
Class org.jetbrains.kotlin.gradle.targets.CreateArtifactsSideEffectKt$CreateArtifactsSideEffect$1: loaded 2 times (x 71B)
Class org.jetbrains.kotlin.gradle.internal.properties.PropertiesBuildService$property$1$valueFromGradleAndLocalProperties$1: loaded 2 times (x 72B)
Class org.jetbrains.kotlin.gradle.plugin.KotlinPluginWrapperKt$kotlinToolingVersion$2 : loaded 2 times (x 75B)
Class org.objectweb.asm.Type                                                          : loaded 2 times (x 69B)
Class org.jetbrains.plugins.gradle.tooling.util.IntObjectMap$1                        : loaded 2 times (x 74B)
Class org.gradle.internal.impldep.com.google.common.base.Preconditions                : loaded 2 times (x 68B)
Class org.gradle.tooling.model.internal.ImmutableDomainObjectSet                      : loaded 2 times (x 152B)
Class org.gradle.internal.classloader.VisitableURLClassLoader$InstrumentingVisitableURLClassLoader: loaded 2 times (x 120B)
Class com.google.common.collect.RegularImmutableMap$KeySet                            : loaded 2 times (x 149B)
Class build_ej74zbrkwo14kkpmu7rttzgho$_run_closure1                                   : loaded 2 times (x 136B)
Class org.jetbrains.kotlin.gradle.plugin.mpp.DefaultKotlinUsageContext$1              : loaded 2 times (x 71B)
Class org.jetbrains.kotlin.gradle.plugin.mpp.compilationImpl.KotlinCompilationImpl$associateWith$2: loaded 2 times (x 76B)
Class org.jetbrains.kotlin.gradle.plugin.hierarchy.KotlinSourceSetTreeClassifier      : loaded 2 times (x 67B)
Class org.jetbrains.kotlin.gradle.plugin.mpp.compilationImpl.KotlinCompilationAssociator: loaded 2 times (x 67B)
Class org.jetbrains.kotlin.gradle.utils.WhenEvaluatedKt$whenEvaluated$afterAndroidDispatchQueue$1$1$1: loaded 2 times (x 72B)
Class org.jetbrains.kotlin.konan.target.UtilsKt$evaluatePresetName$1                  : loaded 2 times (x 75B)
Class org.jetbrains.kotlin.gradle.plugin.mpp.KotlinNativeTarget                       : loaded 2 times (x 164B)
Class org.jetbrains.kotlin.gradle.plugin.diagnostics.checkers.KotlinSourceSetTreeDependsOnMismatchChecker$runChecks$1: loaded 2 times (x 85B)
Class org.jetbrains.kotlin.gradle.plugin.diagnostics.checkers.PreHmppDependenciesUsageChecker$runChecks$1: loaded 2 times (x 85B)
Class org.jetbrains.kotlin.gradle.utils.ProjectExtensionsKt                           : loaded 2 times (x 68B)
Class org.jetbrains.kotlin.gradle.plugin.KotlinSourceSetTree$Companion                : loaded 2 times (x 68B)
Class org.jetbrains.kotlin.gradle.plugin.diagnostics.KotlinGradleProjectChecker$Companion: loaded 2 times (x 68B)
Class org.jetbrains.kotlin.gradle.plugin.KotlinGradleBuildServices$Parameters         : loaded 2 times (x 67B)
Class org.objectweb.asm.ByteVector                                                    : loaded 2 times (x 76B)
Class [Lcom.google.common.cache.CacheBuilder$NullListener;                            : loaded 2 times (x 66B)
Class com.google.common.math.IntMath$1                                                : loaded 2 times (x 68B)
Class kotlin.sequences.SequencesKt__SequencesKt                                       : loaded 2 times (x 68B)
Class kotlin.coroutines.Continuation                                                  : loaded 2 times (x 67B)
Class org.gradle.internal.classloader.VisitableURLClassLoader$Spec                    : loaded 2 times (x 71B)
Class org.gradle.internal.classpath.DefaultClassPath                                  : loaded 2 times (x 87B)
Class jdk.internal.jimage.decompressor.ZipDecompressorFactory                         : loaded 2 times (x 71B)
Class _BuildScript_$_run_closure1$_closure4                                           : loaded 2 times (x 129B)
Class org.jetbrains.kotlin.gradle.plugin.mpp.KotlinSoftwareComponentKt                : loaded 2 times (x 68B)
Class org.jetbrains.kotlin.gradle.plugin.mpp.compilationImpl.KotlinCompilationSourceSetInclusion$AddSourcesToCompileTask: loaded 2 times (x 67B)
Class org.jetbrains.kotlin.konan.target.Architecture                                  : loaded 2 times (x 76B)
Class [Lorg.jetbrains.kotlin.gradle.plugin.HasProject;                                : loaded 2 times (x 66B)
Class org.jetbrains.kotlin.gradle.utils.MutableObservableSetImpl                      : loaded 2 times (x 160B)
Class org.jetbrains.kotlin.gradle.tasks.KotlinTasksProvider                           : loaded 2 times (x 69B)
Class org.jetbrains.kotlin.gradle.dsl.DefaultToolchainSupport$wireToolchainToTasks$1  : loaded 2 times (x 72B)
Class org.jetbrains.kotlin.gradle.dsl.KotlinCommonCompilerOptions                     : loaded 2 times (x 67B)
Class org.jetbrains.kotlin.gradle.plugin.KotlinJsCompilerTypeHolder                   : loaded 2 times (x 67B)
Class [Lorg.jetbrains.kotlin.build.report.metrics.GradleBuildTime;                    : loaded 2 times (x 66B)
Class org.jetbrains.kotlin.gradle.internal.properties.PropertiesBuildService$MemoizedCallable: loaded 2 times (x 72B)
Class org.jetbrains.kotlin.gradle.plugin.internal.DefaultMavenPublicationComponentAccessorFactory: loaded 2 times (x 73B)
Class org.objectweb.asm.Symbol                                                        : loaded 2 times (x 70B)
Class org.jetbrains.plugins.gradle.model.GradleBuildScriptClasspathModel              : loaded 2 times (x 67B)
Class kotlin.coroutines.jvm.internal.BaseContinuationImpl                             : loaded 2 times (x 84B)
Class kotlin.Result$Companion                                                         : loaded 2 times (x 68B)
Class org.gradle.util.internal.DefaultGradleVersion                                   : loaded 2 times (x 81B)
Class org.jetbrains.kotlin.gradle.plugin.mpp.compilationImpl.KotlinCompilationImpl    : loaded 2 times (x 137B)
Class [Lorg.jetbrains.kotlin.gradle.plugin.mpp.compilationImpl.factory.KotlinCompilationImplFactory$PostConfigure;: loaded 2 times (x 66B)
Class org.jetbrains.kotlin.konan.target.KonanTarget$MACOS_X64                         : loaded 2 times (x 75B)
Class org.jetbrains.kotlin.gradle.plugin.KotlinSourceSet$Companion                    : loaded 2 times (x 68B)
Class org.jetbrains.kotlin.konan.util.Named                                           : loaded 2 times (x 67B)
Class [Lorg.jetbrains.kotlin.gradle.report.BuildReportMode;                           : loaded 2 times (x 66B)
Class org.jetbrains.kotlin.gradle.plugin.AbstractKotlinAndroidPluginWrapper           : loaded 2 times (x 83B)
Class com.google.common.base.CharMatcher$BitSetMatcher                                : loaded 2 times (x 109B)
Class com.google.common.collect.ImmutableSet                                          : loaded 2 times (x 142B)
Class com.google.common.collect.RegularImmutableMap$Values                            : loaded 2 times (x 204B)
Class org.gradle.internal.classloader.ClassLoaderSpec                                 : loaded 2 times (x 68B)
Class org.jetbrains.kotlin.gradle.plugin.mpp.KotlinCompilationsKt$moduleNameForCompilation$1: loaded 2 times (x 72B)
Class org.jetbrains.kotlin.gradle.plugin.sources.KotlinDependencyScopeKt              : loaded 2 times (x 68B)
Class org.jetbrains.kotlin.gradle.plugin.diagnostics.TransformActionUsingKotlinToolingDiagnostics$Parameters: loaded 2 times (x 67B)
Class org.jetbrains.kotlin.compilerRunner.CompilerSystemPropertiesService$Companion$registerIfAbsent$2$1: loaded 2 times (x 76B)
Class org.jetbrains.kotlin.gradle.plugin.mpp.KotlinCompilationsKt$addSourcesToKotlinCompileTask$1: loaded 2 times (x 72B)
Class org.jetbrains.kotlin.gradle.internal.KotlinDependenciesManagementKt$configureDefaultVersionsResolutionStrategy$1$1: loaded 2 times (x 72B)
Class org.jetbrains.kotlin.gradle.utils.KotlinExtensionUtilsKt$forAllTargets$1        : loaded 2 times (x 92B)
Class org.jetbrains.kotlin.gradle.plugin.diagnostics.CheckKotlinGradlePluginConfigurationErrorsKt$locateOrRegisterCheckKotlinGradlePluginErrorsTask$taskProvider$1: loaded 2 times (x 72B)
Class org.jetbrains.kotlin.gradle.plugin.diagnostics.checkers.KmpPartiallyResolvedDependenciesChecker$runChecks$1: loaded 2 times (x 85B)
Class org.jetbrains.kotlin.gradle.plugin.diagnostics.checkers.OverriddenKotlinNativeHomeChecker$StdlibExistenceCheckerValueSource$Params: loaded 2 times (x 67B)
Class org.jetbrains.kotlin.gradle.dsl.PlatformSourceSetConventionsChecker$nativeTargetPresets$1$1: loaded 2 times (x 76B)
Class org.jetbrains.kotlin.gradle.tooling.BuildKotlinToolingMetadataTaskKt$buildKotlinToolingMetadataTask$1: loaded 2 times (x 75B)
Class org.jetbrains.kotlin.gradle.internal.Kapt3GradleSubplugin$Companion             : loaded 2 times (x 68B)
Class org.jetbrains.kotlin.gradle.plugin.mpp.compilationImpl.KotlinCreateCompilationArchiveTaskKt$KotlinRegisterCompilationArchiveTasksExtension$1: loaded 2 times (x 71B)
Class org.jetbrains.kotlin.gradle.plugin.statistics.BuildFinishBuildService$Companion : loaded 2 times (x 68B)
Class org.jetbrains.kotlin.gradle.internal.properties.PropertiesBuildService$GradleProperty: loaded 2 times (x 67B)
Class org.jetbrains.kotlin.gradle.utils.StoredPropertyKt$projectStoredProperty$1      : loaded 2 times (x 75B)
Class org.objectweb.asm.AnnotationWriter                                              : loaded 2 times (x 76B)
Class com.google.common.cache.CacheStats                                              : loaded 2 times (x 68B)
Class kotlin.collections.CollectionsKt___CollectionsJvmKt                             : loaded 2 times (x 68B)
Class Build_gradle$3$5$1                                                              : loaded 2 times (x 75B)
Class org.jetbrains.kotlin.gradle.plugin.mpp.SyncLanguageSettingsWithKotlinExtensionSetupActionKt$SyncLanguageSettingsWithKotlinExtensionSetupAction$1$1: loaded 2 times (x 72B)
Class org.jetbrains.kotlin.gradle.tasks.configuration.TaskConfigAction$configureTask$1: loaded 2 times (x 76B)
Class org.jetbrains.kotlin.gradle.dsl.abi.AbiValidationExtension                      : loaded 2 times (x 67B)
Class org.jetbrains.kotlin.gradle.plugin.diagnostics.checkers.DuplicateSourceSetChecker$runChecks$1: loaded 2 times (x 85B)
Class org.jetbrains.kotlin.gradle.plugin.diagnostics.ToolingDiagnostic$Severity       : loaded 2 times (x 76B)
Class org.jetbrains.kotlin.gradle.dsl.JvmTarget                                       : loaded 2 times (x 76B)
Class org.jetbrains.kotlin.gradle.internal.ClassLoadersCachingBuildService            : loaded 2 times (x 73B)
Class org.jetbrains.kotlin.gradle.plugin.VariantImplementationFactories$Inject        : loaded 2 times (x 103B)
Class org.jetbrains.kotlin.gradle.plugin.internal.DefaultJavaExecTaskParametersCompatibility$Factory: loaded 2 times (x 73B)
Class org.jetbrains.kotlin.gradle.plugin.VariantImplementationFactoriesConfigurator$Companion: loaded 2 times (x 68B)
Class org.objectweb.asm.RecordComponentWriter                                         : loaded 2 times (x 75B)
Class com.google.common.util.concurrent.AbstractFuture$Listener                       : loaded 2 times (x 69B)
Class com.google.common.base.CharMatcher$Or                                           : loaded 2 times (x 109B)
Class Settings_gradle$1$1                                                             : loaded 2 times (x 71B)
Class kotlin.jvm.internal.markers.KMutableIterable                                    : loaded 2 times (x 67B)
Class kotlin.sequences.SequencesKt___SequencesJvmKt                                   : loaded 2 times (x 68B)
Class kotlin.Unit                                                                     : loaded 2 times (x 68B)
Class org.gradle.tooling.internal.adapter.ProtocolToModelAdapter$DefaultViewBuilder   : loaded 2 times (x 77B)
Class org.jetbrains.kotlin.gradle.plugin.mpp.SyncLanguageSettingsWithKotlinExtensionSetupActionKt$SyncLanguageSettingsWithKotlinExtensionSetupAction$1$2: loaded 2 times (x 72B)
Class org.jetbrains.kotlin.gradle.plugin.internal.BuildIdService$Companion            : loaded 2 times (x 68B)
Class org.jetbrains.kotlin.gradle.plugin.diagnostics.checkers.OverriddenKotlinNativeHomeChecker$StdlibExistenceCheckerValueSource$Companion: loaded 2 times (x 68B)
Class org.jetbrains.kotlin.gradle.targets.js.dsl.KotlinWasmSubTargetContainerDsl      : loaded 2 times (x 67B)
Class org.jetbrains.kotlin.gradle.plugin.diagnostics.checkers.WasmWasiEnvironmentChecker$1: loaded 2 times (x 75B)
Class org.jetbrains.kotlin.gradle.plugin.diagnostics.checkers.DisabledCinteropCommonizationInHmppProjectChecker: loaded 2 times (x 71B)
Class org.jetbrains.kotlin.gradle.plugin.diagnostics.checkers.NoKotlinTargetsDeclaredChecker: loaded 2 times (x 71B)
Class org.jetbrains.kotlin.gradle.targets.jvm.KotlinJvmTargetTestFixturesSideEffectKt$ConfigureJavaTestFixturesSideEffect$1: loaded 2 times (x 71B)
Class org.jetbrains.kotlin.gradle.tasks.publishing.HelpersKt$inlined$sam$i$org_gradle_api_Action$0: loaded 2 times (x 72B)
Class org.jetbrains.kotlin.gradle.utils.StoredPropertyStorage                         : loaded 2 times (x 69B)
Class org.jetbrains.kotlin.gradle.plugin.KotlinSourceSetContainer                     : loaded 2 times (x 67B)
Class org.objectweb.asm.Attribute                                                     : loaded 2 times (x 74B)
Class com.google.common.base.Supplier                                                 : loaded 2 times (x 67B)
Class org.gradle.tooling.internal.adapter.ProtocolToModelAdapter$ViewGraphDetails$1   : loaded 2 times (x 74B)
Class org.gradle.internal.classloader.VisitableURLClassLoader                         : loaded 2 times (x 114B)
Class com.google.common.base.Equivalence$Identity                                     : loaded 2 times (x 79B)
Class org.jetbrains.kotlin.gradle.plugin.sources.InternalKotlinSourceSetKt$awaitPlatformCompilations$1: loaded 2 times (x 85B)
Class [Lorg.jetbrains.kotlin.gradle.plugin.sources.KotlinDependencyScope;             : loaded 2 times (x 66B)
Class org.jetbrains.kotlin.gradle.tasks.configuration.BaseKotlinCompileConfig$configureCommonParameters$1: loaded 2 times (x 71B)
Class org.jetbrains.kotlin.gradle.plugin.mpp.compilationImpl.factory.ConfigurationNaming: loaded 2 times (x 67B)
Class org.jetbrains.kotlin.gradle.plugin.mpp.compilationImpl.DefaultKotlinCompilationPostConfigureKt: loaded 2 times (x 68B)
Class org.jetbrains.kotlin.konan.target.KonanTarget$WATCHOS_X64                       : loaded 2 times (x 75B)
Class org.jetbrains.kotlin.gradle.plugin.diagnostics.KotlinGradleProjectCheckersRunnerKt: loaded 2 times (x 68B)
Class org.jetbrains.kotlin.gradle.internal.IdeaKt$isInIdeaEnvironment$1               : loaded 2 times (x 71B)
Class [Lorg.jetbrains.kotlin.tooling.core.HasExtras;                                  : loaded 2 times (x 66B)
Class org.jetbrains.kotlin.gradle.plugin.diagnostics.checkers.IncorrectCompileOnlyDependenciesChecker: loaded 2 times (x 71B)
Class org.jetbrains.kotlin.gradle.plugin.diagnostics.checkers.WasmWasiEnvironmentChecker$2: loaded 2 times (x 75B)
Class org.jetbrains.kotlin.gradle.plugin.abi.AbiValidationActionKt                    : loaded 2 times (x 68B)
Class org.jetbrains.kotlin.gradle.dsl.DefaultToolchainSupport$wireToolchainToTasks$1$1: loaded 2 times (x 72B)
Class org.jetbrains.kotlin.gradle.utils.SingleActionPerProject                        : loaded 2 times (x 70B)
Class org.jetbrains.kotlin.gradle.plugin.DefaultKotlinBasePlugin                      : loaded 2 times (x 79B)
Class org.jetbrains.plugins.gradle.tooling.serialization.ExternalTestsSerializationService$ReadContext: loaded 2 times (x 69B)
Class kotlin.jvm.functions.Function0                                                  : loaded 2 times (x 67B)
Class com.google.common.base.PairwiseEquivalence                                      : loaded 2 times (x 80B)
Class org.jetbrains.kotlin.gradle.plugin.KotlinGradleBuildServices$Inject             : loaded 2 times (x 97B)
Class org.gradle.tooling.model.idea.IdeaDependency                                    : loaded 2 times (x 67B)
Class jdk.internal.jimage.decompressor.ZipDecompressor                                : loaded 2 times (x 72B)
Class build_ej74zbrkwo14kkpmu7rttzgho                                                 : loaded 2 times (x 177B)
Class com.google.common.collect.HashBiMap                                             : loaded 2 times (x 140B)
Class [Lorg.jetbrains.kotlin.gradle.plugin.mpp.KotlinUsageContext$MavenScope;         : loaded 2 times (x 66B)
Class org.jetbrains.kotlin.gradle.tasks.configuration.BaseKotlinCompileConfig$configureCommonParameters$2: loaded 2 times (x 72B)
Class org.jetbrains.kotlin.gradle.plugin.mpp.compilationImpl.KotlinCompilationCompilerOptionsFromTargetConfigurator: loaded 2 times (x 71B)
Class [Lorg.jetbrains.kotlin.gradle.plugin.mpp.compilationImpl.DefaultKotlinCompilationFriendPathsResolver$FriendArtifactResolver;: loaded 2 times (x 66B)
Class com.google.common.base.Strings                                                  : loaded 2 times (x 68B)
Class org.jetbrains.kotlin.gradle.internal.IdeaKt$isInIdeaEnvironment$2               : loaded 2 times (x 71B)
Class org.jetbrains.kotlin.gradle.utils.FailuresKt$ideaSyncClasspathModeUtil$1        : loaded 2 times (x 69B)
Class org.jetbrains.kotlin.gradle.plugin.diagnostics.KotlinToolingDiagnosticsCollector$Inject: loaded 2 times (x 93B)
Class org.jetbrains.kotlin.gradle.artifacts.KotlinJsKlibArtifactKt                    : loaded 2 times (x 68B)
Class org.jetbrains.kotlin.gradle.dsl.KotlinTargetContainerWithWasmPresetFunctions    : loaded 2 times (x 67B)
Class org.jetbrains.kotlin.gradle.plugin.GradleUtilsKt                                : loaded 2 times (x 68B)
Class org.jetbrains.kotlin.gradle.internal.properties.PropertiesBuildService          : loaded 2 times (x 73B)
Class org.jetbrains.kotlin.gradle.plugin.BuildFinishedListenerService$Companion$registerIfAbsent$1$1$1: loaded 2 times (x 72B)
Class com.google.common.collect.Sets                                                  : loaded 2 times (x 68B)
Class org.objectweb.asm.Handler                                                       : loaded 2 times (x 69B)
Class com.google.common.base.CharMatcher$FastMatcher                                  : loaded 2 times (x 108B)
Class com.google.common.base.Ticker                                                   : loaded 2 times (x 69B)
Class kotlin.collections.AbstractMutableList                                          : loaded 2 times (x 203B)
Class kotlin.jvm.functions.Function1                                                  : loaded 2 times (x 67B)
Class org.jetbrains.kotlin.gradle.plugin.KotlinTarget$DefaultImpls                    : loaded 2 times (x 68B)
Class org.jetbrains.kotlin.gradle.tasks.abi.KotlinLegacyAbiDumpTaskImpl               : loaded 2 times (x 345B)
Class org.jetbrains.kotlin.gradle.plugin.diagnostics.KotlinToolingDiagnosticsCollector: loaded 2 times (x 73B)
Class org.jetbrains.kotlin.gradle.plugin.mpp.compilationImpl.KotlinCreateCompilationArchiveTaskKt: loaded 2 times (x 68B)
Class org.jetbrains.kotlin.tooling.core.MutableExtrasImpl                             : loaded 2 times (x 162B)
Class org.jetbrains.kotlin.gradle.utils.FileUtilsKt                                   : loaded 2 times (x 68B)
Class [Lcom.google.common.cache.LocalCache$Segment;                                   : loaded 2 times (x 66B)
Class com.google.common.base.Predicate                                                : loaded 2 times (x 67B)
Class [Lcom.google.common.cache.LocalCache$Strength;                                  : loaded 2 times (x 66B)
Class com.google.common.cache.CacheBuilder$1                                          : loaded 2 times (x 82B)
Class com.google.common.collect.ImmutableMap                                          : loaded 2 times (x 117B)
Class org.jetbrains.plugins.gradle.tooling.serialization.internal.IdeaProjectSerializationService$WriteContext: loaded 2 times (x 69B)
Class com.intellij.gradle.toolingExtension.impl.model.sourceSetDependencyModel.GradleSourceSetDependencySerialisationService: loaded 2 times (x 74B)
Class org.jetbrains.plugins.gradle.model.GradleSourceSetModel                         : loaded 2 times (x 67B)
Class kotlin.jvm.functions.Function2                                                  : loaded 2 times (x 67B)
Class org.gradle.internal.classpath.DefaultClassPath$ImmutableUniqueList$Builder      : loaded 2 times (x 72B)
Class build_7uvddy6s8rfdygjw1p5cxq6                                                   : loaded 2 times (x 177B)
Class org.jetbrains.kotlin.gradle.plugin.mpp.KotlinCompilationFactory$DefaultImpls    : loaded 2 times (x 68B)
Class com.google.gson.stream.JsonToken                                                : loaded 2 times (x 76B)
Class com.google.common.collect.AbstractRangeSet                                      : loaded 2 times (x 111B)
Class org.jetbrains.kotlin.gradle.tasks.abi.AbiToolsTask$Companion                    : loaded 2 times (x 68B)
Class org.jetbrains.kotlin.gradle.plugin.diagnostics.checkers.InternalGradlePropertiesUsageChecker: loaded 2 times (x 71B)
Class org.jetbrains.kotlin.gradle.plugin.mpp.compilationImpl.CreateCInteropTasksSideEffectKt: loaded 2 times (x 68B)
Class org.jetbrains.kotlin.gradle.testing.internal.KotlinTestsRegistry$Companion      : loaded 2 times (x 68B)
Class org.jetbrains.kotlin.gradle.dsl.KotlinCommonCompilerToolOptions                 : loaded 2 times (x 67B)
Class org.jetbrains.kotlin.gradle.plugin.PropertiesProvider$propertyWithValueReporting$1: loaded 2 times (x 72B)
Class org.jetbrains.kotlin.gradle.internal.properties.PropertiesBuildService$Companion$registerIfAbsent$1: loaded 2 times (x 72B)
Class org.jetbrains.kotlin.gradle.plugin.internal.DefaultConfigurationCacheStartParameterAccessorVariantFactory: loaded 2 times (x 73B)
Class com.google.common.base.CharMatcher$NegatedFastMatcher                           : loaded 2 times (x 110B)
Class com.google.common.cache.LocalCache                                              : loaded 2 times (x 184B)
Class com.google.common.cache.CacheBuilder$2                                          : loaded 2 times (x 76B)
Class org.gradle.tooling.internal.adapter.WeakIdentityHashMap$AbsentValueProvider     : loaded 2 times (x 67B)
Class build_7uvddy6s8rfdygjw1p5cxq6$_run_closure1                                     : loaded 2 times (x 136B)
Class Build_gradle$inlined$sam$i$org_gradle_api_Action$0                              : loaded 2 times (x 72B)
Class org.jetbrains.kotlin.gradle.plugin.mpp.compilationImpl.DefaultKotlinCompilationSourceSetsContainer$source$1: loaded 2 times (x 76B)
Class org.jetbrains.kotlin.gradle.internal.abi.ConfigsKt                              : loaded 2 times (x 68B)
Class org.jetbrains.kotlin.gradle.internal.KotlinTestDependencyManagementKt           : loaded 2 times (x 68B)
Class org.jetbrains.kotlin.konan.target.KonanTarget$ANDROID_X64                       : loaded 2 times (x 75B)
Class [Lorg.jetbrains.kotlin.gradle.plugin.sources.ConsistencyCheck;                  : loaded 2 times (x 66B)
Class org.jetbrains.kotlin.gradle.report.ReportingSettings                            : loaded 2 times (x 69B)
Class org.jetbrains.kotlin.gradle.plugin.KotlinBasePluginWrapper                      : loaded 2 times (x 83B)
Class com.google.common.collect.ArrayListMultimap                                     : loaded 2 times (x 169B)
Class com.google.common.cache.CacheBuilder$3                                          : loaded 2 times (x 69B)
Class [Lcom.google.common.collect.AbstractMapEntry;                                   : loaded 2 times (x 66B)
Class com.google.common.collect.ImmutableEntry                                        : loaded 2 times (x 79B)
Class org.jetbrains.kotlin.cli.common.arguments.K2JVMCompilerArguments                : loaded 2 times (x 73B)
Class org.jetbrains.plugins.gradle.tooling.util.ObjectCollector$Processor             : loaded 2 times (x 67B)
Class org.jetbrains.kotlin.idea.gradleTooling.model.samWithReceiver.SamWithReceiverModel: loaded 2 times (x 67B)
Class kotlin.collections.CollectionsKt___CollectionsKt                                : loaded 2 times (x 68B)
Class kotlin.annotation.Target                                                        : loaded 2 times (x 67B)
Class org.jetbrains.kotlin.gradle.internal.ClassLoadersCachingBuildService$Companion$registerIfAbsent$2$1$1: loaded 2 times (x 72B)
Class org.gradle.internal.exceptions.NonGradleCauseExceptionsHolder                   : loaded 2 times (x 67B)
Class org.gradle.tooling.model.idea.IdeaModuleDependency                              : loaded 2 times (x 67B)
Class org.gradle.tooling.internal.adapter.ViewBuilder                                 : loaded 2 times (x 67B)
Class jdk.internal.jimage.ImageStrings                                                : loaded 2 times (x 67B)
Class org.jetbrains.kotlin.gradle.plugin.diagnostics.KotlinToolingDiagnostics$JsEnvironmentNotChosenExplicitly: loaded 2 times (x 70B)
Class org.jetbrains.kotlin.gradle.plugin.ProjectLocalConfigurations$ProjectLocalCompatibility: loaded 2 times (x 73B)
Class org.jetbrains.kotlin.gradle.dsl.JvmDefaultMode                                  : loaded 2 times (x 76B)
Class org.jetbrains.kotlin.gradle.dsl.KotlinJvmCompilerOptions                        : loaded 2 times (x 67B)
Class org.jetbrains.kotlin.gradle.plugin.statistics.BuildFinishBuildService           : loaded 2 times (x 77B)
Class org.jetbrains.kotlin.gradle.plugin.internal.DefaultMavenPublicationComponentAccessor: loaded 2 times (x 72B)
Class org.jetbrains.kotlin.gradle.plugin.internal.DefaultProjectIsolationStartParameterAccessor$Factory: loaded 2 times (x 73B)
Class com.google.common.collect.CollectPreconditions                                  : loaded 2 times (x 68B)
Class org.jetbrains.plugins.gradle.model.AnnotationProcessingConfig                   : loaded 2 times (x 67B)
Class kotlin.annotation.Retention                                                     : loaded 2 times (x 67B)
Class org.jetbrains.kotlin.konan.target.HostManager$Companion$targetAliases$2         : loaded 2 times (x 75B)
Class org.jetbrains.kotlin.gradle.plugin.KotlinPluginLifecycleImpl$launch$1           : loaded 2 times (x 76B)
Class org.jetbrains.kotlin.gradle.plugin.diagnostics.checkers.GradleDeprecatedPropertyChecker$DeprecatedProperty: loaded 2 times (x 69B)
Class org.jetbrains.kotlin.gradle.utils.Completable                                   : loaded 2 times (x 69B)
Class org.jetbrains.kotlin.gradle.plugin.DefaultKotlinBasePlugin$addKotlinCompilerConfiguration$2$1: loaded 2 times (x 72B)
Class org.jetbrains.kotlin.gradle.plugin.internal.DefaultCompatibilityConventionRegistrar$Factory: loaded 2 times (x 73B)
Class com.google.common.collect.SortedMapDifference                                   : loaded 2 times (x 67B)
Class org.jetbrains.plugins.gradle.tooling.ModelBuilderService$Parameter              : loaded 2 times (x 67B)
Class org.jetbrains.kotlin.gradle.targets.native.KonanPropertiesBuildService$Companion$registerIfAbsent$1: loaded 2 times (x 72B)
Class com.google.common.cache.LocalCache$WriteThroughEntry                            : loaded 2 times (x 76B)
Class com.google.common.cache.LocalCache$HashIterator                                 : loaded 2 times (x 83B)
Class org.jetbrains.kotlin.gradle.plugin.diagnostics.checkers.IncorrectCompileOnlyDependenciesChecker$runChecks$1: loaded 2 times (x 85B)
Class org.jetbrains.kotlin.gradle.plugin.mpp.KotlinOnlyTarget                         : loaded 2 times (x 150B)
Class org.jetbrains.kotlin.gradle.targets.js.npm.BaseNpmDependencyExtension           : loaded 2 times (x 67B)
Class org.jetbrains.kotlin.gradle.dsl.KotlinVersion$Companion                         : loaded 2 times (x 68B)
Class org.jetbrains.kotlin.gradle.InternalKotlinGradlePluginApi                       : loaded 2 times (x 67B)
Class org.jetbrains.kotlin.gradle.plugin.diagnostics.DiagnosticGroup$Base             : loaded 2 times (x 78B)
Class org.jetbrains.kotlin.gradle.targets.ConfigureNonPackedKlibConsumingSideEffectKt$ConfigureNonPackedKlibConsumingSideEffect$1: loaded 2 times (x 71B)
Class org.jetbrains.kotlin.gradle.dsl.DefaultToolchainSupport                         : loaded 2 times (x 73B)
Class org.jetbrains.kotlin.gradle.plugin.internal.CustomPropertiesFileValueSource     : loaded 2 times (x 79B)
Class com.google.common.cache.LocalCache$EntryFactory                                 : loaded 2 times (x 80B)
Class org.jetbrains.kotlin.cli.common.arguments.CommonCompilerArguments               : loaded 2 times (x 72B)
Class org.gradle.internal.impldep.gnu.trove.TObjectIntProcedure                       : loaded 2 times (x 67B)
Class org.gradle.tooling.internal.adapter.ProtocolToModelAdapter$ReflectionMethodInvoker: loaded 2 times (x 73B)
Class build_al45zyc258tpw4gg4f3v1loao$_run_closure1                                   : loaded 2 times (x 136B)
Class org.jetbrains.kotlin.gradle.internal.CompilerOptionsDslHelpersKt                : loaded 2 times (x 68B)
Class org.jetbrains.kotlin.gradle.tasks.configuration.AbstractKotlinCompileConfigKt   : loaded 2 times (x 68B)
Class org.jetbrains.kotlin.gradle.internal.StdlibDependencyManagementKt$configureStdlibVersionAlignment$1$1: loaded 2 times (x 72B)
Class org.jetbrains.kotlin.gradle.dsl.KotlinProjectExtension$awaitSourceSets$1        : loaded 2 times (x 85B)
Class org.jetbrains.kotlin.konan.target.Family                                        : loaded 2 times (x 76B)
Class org.jetbrains.kotlin.gradle.plugin.KotlinPluginLifecycle$CoroutineStart         : loaded 2 times (x 76B)
Class org.jetbrains.kotlin.gradle.tasks.TasksProviderKt$sam$org_gradle_api_Action$0   : loaded 2 times (x 72B)
Class org.jetbrains.kotlin.gradle.tooling.BuildKotlinToolingMetadataTask$FromKotlinExtension: loaded 2 times (x 314B)
Class org.jetbrains.kotlin.gradle.utils.FailuresKt                                    : loaded 2 times (x 68B)
Class org.jetbrains.kotlin.gradle.plugin.diagnostics.DiagnosticGroup                  : loaded 2 times (x 67B)
Class org.jetbrains.kotlin.gradle.targets.native.internal.CInteropConfigurationsKt$special$$inlined$KotlinTargetSideEffect$1: loaded 2 times (x 71B)
Class org.jetbrains.kotlin.gradle.internal.properties.NativePropertiesLoader$konanDataDirProperty$1: loaded 2 times (x 72B)
Class org.jetbrains.kotlin.gradle.plugin.KotlinGradleBuildServices$Companion$registerIfAbsent$2$1: loaded 2 times (x 76B)
Class org.jetbrains.kotlin.gradle.plugin.PropertiesProvider$keepIncrementalCompilationCachesInMemory$1: loaded 2 times (x 76B)
Class org.jetbrains.kotlin.gradle.internal.properties.PropertiesBuildService$Params$Inject: loaded 2 times (x 103B)
Class org.jetbrains.kotlin.gradle.plugin.diagnostics.checkers.AndroidPublicationNotConfiguredChecker: loaded 2 times (x 71B)
Class com.google.common.cache.LocalCache$AbstractReferenceEntry                       : loaded 2 times (x 104B)
Class org.jetbrains.kotlin.idea.gradleTooling.model.assignment.AssignmentModel        : loaded 2 times (x 67B)
Class kotlin.collections.CollectionsKt__MutableCollectionsJVMKt                       : loaded 2 times (x 68B)
Class org.jetbrains.kotlin.gradle.utils.Completable$await$1                           : loaded 2 times (x 85B)
Class kotlin.enums.EnumEntriesKt                                                      : loaded 2 times (x 68B)
Class build_ej74zbrkwo14kkpmu7rttzgho$_run_closure1$_closure3                         : loaded 2 times (x 136B)
Class org.jetbrains.kotlin.gradle.internal.Kapt3KotlinGradleSubpluginKt               : loaded 2 times (x 68B)
Class org.jetbrains.kotlin.gradle.dsl.KotlinJvmCompile                                : loaded 2 times (x 67B)
Class com.google.common.collect.ImmutableRangeSet$ComplementRanges                    : loaded 2 times (x 204B)
Class org.jetbrains.kotlin.konan.target.KonanTarget$LINUX_ARM32_HFP                   : loaded 2 times (x 75B)
Class org.jetbrains.kotlin.gradle.internal.Kapt3GradleSubplugin                       : loaded 2 times (x 80B)
Class org.jetbrains.kotlin.gradle.plugin.diagnostics.checkers.CInteropInputChecker    : loaded 2 times (x 71B)
Class org.jetbrains.kotlin.gradle.targets.native.internal.CInteropConfigurationsKt$special$$inlined$KotlinTargetSideEffect$2: loaded 2 times (x 71B)
Class org.jetbrains.kotlin.gradle.plugin.statistics.FinalizeConfigurationFusMetricActionKt$FinalizeConfigurationFusMetricAction$1: loaded 2 times (x 92B)
Class org.jetbrains.kotlin.gradle.internal.KotlinDependenciesManagementKt$CustomizeKotlinDependenciesSetupAction$1: loaded 2 times (x 71B)
Class org.jetbrains.kotlin.gradle.plugin.KotlinGradlePluginExtensionPointInternal$registeredExtensions$2: loaded 2 times (x 75B)
Class org.jetbrains.kotlin.gradle.plugin.UsesVariantImplementationFactories           : loaded 2 times (x 67B)
Class org.objectweb.asm.SymbolTable                                                   : loaded 2 times (x 69B)
Class com.google.common.cache.CacheLoader$InvalidCacheLoadException                   : loaded 2 times (x 79B)
Class com.google.common.collect.ImmutableSet$RegularSetBuilderImpl                    : loaded 2 times (x 74B)
Class org.jetbrains.plugins.gradle.model.GradleProperty                               : loaded 2 times (x 67B)
Class org.gradle.internal.classloader.SystemClassLoaderSpec                           : loaded 2 times (x 68B)
Class org.jetbrains.kotlin.gradle.plugin.diagnostics.DefaultProblemsReporter_Decorated: loaded 2 times (x 120B)
Class org.jetbrains.kotlin.gradle.tasks.configuration.BaseKotlinCompileConfig$1$1     : loaded 2 times (x 72B)
Class org.jetbrains.kotlin.gradle.plugin.mpp.compilationImpl.factory.KotlinCompilationImplFactory$PostConfigure: loaded 2 times (x 67B)
Class org.jetbrains.kotlin.gradle.tasks.abi.KotlinLegacyAbiDumpTask                   : loaded 2 times (x 67B)
Class org.jetbrains.kotlin.gradle.utils.KotlinExtensionUtilsKt                        : loaded 2 times (x 68B)
Class [Lorg.jetbrains.kotlin.konan.util.Named;                                        : loaded 2 times (x 66B)
Class org.jetbrains.kotlin.gradle.plugin.diagnostics.checkers.NoKotlinTargetsDeclaredChecker$runChecks$1: loaded 2 times (x 85B)
Class org.jetbrains.kotlin.gradle.plugin.mpp.AbstractKotlinTarget$kotlinComponents$2  : loaded 2 times (x 76B)
Class org.jetbrains.kotlin.gradle.plugin.KotlinPlatformType$CompatibilityRule         : loaded 2 times (x 73B)
Class org.jetbrains.kotlin.gradle.internal.properties.NativePropertiesLoader$actualNativeHomeDirectory$1: loaded 2 times (x 72B)
Class org.jetbrains.kotlin.gradle.internal.properties.NativePropertiesKt              : loaded 2 times (x 68B)
Class org.jetbrains.kotlin.gradle.plugin.internal.CustomPropertiesFileValueSource$Parameters$Inject: loaded 2 times (x 103B)
Class com.google.common.cache.LocalCache$StrongEntry                                  : loaded 2 times (x 105B)
Class com.google.common.util.concurrent.AbstractFuture$TrustedFuture                  : loaded 2 times (x 111B)
Class com.google.common.cache.LoadingCache                                            : loaded 2 times (x 67B)
Class kotlin.jvm.internal.markers.KMutableCollection                                  : loaded 2 times (x 67B)
Class kotlin.coroutines.intrinsics.IntrinsicsKt                                       : loaded 2 times (x 68B)
Class org.gradle.internal.exceptions.MultiCauseException                              : loaded 2 times (x 67B)
Class org.gradle.internal.time.CountdownTimer                                         : loaded 2 times (x 67B)
Class kotlin.jvm.internal.Intrinsics                                                  : loaded 2 times (x 68B)
Class org.jetbrains.kotlin.gradle.internal.abi.AbiValidationLegacyDumpExtensionImpl_Decorated: loaded 2 times (x 128B)
Class jdk.internal.jrtfs.JrtFileSystem                                                : loaded 2 times (x 99B)
Class org.jetbrains.kotlin.gradle.plugin.mpp.KotlinTargetSoftwareComponentImplKt$KotlinTargetSoftwareComponent$1: loaded 2 times (x 92B)
Class org.jetbrains.kotlin.gradle.tasks.configuration.BaseKotlinCompileConfig$registerBuildToolsApiTransformations$1: loaded 2 times (x 72B)
Class org.jetbrains.kotlin.gradle.tasks.configuration.AbstractKotlinCompileConfigKt$sam$org_gradle_api_Action$0: loaded 2 times (x 72B)
Class org.jetbrains.kotlin.gradle.plugin.internal.BuildIdService                      : loaded 2 times (x 73B)
Class org.jetbrains.kotlin.gradle.plugin.mpp.compilationImpl.factory.KotlinCompilationDependencyConfigurationsFactoriesKt: loaded 2 times (x 68B)
Class org.jetbrains.kotlin.gradle.plugin.mpp.compilationImpl.DefaultKotlinCompilationFriendPathsResolver: loaded 2 times (x 72B)
Class org.jetbrains.kotlin.gradle.plugin.diagnostics.checkers.KmpPartiallyResolvedDependenciesCheckerKt: loaded 2 times (x 68B)
Class org.jetbrains.kotlin.gradle.plugin.diagnostics.checkers.WasmSourceSetsNotFoundChecker$runChecks$1: loaded 2 times (x 85B)
Class org.jetbrains.kotlin.konan.target.KonanTarget$IOS_SIMULATOR_ARM64               : loaded 2 times (x 75B)
Class org.jetbrains.kotlin.gradle.targets.jvm.KotlinJvmCompilationWireJavaSourcesSideEffectKt: loaded 2 times (x 68B)
Class org.jetbrains.kotlin.gradle.plugin.mpp.compilationImpl.KotlinCreateCompilationArchiveTaskKt$KotlinCreateCompilationArchivesTask$1: loaded 2 times (x 71B)
Class org.jetbrains.kotlin.gradle.dsl.KotlinVersion                                   : loaded 2 times (x 76B)
Class org.jetbrains.kotlin.gradle.internal.properties.NativePropertiesLoader$actualNativeHomeDirectory$2: loaded 2 times (x 71B)
Class org.jetbrains.kotlin.gradle.utils.StoredPropertyKt                              : loaded 2 times (x 68B)
Class org.objectweb.asm.MethodWriter                                                  : loaded 2 times (x 103B)
Class [Lcom.google.common.cache.Weigher;                                              : loaded 2 times (x 66B)
Class com.google.common.collect.RegularImmutableMap$BucketOverflowException           : loaded 2 times (x 79B)
Class com.intellij.gradle.toolingExtension.impl.model.projectModel.GradleExternalProjectSerializationService$ReadContext: loaded 2 times (x 70B)
Class com.intellij.gradle.toolingExtension.impl.model.dependencyModel.DependencyWriteContext: loaded 2 times (x 69B)
Class org.jetbrains.kotlin.idea.gradleTooling.model.parcelize.ParcelizeGradleModel    : loaded 2 times (x 67B)
Class kotlin.collections.CollectionsKt__IterablesKt                                   : loaded 2 times (x 68B)
Class kotlin.coroutines.intrinsics.CoroutineSingletons                                : loaded 2 times (x 76B)
Class org.gradle.tooling.model.ProjectModel                                           : loaded 2 times (x 67B)
Class jdk.internal.jimage.decompressor.CompressedResourceHeader                       : loaded 2 times (x 68B)
Class org.jetbrains.kotlin.gradle.plugin.sources.KotlinDependencyScope$Companion      : loaded 2 times (x 68B)
Class org.jetbrains.kotlin.gradle.tasks.configuration.BaseKotlinCompileConfig$registerBuildToolsApiTransformations$2: loaded 2 times (x 72B)
Class org.jetbrains.kotlin.gradle.tasks.KotlinJvmCompile                              : loaded 2 times (x 67B)
Class org.jetbrains.kotlin.gradle.plugin.mpp.compilationImpl.KotlinCompilationSourceSetsContainerKt: loaded 2 times (x 68B)
Class org.jetbrains.kotlin.gradle.plugin.KotlinPluginLifecycleKt$launchInStage$1      : loaded 2 times (x 92B)
Class org.jetbrains.kotlin.gradle.targets.NativeForwardImplementationToApiElementsSideEffectKt: loaded 2 times (x 68B)
Class org.jetbrains.kotlin.gradle.tasks.publishing.HelpersKt$addPgpSignatureHelpers$1 : loaded 2 times (x 72B)
Class org.jetbrains.kotlin.gradle.internal.properties.NativePropertiesLoader$actualNativeHomeDirectory$3: loaded 2 times (x 72B)
Class org.jetbrains.kotlin.gradle.report.BuildReportMode                              : loaded 2 times (x 76B)
Class org.jetbrains.kotlin.gradle.plugin.VariantImplementationFactories$Companion$getProvider$2$1$1: loaded 2 times (x 72B)
Class org.jetbrains.kotlin.gradle.plugin.internal.ProjectIsolationStartParameterAccessor$Factory: loaded 2 times (x 67B)
Class org.jetbrains.plugins.gradle.model.GradleConfiguration                          : loaded 2 times (x 67B)
Class kotlin.sequences.SequenceBuilderIterator                                        : loaded 2 times (x 82B)
Class kotlin.KotlinNullPointerException                                               : loaded 2 times (x 80B)
Class org.jetbrains.kotlin.gradle.internal.transforms.BuildToolsApiClasspathEntrySnapshotTransform$Inject1: loaded 2 times (x 110B)
Class org.jetbrains.kotlin.gradle.plugin.mpp.compilationImpl.KotlinCompilationRegisterInSourceSetsConfigurator: loaded 2 times (x 71B)
Class org.jetbrains.kotlin.gradle.plugin.mpp.compilationImpl.factory.DefaultKotlinCompilationTaskNamesContainerFactory: loaded 2 times (x 71B)
Class org.jetbrains.kotlin.gradle.plugin.mpp.compilationImpl.DefaultKotlinCompilationFriendPathsResolver$FriendArtifactResolver$Companion: loaded 2 times (x 68B)
Class org.jetbrains.kotlin.gradle.targets.native.internal.CommonizerTasksKt           : loaded 2 times (x 68B)
Class [Lorg.jetbrains.kotlin.gradle.targets.js.npm.NpmDependency$Scope;               : loaded 2 times (x 66B)
Class org.jetbrains.kotlin.gradle.plugin.KotlinCompilerPluginSupportPlugin            : loaded 2 times (x 67B)
Class org.jetbrains.kotlin.gradle.plugin.mpp.AbstractKotlinTarget$components$2        : loaded 2 times (x 76B)
Class org.jetbrains.kotlin.gradle.targets.CreateNonPackedKlibVariantsSideEffectKt$CreateNonPackedKlibVariantsSideEffect$1: loaded 2 times (x 71B)
Class org.jetbrains.kotlin.gradle.plugin.mpp.KotlinUsages$setupAttributesMatchingStrategy$1: loaded 2 times (x 71B)
Class org.jetbrains.kotlin.gradle.tasks.publishing.HelpersKt$addPgpSignatureHelpers$2 : loaded 2 times (x 71B)
Class org.jetbrains.kotlin.gradle.plugin.KotlinGradleBuildServices$Companion$registerIfAbsent$2$1$1: loaded 2 times (x 72B)
Class org.jetbrains.kotlin.gradle.plugin.PropertiesProvider$preciseCompilationResultsBackup$1: loaded 2 times (x 76B)
Class org.jetbrains.kotlin.gradle.internal.diagnostics.AgpCompatibilityCheck$runAgpCompatibilityCheckIfAgpIsApplied$1$1: loaded 2 times (x 72B)
Class org.jetbrains.kotlin.gradle.utils.AndroidPluginIdsKt                            : loaded 2 times (x 68B)
Class org.jetbrains.kotlin.gradle.plugin.KotlinBasePlugin                             : loaded 2 times (x 67B)
Class com.google.common.collect.RegularImmutableBiMap                                 : loaded 2 times (x 146B)
Class com.google.common.base.CharMatcher$Negated                                      : loaded 2 times (x 110B)
Class com.google.common.base.CharMatcher$Is                                           : loaded 2 times (x 108B)
Class com.google.common.cache.LocalCache$ValueReference                               : loaded 2 times (x 67B)
Class org.jetbrains.plugins.gradle.model.tests.ExternalTestsModel                     : loaded 2 times (x 67B)
Class org.gradle.tooling.internal.adapter.ProtocolToModelAdapter$SafeMethodInvoker    : loaded 2 times (x 73B)
Class org.gradle.tooling.internal.adapter.WeakIdentityHashMap$WeakKey                 : loaded 2 times (x 76B)
Class org.gradle.internal.exceptions.DefaultMultiCauseException                       : loaded 2 times (x 92B)
Class com.google.common.base.PatternCompiler                                          : loaded 2 times (x 67B)
Class org.jetbrains.kotlin.gradle.tasks.abi.KotlinLegacyAbiDumpTaskImpl$Companion     : loaded 2 times (x 68B)
Class org.jetbrains.kotlin.gradle.dsl.abi.AbiFiltersSpec                              : loaded 2 times (x 67B)
Class org.jetbrains.kotlin.gradle.utils.FutureKt                                      : loaded 2 times (x 68B)
Class org.jetbrains.kotlin.gradle.targets.native.internal.PlatformLibrariesGenerator$GeneratedPlatformLibrariesService: loaded 2 times (x 73B)
Class org.jetbrains.kotlin.gradle.logging.GradleLoggingUtilsKt                        : loaded 2 times (x 68B)
Class org.jetbrains.kotlin.gradle.plugin.KotlinAndroidPluginWrapper                   : loaded 2 times (x 83B)
Class com.google.common.util.concurrent.AbstractFuture$Failure                        : loaded 2 times (x 69B)
Class com.google.common.base.Equivalence$Equals                                       : loaded 2 times (x 79B)
Class com.google.common.collect.Hashing                                               : loaded 2 times (x 68B)
Class com.google.common.base.Preconditions                                            : loaded 2 times (x 68B)
Class org.jetbrains.kotlin.cli.common.arguments.CommonToolArguments                   : loaded 2 times (x 70B)
Class com.intellij.gradle.toolingExtension.impl.model.projectModel.GradleExternalProjectSerializationService: loaded 2 times (x 74B)
Class kotlin.collections.ArrayDeque$Companion                                         : loaded 2 times (x 68B)
Class org.gradle.tooling.model.HierarchicalElement                                    : loaded 2 times (x 67B)
Class [Lorg.jetbrains.kotlin.gradle.dsl.PlatformSourceSetConventionsChecker$CheckedPlatformInfo;: loaded 2 times (x 66B)
Class org.jetbrains.kotlin.gradle.plugin.diagnostics.KotlinGradleProjectCheckerContext: loaded 2 times (x 69B)
Class org.jetbrains.kotlin.gradle.plugin.diagnostics.checkers.DuplicateSourceSetChecker: loaded 2 times (x 71B)
Class org.jetbrains.kotlin.gradle.plugin.diagnostics.ToolingDiagnosticFactory         : loaded 2 times (x 70B)
Class org.jetbrains.kotlin.gradle.targets.KotlinTargetSideEffect                      : loaded 2 times (x 67B)
Class org.jetbrains.kotlin.gradle.plugin.DefaultKotlinBasePlugin$setupAttributeMatchingStrategy$1$1: loaded 2 times (x 76B)
Class org.jetbrains.kotlin.gradle.internal.properties.PropertiesBuildService$property$1: loaded 2 times (x 76B)
Class com.google.common.base.Joiner$1                                                 : loaded 2 times (x 77B)
Class org.objectweb.asm.Label                                                         : loaded 2 times (x 70B)
Class org.objectweb.asm.CurrentFrame                                                  : loaded 2 times (x 70B)
Class org.objectweb.asm.ClassTooLargeException                                        : loaded 2 times (x 80B)
Class com.google.common.base.CharMatcher                                              : loaded 2 times (x 108B)
Class com.google.gson.stream.JsonReader                                               : loaded 2 times (x 94B)
Class com.google.common.collect.PeekingIterator                                       : loaded 2 times (x 67B)
Class org.jetbrains.plugins.gradle.tooling.serialization.ExternalTestsSerializationService: loaded 2 times (x 74B)
Class kotlin.coroutines.EmptyCoroutineContext                                         : loaded 2 times (x 74B)
Class org.gradle.internal.time.Time                                                   : loaded 2 times (x 68B)
Class com.google.common.collect.Maps$IteratorBasedAbstractMap                         : loaded 2 times (x 122B)
Class org.jetbrains.kotlin.gradle.tasks.KotlinCompilationTask                         : loaded 2 times (x 67B)
Class org.jetbrains.kotlin.gradle.plugin.mpp.compilationImpl.factory.KotlinCompilationImplFactory$ProcessResourcesTaskNameFactory: loaded 2 times (x 67B)
Class com.google.common.collect.RangeGwtSerializationDependencies                     : loaded 2 times (x 68B)
Class org.jetbrains.kotlin.gradle.internal.properties.PropertiesBuildService$property$2: loaded 2 times (x 76B)
Class org.jetbrains.kotlin.gradle.internal.KotlinDependenciesManagementKt             : loaded 2 times (x 68B)
Class org.jetbrains.kotlin.gradle.plugin.DefaultKotlinBasePlugin$setupAttributeMatchingStrategy$1$2: loaded 2 times (x 76B)
Class org.jetbrains.kotlin.gradle.targets.native.internal.PlatformLibrariesGenerator$Companion: loaded 2 times (x 68B)
Class org.jetbrains.kotlin.gradle.plugin.internal.CustomPropertiesFileValueSource$Inject: loaded 2 times (x 110B)
Class com.google.common.base.Joiner$2                                                 : loaded 2 times (x 76B)
Class org.objectweb.asm.Frame                                                         : loaded 2 times (x 70B)
Class org.objectweb.asm.MethodVisitor                                                 : loaded 2 times (x 102B)
Class com.google.common.base.CharMatcher$NamedFastMatcher                             : loaded 2 times (x 109B)
Class com.google.common.base.CharMatcher$1                                            : loaded 2 times (x 110B)
Class com.google.common.cache.LocalCache$EntryFactory$1                               : loaded 2 times (x 80B)
Class [Lcom.google.common.cache.RemovalListener;                                      : loaded 2 times (x 66B)
Class org.jetbrains.plugins.gradle.tooling.serialization.AnnotationProcessingModelSerializationService: loaded 2 times (x 74B)
Class org.jetbrains.kotlin.gradle.plugin.mpp.InternalKotlinTargetKt$special$$inlined$extrasStoredFuture$1: loaded 2 times (x 76B)
Class org.jetbrains.kotlin.tooling.core.ExtrasProperty                                : loaded 2 times (x 67B)
Class org.jetbrains.kotlin.compilerRunner.UsesCompilerSystemPropertiesService         : loaded 2 times (x 67B)
Class org.jetbrains.kotlin.gradle.plugin.mpp.compilationImpl.KotlinCompilationSourceSetInclusion$Companion: loaded 2 times (x 68B)
Class com.google.common.collect.RangeSet                                              : loaded 2 times (x 67B)
Class org.jetbrains.kotlin.konan.target.KonanTarget$WATCHOS_DEVICE_ARM64              : loaded 2 times (x 75B)
Class org.jetbrains.kotlin.gradle.plugin.diagnostics.checkers.MissingNativeStdlibChecker$runChecks$1: loaded 2 times (x 85B)
Class [Lorg.jetbrains.kotlin.gradle.plugin.sources.android.AndroidVariantType;        : loaded 2 times (x 66B)
Class org.jetbrains.kotlin.gradle.plugin.sources.android.AndroidVariantType           : loaded 2 times (x 76B)
Class org.jetbrains.kotlin.gradle.plugin.mpp.KotlinTargetSoftwareComponent            : loaded 2 times (x 86B)
Class org.jetbrains.kotlin.gradle.plugin.mpp.KotlinVariant                            : loaded 2 times (x 98B)
Class org.jetbrains.kotlin.gradle.targets.native.ConfigureFrameworkExportSideEffectKt : loaded 2 times (x 68B)
Class org.jetbrains.kotlin.gradle.utils.WhenPluginEnabledKt                           : loaded 2 times (x 68B)
Class org.jetbrains.kotlin.gradle.plugin.VariantImplementationFactories               : loaded 2 times (x 72B)
Class org.jetbrains.kotlin.gradle.internal.diagnostics.KotlinCompilerEmbeddableCheck  : loaded 2 times (x 68B)
Class com.google.common.cache.LocalCache$EntryFactory$2                               : loaded 2 times (x 80B)
Class [Lcom.intellij.openapi.externalSystem.model.project.dependencies.ResolutionState;: loaded 2 times (x 66B)
Class org.gradle.internal.impldep.gnu.trove.TObjectHash                               : loaded 2 times (x 91B)
Class org.jetbrains.plugins.gradle.model.DependencyAccessorsModel                     : loaded 2 times (x 67B)
Class org.gradle.api.internal.classpath.GlobalCacheRootsProvider                      : loaded 2 times (x 67B)
Class org.jetbrains.kotlin.tooling.core.Extras$Entry$Companion                        : loaded 2 times (x 68B)
Class com.google.common.collect.CollectCollectors                                     : loaded 2 times (x 68B)
Class org.jetbrains.kotlin.gradle.targets.js.dsl.KotlinWasmWasiTargetDsl              : loaded 2 times (x 67B)
Class org.jetbrains.kotlin.gradle.plugin.diagnostics.checkers.DisabledNativeTargetsChecker: loaded 2 times (x 71B)
Class org.jetbrains.kotlin.gradle.plugin.mpp.compilationImpl.KotlinCreateSourcesJarTaskSideEffectKt$KotlinCreateSourcesJarTaskSideEffect$1: loaded 2 times (x 71B)
Class org.jetbrains.kotlin.gradle.internal.CompilerArgumentAware                      : loaded 2 times (x 67B)
Class org.jetbrains.kotlin.gradle.utils.StoredLazyProperty                            : loaded 2 times (x 72B)
Class org.objectweb.asm.ModuleWriter                                                  : loaded 2 times (x 79B)
Class com.google.common.cache.LocalCache$EntryFactory$3                               : loaded 2 times (x 80B)
Class com.google.common.base.Ticker$1                                                 : loaded 2 times (x 69B)
Class com.google.common.collect.Maps$BiMapConverter                                   : loaded 2 times (x 87B)
Class com.google.common.collect.ImmutableMapEntrySet$RegularEntrySet                  : loaded 2 times (x 149B)
Class org.jetbrains.kotlin.idea.gradleTooling.KotlinMPPGradleModel                    : loaded 2 times (x 67B)
Class com.intellij.gradle.toolingExtension.impl.model.dependencyDownloadPolicyModel.GradleDependencyDownloadPolicy: loaded 2 times (x 67B)
Class org.gradle.tooling.model.BuildIdentifier                                        : loaded 2 times (x 67B)
Class Native_plugin_loader_gradle$NativePluginLoader                                  : loaded 2 times (x 69B)
Class com.google.common.collect.SetMultimap                                           : loaded 2 times (x 67B)
Class org.jetbrains.kotlin.gradle.dsl.AndroidMainSourceSetConventionsChecker$runChecks$1: loaded 2 times (x 85B)
Class org.jetbrains.kotlin.gradle.plugin.diagnostics.IsAttachedToTerminalValueSource  : loaded 2 times (x 77B)
Class org.jetbrains.kotlin.gradle.plugin.sources.FragmentConsistencyChecks            : loaded 2 times (x 69B)
Class org.jetbrains.kotlin.gradle.plugin.mpp.InternalKotlinTargetComponent            : loaded 2 times (x 90B)
Class org.jetbrains.kotlin.gradle.targets.CreateNonPackedKlibVariantsSideEffectKt     : loaded 2 times (x 68B)
Class org.jetbrains.kotlin.gradle.targets.CreateDefaultTestRunSideEffectKt$special$$inlined$KotlinTargetSideEffect$1: loaded 2 times (x 71B)
Class org.jetbrains.kotlin.gradle.utils.ProviderApiUtilsKt                            : loaded 2 times (x 68B)
Class org.jetbrains.kotlin.gradle.plugin.mpp.apple.swiftexport.internal.SwiftExportInitKt$maybeCreateSwiftExportClasspathDependenciesConfiguration$1: loaded 2 times (x 76B)
Class org.jetbrains.kotlin.gradle.targets.native.UsesKonanPropertiesBuildService      : loaded 2 times (x 67B)
Class org.jetbrains.kotlin.gradle.internal.properties.NativePropertiesLoader$forceDisableRunningInProcess$1: loaded 2 times (x 72B)
Class org.jetbrains.kotlin.gradle.utils.PersistentCachesKt                            : loaded 2 times (x 68B)
Class org.jetbrains.kotlin.gradle.internal.tasks.TaskWithLocalState                   : loaded 2 times (x 67B)
Class org.jetbrains.kotlin.gradle.internal.properties.PropertiesBuildService$Params   : loaded 2 times (x 67B)
Class org.jetbrains.kotlin.gradle.internal.diagnostics.GradleCompatibilityCheck       : loaded 2 times (x 68B)
Class com.google.common.base.CharMatcher$InRange                                      : loaded 2 times (x 108B)
Class com.google.common.cache.LocalCache$EntryFactory$4                               : loaded 2 times (x 80B)
Class com.google.common.collect.ImmutableSet$Builder                                  : loaded 2 times (x 82B)
Class org.jetbrains.kotlin.idea.gradleTooling.PrepareKotlinIdeImportTaskModel         : loaded 2 times (x 67B)
Class org.jetbrains.kotlin.gradle.plugin.sources.KotlinDependencyScopeKt$WhenMappings : loaded 2 times (x 68B)
Class org.jetbrains.kotlin.gradle.tasks.K2MultiplatformCompilationTask                : loaded 2 times (x 67B)
Class org.jetbrains.kotlin.gradle.plugin.statistics.UsesBuildFusService               : loaded 2 times (x 67B)
Class org.jetbrains.kotlin.gradle.plugin.diagnostics.checkers.OverriddenKotlinNativeHomeChecker$StdlibExistenceCheckerValueSource$Inject: loaded 2 times (x 106B)
Class org.jetbrains.kotlin.gradle.utils.ConfigurationsKt$maybeCreateDependencyScope$1 : loaded 2 times (x 75B)
Class org.jetbrains.kotlin.gradle.plugin.sources.FragmentConsistencyChecks$languageVersionCheck$1: loaded 2 times (x 76B)
Class org.jetbrains.kotlin.gradle.plugin.mpp.DecoratedKotlinCompilation               : loaded 2 times (x 188B)
Class org.jetbrains.kotlin.gradle.plugin.diagnostics.checkers.ExperimentalTryNextUsageChecker: loaded 2 times (x 71B)
Class [Lorg.jetbrains.kotlin.gradle.plugin.diagnostics.ToolingDiagnostic$Severity;    : loaded 2 times (x 66B)
Class [Lorg.jetbrains.kotlin.gradle.plugin.KotlinPlatformType;                        : loaded 2 times (x 66B)
Class org.jetbrains.kotlin.gradle.plugin.VariantImplementationFactories$Parameters$Inject: loaded 2 times (x 103B)
Class org.jetbrains.kotlin.gradle.plugin.BuildFinishedListenerService$Companion$registerIfAbsent$1$1: loaded 2 times (x 76B)
Class org.jetbrains.kotlin.gradle.internal.diagnostics.GradleCompatibilityCheck$CurrentGradleVersionProvider: loaded 2 times (x 67B)
Class com.google.common.cache.LocalCache$EntryFactory$5                               : loaded 2 times (x 80B)
Class com.android.ide.gradle.model.GradlePluginModel                                  : loaded 2 times (x 67B)
Class org.gradle.tooling.model.build.JavaEnvironment                                  : loaded 2 times (x 67B)
Class org.jetbrains.kotlin.compilerRunner.CompilerSystemPropertiesService$Companion   : loaded 2 times (x 68B)
Class org.jetbrains.kotlin.gradle.plugin.mpp.MppSourcesJarKt$sourcesJarTaskNamed$result$1: loaded 2 times (x 76B)
Class org.jetbrains.kotlin.gradle.tasks.configuration.BaseKotlinCompileConfig$1       : loaded 2 times (x 76B)
Class org.jetbrains.kotlin.gradle.plugin.mpp.compilationImpl.factory.ConfigurationNaming$Default: loaded 2 times (x 72B)
Class org.jetbrains.kotlin.gradle.plugin.mpp.compilationImpl.KotlinCompilationSourceSetInclusion: loaded 2 times (x 69B)
Class org.jetbrains.kotlin.gradle.plugin.KotlinBaseApiPlugin                          : loaded 2 times (x 115B)
Class org.jetbrains.kotlin.gradle.targets.jvm.KotlinJvmTarget                         : loaded 2 times (x 163B)
Class org.jetbrains.kotlin.gradle.targets.js.dsl.KotlinWasmJsTargetDsl                : loaded 2 times (x 67B)
Class org.jetbrains.kotlin.gradle.plugin.diagnostics.checkers.DisabledNativeTargetsChecker$runChecks$1: loaded 2 times (x 85B)
Class org.jetbrains.kotlin.gradle.plugin.KotlinPluginLifecycleImpl$await$2$1          : loaded 2 times (x 76B)
Class org.jetbrains.kotlin.gradle.plugin.diagnostics.ToolingDiagnosticRenderingOptionsKt$WhenMappings: loaded 2 times (x 68B)
Class org.jetbrains.kotlin.gradle.plugin.sources.DefaultLanguageSettingsBuilder       : loaded 2 times (x 97B)
Class org.jetbrains.kotlin.gradle.plugin.sources.FragmentConsistencyChecks$languageVersionCheck$2: loaded 2 times (x 75B)
Class org.jetbrains.kotlin.gradle.targets.CreateTargetConfigurationsSideEffectKt$CreateTargetConfigurationsSideEffect$1: loaded 2 times (x 71B)
Class org.jetbrains.kotlin.gradle.dsl.KotlinPublishingDsl                             : loaded 2 times (x 67B)
Class org.jetbrains.kotlin.gradle.dsl.KotlinTargetContainerWithPresetFunctions        : loaded 2 times (x 67B)
Class org.jetbrains.kotlin.gradle.utils.GradleConfigurationUtilsKt                    : loaded 2 times (x 68B)
Class org.jetbrains.kotlin.gradle.plugin.internal.CustomPropertiesFileValueSource$Parameters: loaded 2 times (x 67B)
Class org.jetbrains.kotlin.gradle.plugin.UsesBuildFinishedListenerService             : loaded 2 times (x 67B)
Class com.google.common.cache.LocalCache$EntryFactory$6                               : loaded 2 times (x 80B)
Class org.jetbrains.plugins.gradle.model.GradleExtension                              : loaded 2 times (x 67B)
Class org.gradle.internal.time.Timer                                                  : loaded 2 times (x 67B)
Class kotlin.jvm.internal.markers.KMappedMarker                                       : loaded 2 times (x 67B)
Class org.gradle.internal.installation.CurrentGradleInstallationLocator               : loaded 2 times (x 68B)
Class org.jetbrains.kotlin.gradle.plugin.diagnostics.UsesKotlinToolingDiagnosticsKt   : loaded 2 times (x 68B)
Class org.jetbrains.kotlin.gradle.tasks.configuration.BaseKotlinCompileConfig$2       : loaded 2 times (x 76B)
Class com.google.common.collect.Maps$KeySet                                           : loaded 2 times (x 134B)
Class org.jetbrains.kotlin.gradle.plugin.KotlinJvmFactory                             : loaded 2 times (x 67B)
Class org.jetbrains.kotlin.konan.target.KonanTarget$IOS_X64                           : loaded 2 times (x 75B)
Class org.jetbrains.kotlin.gradle.internal.IsInIdeaEnvironmentValueSource$Inject      : loaded 2 times (x 97B)
Class org.jetbrains.kotlin.gradle.plugin.mpp.InternalKotlinCompilation                : loaded 2 times (x 67B)
Class org.jetbrains.kotlin.gradle.utils.WhenEvaluatedKt                               : loaded 2 times (x 68B)
Class org.jetbrains.kotlin.gradle.targets.native.internal.AddKotlinPlatformIntegersSupportLibraryKt: loaded 2 times (x 68B)
Class org.jetbrains.kotlin.gradle.plugin.AbstractKotlinJsPluginWrapper                : loaded 2 times (x 83B)
Class org.jetbrains.kotlin.gradle.tasks.publishing.CheckSigningTask                   : loaded 2 times (x 333B)
Class org.jetbrains.kotlin.gradle.plugin.internal.MavenPublicationComponentAccessor   : loaded 2 times (x 67B)
Class org.jetbrains.kotlin.gradle.fus.BuildUidService                                 : loaded 2 times (x 77B)
Class org.jetbrains.kotlin.gradle.plugin.KotlinPluginWrapperKt                        : loaded 2 times (x 68B)
Class com.google.common.cache.LocalCache$EntryFactory$7                               : loaded 2 times (x 80B)
Class com.google.common.collect.ImmutableSet$EmptySetBuilderImpl                      : loaded 2 times (x 73B)
Class com.google.common.collect.ImmutableList                                         : loaded 2 times (x 203B)
Class org.gradle.tooling.internal.adapter.ProtocolToModelAdapter$ViewGraphDetails     : loaded 2 times (x 69B)
Class org.gradle.tooling.model.idea.IdeaProject                                       : loaded 2 times (x 67B)
Class org.gradle.tooling.model.DomainObjectSet                                        : loaded 2 times (x 67B)
Class org.gradle.internal.service.DefaultServiceLocator                               : loaded 2 times (x 80B)
Class jdk.internal.jrtfs.JrtDirectoryStream                                           : loaded 2 times (x 86B)
Class build_4aui4tclos8c9y2x8xnm6nb58                                                 : loaded 2 times (x 178B)
Class org.jetbrains.kotlin.compilerRunner.CompilerSystemPropertiesService$Companion$registerIfAbsent$1: loaded 2 times (x 72B)
Class org.jetbrains.kotlin.gradle.plugin.DefaultKotlinBasePlugin$addKotlinCompilerConfiguration$1: loaded 2 times (x 72B)
Class org.jetbrains.kotlin.gradle.plugin.diagnostics.checkers.WasmJsEnvironmentChecker: loaded 2 times (x 73B)
Class org.jetbrains.kotlin.gradle.plugin.diagnostics.checkers.AndroidPluginWithoutAndroidTargetChecker: loaded 2 times (x 71B)
Class org.jetbrains.kotlin.gradle.plugin.internal.DefaultProjectIsolationStartParameterAccessor_Decorated: loaded 2 times (x 122B)
Class org.jetbrains.kotlin.gradle.plugin.internal.ProjectIsolationStartParameterAccessorKt: loaded 2 times (x 68B)
Class org.jetbrains.kotlin.gradle.testing.internal.KotlinTestsRegistry                : loaded 2 times (x 69B)
Class com.google.common.cache.LocalCache$EntryFactory$8                               : loaded 2 times (x 80B)
Class com.google.common.collect.ImmutableSet$SetBuilderImpl                           : loaded 2 times (x 73B)
Class org.jetbrains.plugins.gradle.model.FilePatternSet                               : loaded 2 times (x 67B)
Class kotlin.coroutines.jvm.internal.SuspendFunction                                  : loaded 2 times (x 67B)
Class org.gradle.util.GradleVersion                                                   : loaded 2 times (x 80B)
Class org.gradle.internal.installation.CurrentGradleInstallation                      : loaded 2 times (x 70B)
Class org.jetbrains.kotlin.gradle.plugin.mpp.InternalKotlinCompilationKt$awaitAllKotlinSourceSets$1: loaded 2 times (x 85B)
Class org.jetbrains.kotlin.gradle.plugin.sources.DefaultKotlinSourceSet$special$$inlined$Iterable$1: loaded 2 times (x 76B)
Class org.jetbrains.kotlin.gradle.plugin.mpp.compilationImpl.factory.KotlinCompilationImplFactory$KotlinCompilerOptionsFactory$Options: loaded 2 times (x 69B)
Class org.jetbrains.kotlin.gradle.plugin.diagnostics.ToolingDiagnosticRenderingOptionsKt: loaded 2 times (x 68B)
Class org.jetbrains.kotlin.gradle.plugin.KotlinCompilation                            : loaded 2 times (x 67B)
Class org.jetbrains.kotlin.gradle.tasks.publishing.HelpersKt                          : loaded 2 times (x 68B)
Class org.jetbrains.kotlin.gradle.plugin.KotlinTargetConfiguratorKt                   : loaded 2 times (x 68B)
Class org.jetbrains.kotlin.gradle.targets.native.internal.PlatformLibrariesGenerator  : loaded 2 times (x 69B)
Class org.jetbrains.kotlin.tooling.core.Extras$Type$Companion                         : loaded 2 times (x 68B)
Class com.google.common.cache.CacheLoader$1                                           : loaded 2 times (x 72B)
Class com.google.common.collect.ForwardingObject                                      : loaded 2 times (x 69B)
Class com.google.common.collect.ImmutableList$SubList                                 : loaded 2 times (x 206B)
Class org.jetbrains.plugins.gradle.tooling.serialization.GradleExtensionsSerializationService$WriteContext: loaded 2 times (x 69B)
Class com.intellij.gradle.toolingExtension.impl.model.taskModel.GradleTaskSerialisationService$Companion: loaded 2 times (x 68B)
Class kotlin.coroutines.intrinsics.IntrinsicsKt__IntrinsicsJvmKt                      : loaded 2 times (x 68B)
Class kotlin.coroutines.jvm.internal.CoroutineStackFrame                              : loaded 2 times (x 67B)
Class org.gradle.tooling.internal.adapter.ProtocolToModelAdapter$MethodInvocationCache$MethodInvocationKey: loaded 2 times (x 70B)
Class org.gradle.util.internal.GUtil                                                  : loaded 2 times (x 68B)
Class org.jetbrains.kotlin.gradle.plugin.mpp.InternalKotlinTargetKt$isSourcesPublishableFuture$2: loaded 2 times (x 92B)
Class org.jetbrains.kotlin.gradle.plugin.mpp.KotlinCompilationFactory                 : loaded 2 times (x 67B)
Class org.jetbrains.kotlin.gradle.dsl.IosSourceSetConventionChecker$runChecks$1       : loaded 2 times (x 85B)
Class org.jetbrains.kotlin.gradle.plugin.mpp.AbstractKotlinCompilation                : loaded 2 times (x 188B)
Class org.jetbrains.kotlin.gradle.plugin.diagnostics.checkers.UnusedSourceSetsChecker : loaded 2 times (x 71B)
Class org.jetbrains.kotlin.gradle.utils.Future                                        : loaded 2 times (x 67B)
Class com.google.common.cache.AbstractCache$StatsCounter                              : loaded 2 times (x 67B)
Class com.intellij.gradle.toolingExtension.impl.model.sourceSetModel.GradleSourceSetSerialisationService$SourceSetModelReadContext: loaded 2 times (x 69B)
Class com.intellij.gradle.toolingExtension.impl.model.utilTurnOffDefaultTasksModel.TurnOffDefaultTasks: loaded 2 times (x 67B)
Class kotlin.collections.CollectionsKt                                                : loaded 2 times (x 68B)
Class org.jetbrains.kotlin.gradle.plugin.attributes.KlibPackaging                     : loaded 2 times (x 67B)
Class org.jetbrains.kotlin.gradle.plugin.mpp.KotlinTargetSoftwareComponentImplKt      : loaded 2 times (x 68B)
Class org.jetbrains.kotlin.gradle.internal.abi.AbiFiltersSpecImpl                     : loaded 2 times (x 83B)
Class org.jetbrains.kotlin.gradle.targets.js.dsl.KotlinJsSubTargetContainerDsl        : loaded 2 times (x 67B)
Class org.jetbrains.kotlin.tooling.core.MutableExtrasImpl$Companion                   : loaded 2 times (x 68B)
Class org.jetbrains.kotlin.gradle.internal.ClassLoadersCachingBuildService$Parameters : loaded 2 times (x 67B)
Class org.jetbrains.kotlin.gradle.plugin.internal.ProjectIsolationStartParameterAccessor: loaded 2 times (x 67B)
Class org.jetbrains.kotlin.gradle.plugin.KotlinGradleBuildServices$Companion$registerIfAbsent$1: loaded 2 times (x 72B)
Class org.jetbrains.kotlin.gradle.utils.StoredProperty                                : loaded 2 times (x 67B)
Class com.google.common.collect.Iterators$MergingIterator                             : loaded 2 times (x 78B)
Class com.google.common.collect.RegularImmutableSet                                   : loaded 2 times (x 146B)
Class com.intellij.gradle.toolingExtension.impl.model.sourceSetModel.GradleSourceSetSerialisationService$SourceSetModelWriteContext: loaded 2 times (x 69B)
Class kotlin.coroutines.CoroutineContext                                              : loaded 2 times (x 67B)
Class kotlin.coroutines.jvm.internal.DebugProbesKt                                    : loaded 2 times (x 68B)
Class org.gradle.tooling.internal.adapter.WeakIdentityHashMap                         : loaded 2 times (x 73B)
Class org.gradle.tooling.GradleConnectionException                                    : loaded 2 times (x 79B)
Class org.gradle.tooling.internal.adapter.ProtocolToModelAdapter$1                    : loaded 2 times (x 72B)
Class org.gradle.tooling.internal.adapter.ProtocolToModelAdapter$ViewDecoration       : loaded 2 times (x 67B)
Class org.gradle.internal.installation.GradleInstallation                             : loaded 2 times (x 72B)
Class jdk.internal.jimage.decompressor.ResourceDecompressor$StringsProvider           : loaded 2 times (x 67B)
Class org.jetbrains.kotlin.gradle.plugin.mpp.compilationImpl.factory.KotlinCompilationImplFactory$create$1: loaded 2 times (x 72B)
Class org.jetbrains.kotlin.gradle.tasks.KotlinJavaToolchain                           : loaded 2 times (x 67B)
Class org.jetbrains.kotlin.gradle.plugin.internal.CompatibilityConventionRegistrar    : loaded 2 times (x 67B)
Class org.jetbrains.kotlin.gradle.plugin.AndroidGradlePluginVersion                   : loaded 2 times (x 72B)
Class com.google.common.collect.Iterables                                             : loaded 2 times (x 68B)
Class org.jetbrains.plugins.gradle.tooling.serialization.GradleExtensionsSerializationService$ReadContext: loaded 2 times (x 69B)
Class org.gradle.tooling.internal.adapter.MethodInvoker                               : loaded 2 times (x 67B)
Class build_5h84n3wjbradfpmv6flxns9wl                                                 : loaded 2 times (x 177B)
Class org.jetbrains.kotlin.gradle.plugin.mpp.KotlinJvmCompilation                     : loaded 2 times (x 197B)
Class org.jetbrains.kotlin.gradle.plugin.KotlinCompilation$Companion                  : loaded 2 times (x 68B)
Class org.jetbrains.kotlin.konan.target.KonanTarget$WATCHOS_ARM64                     : loaded 2 times (x 75B)
Class org.jetbrains.kotlin.konan.target.KonanTarget$MACOS_ARM64                       : loaded 2 times (x 75B)
Class org.jetbrains.kotlin.gradle.plugin.diagnostics.checkers.OverriddenKotlinNativeHomeChecker: loaded 2 times (x 71B)
Class org.jetbrains.kotlin.gradle.artifacts.KotlinJvmJarArtifactKt$KotlinJvmJarArtifact$1: loaded 2 times (x 71B)
Class org.jetbrains.kotlin.gradle.targets.native.SetupEmbedAndSignAppleFrameworkTaskSideEffectKt: loaded 2 times (x 68B)
Class org.jetbrains.kotlin.gradle.plugin.KotlinProjectSetupActionKt$KotlinProjectSetupCoroutine$1: loaded 2 times (x 72B)
Class org.jetbrains.kotlin.gradle.dsl.ToolchainSupport$Companion                      : loaded 2 times (x 68B)
Class org.jetbrains.kotlin.gradle.plugin.KotlinSourceSet                              : loaded 2 times (x 67B)
Class org.jetbrains.plugins.gradle.tooling.serialization.RepositoriesModelSerializationService$WriteContext: loaded 2 times (x 69B)

---------------  S Y S T E M  ---------------

OS:
 Windows 11 , 64 bit Build 22621 (10.0.22621.3958)
OS uptime: 0 days 16:16 hours

CPU: total 4 (initial active 4) (2 cores per cpu, 2 threads per core) family 6 model 69 stepping 1 microcode 0x26, cx8, cmov, fxsr, ht, mmx, sse, sse2, sse3, ssse3, sse4.1, sse4.2, popcnt, lzcnt, tsc, tscinvbit, avx, avx2, aes, erms, clmul, bmi1, bmi2, fma, vzeroupper, clflush, rdtscp, f16c
Processor Information for all 4 processors :
  Max Mhz: 2601, Current Mhz: 2601, Mhz Limit: 2601

Memory: 4k page, system-wide physical 8100M (309M free)
TotalPageFile size 32676M (AvailPageFile size 102M)
current process WorkingSet (physical memory assigned to process): 411M, peak: 1953M
current process commit charge ("private bytes"): 4399M, peak: 4402M

vm_info: OpenJDK 64-Bit Server VM (21.0.3+-12282718-b509.11) for windows-amd64 JRE (21.0.3+-12282718-b509.11), built on 2024-08-27T17:34:15Z by "builder" with MS VC++ 16.10 / 16.11 (VS2019)

END.
